seller_id,review_count,avg_review_score,neg_review_rate,neg_sentiment_rate,avg_order_value,avg_item_price,avg_freight,late_delivery_rate,confidence
0015a82c2db000af6aaaf3ae2ecb0532,1.0,1.0,1.0,1.0,916.02,895.0,21.02,0.0,LOW-N
001cca7ae9ae17fb1caed9dfb1094831,92.0,3.517543859649123,0.3157894736842105,0.35964912280701755,142.0982456140351,104.96736842105264,37.13087719298247,0.043859649122807015,HIGH
001e6ad469a905060d959994f1b41e4f,1.0,1.0,1.0,1.0,267.94,250.0,17.94,0.0,LOW-N
002100f778ceb8431b7a1020ff7ab48f,16.0,3.411764705882353,0.29411764705882354,0.23529411764705882,35.871764705882356,20.547058823529408,15.32470588235294,0.23529411764705882,LOW-N
004c9cd9d87a3c30c522c48c4fc07416,60.0,3.712121212121212,0.25757575757575757,0.22727272727272727,142.6290909090909,121.57696969696968,21.05212121212121,0.10606060606060606,HIGH
00720abe85ba0859807595bbf045a33b,5.0,2.8461538461538463,0.3076923076923077,0.6923076923076923,45.53692307692308,33.0923076923077,12.444615384615386,0.15384615384615385,LOW-N
00d8b143d12632bad99c0ad66ad52825,1.0,5.0,0.0,0.0,137.1,86.0,51.1,0.0,LOW-N
00ee68308b45bc5e2660cd833c3f81cc,50.0,3.953846153846154,0.2,0.13846153846153847,155.85769230769228,137.03076923076924,18.826923076923077,0.1076923076923077,HIGH
00fc707aaaad2d31347cf883cd2dfe10,44.0,2.8676470588235294,0.4411764705882353,0.36764705882352944,106.12308823529412,88.33823529411765,17.78485294117647,0.07352941176470588,HIGH
010da0602d7774602cd1b3f5fb7b709e,1.0,1.0,1.0,1.0,215.95,169.9,46.05,0.0,LOW-N
01266d4c46afa519678d16a8b683d325,1.0,5.0,0.0,0.0,23.35,9.88,13.47,0.0,LOW-N
013900e863eace745d3ec7614cab5b1a,8.0,4.888888888888889,0.0,0.0,78.38888888888889,59.43333333333333,18.955555555555556,0.0,LOW-N
014c0679dd340a0e338872e7ec85666a,8.0,3.111111111111111,0.3333333333333333,0.1111111111111111,567.0444444444444,522.6666666666666,44.37777777777777,0.2222222222222222,LOW-N
014d9a685fd57276679edd00e07089e5,4.0,3.0,0.5,0.25,89.285,74.99,14.295,0.0,LOW-N
0176f73cc1195f367f7b32db1e5b3aa8,15.0,3.625,0.3125,0.1875,133.8675,108.15,25.7175,0.125,LOW-N
01bcc9d254a0143f0ce9791b960b2a47,6.0,4.5,0.0,0.0,160.56333333333336,139.44500000000002,21.118333333333336,0.0,LOW-N
01c97ebb5cdac52891c0ed1c37ba0012,2.0,3.0,0.6666666666666666,0.6666666666666666,47.56666666666666,29.399999999999995,18.166666666666668,0.0,LOW-N
01cf7e3d21494c41fb86034f2e714fa1,24.0,3.9642857142857144,0.21428571428571427,0.2857142857142857,209.4675,174.60321428571424,34.864285714285714,0.10714285714285714,LOW-N
01ed254b9ff8407dfb9d99ba1e17d923,1.0,5.0,0.0,0.0,352.94,339.0,13.94,0.0,LOW-N
01fd077212124329bac32490e8ef80d9,12.0,3.3076923076923075,0.3076923076923077,0.46153846153846156,46.3076923076923,30.923076923076923,15.384615384615383,0.0,LOW-N
01fdefa7697d26ad920e9e0346d4bd1b,48.0,4.0,0.14,0.22,146.5654,123.60959999999999,22.955800000000004,0.12,HIGH
0241d4d5d36f10f80c644447315af0bd,89.0,3.8854166666666665,0.25,0.20833333333333334,155.16166666666666,124.55625000000002,30.605416666666667,0.0625,HIGH
0249d282d911d23cb8b869ab49c99f53,6.0,4.0,0.3333333333333333,0.16666666666666666,40.324999999999996,26.416666666666668,13.908333333333331,0.16666666666666666,LOW-N
024b564ae893ce8e9bfa02c10a401ece,2.0,4.75,0.0,0.0,114.80000000000001,88.30000000000001,26.5,0.0,LOW-N
02a2272692e13558373c66db98f05e2e,1.0,1.0,1.0,1.0,44.51,29.99,14.52,0.0,LOW-N
02b72cdeb9cfcc429f1af6f4e3f3b737,2.0,5.0,0.0,0.0,185.95000000000002,129.075,56.875,0.0,LOW-N
02c988090b766852e088c69d7fb3b551,4.0,5.0,0.0,0.0,82.8875,71.0975,11.79,0.0,LOW-N
02d35243ea2e497335cd0f076b45675d,7.0,2.25,0.5,0.875,293.19375,260.25,32.943749999999994,0.25,LOW-N
02dcd3e8e25bee036e32512bcf175493,4.0,3.0,0.5,0.0,104.49833333333333,82.33333333333333,22.165000000000003,0.5,LOW-N
02ecc2a19303f05e59ce133fd923fff7,4.0,5.0,0.0,0.0,229.1075,212.825,16.282500000000002,0.0,LOW-N
02f5837340d7eb4f653d676c7256523a,15.0,4.733333333333333,0.06666666666666667,0.06666666666666667,149.80733333333333,128.59133333333335,21.216000000000005,0.06666666666666667,LOW-N
02f623a8eb246f3c5f7c2f96462654e6,13.0,4.076923076923077,0.15384615384615385,0.38461538461538464,172.42923076923077,151.53846153846155,20.89076923076923,0.15384615384615385,LOW-N
0307f7565ff85b299b6e5ef162b1b1a9,4.0,2.75,0.5,0.75,453.75,420.45000000000005,33.300000000000004,0.0,LOW-N
0336182e1b3e92f029d5354832045fdf,1.0,2.0,1.0,0.0,23.685000000000002,14.9,8.785,0.0,LOW-N
034b9387752bfa309f350a70cd45ffa3,2.0,4.5,0.0,0.0,27.92,12.0,15.92,0.0,LOW-N
038b75b729c8a9a04b0d07cba7eabe86,1.0,3.0,0.0,0.0,281.96,233.5,48.46,1.0,LOW-N
039b29ff3b3473435d0cd59040575de9,1.0,5.0,0.0,0.0,21.69,14.3,7.39,0.0,LOW-N
039e6ad9dae79614493083e241147386,1.0,5.0,0.0,0.0,2616.0,2550.0,66.0,0.0,LOW-N
03a2a6dcbe45d639c4dc2a0d24769c40,4.0,4.25,0.0,0.0,137.0425,120.285,16.7575,0.25,LOW-N
03bd479e1d9484cdb14104d3023f7321,1.0,3.0,0.0,0.0,140.89000000000001,119.9,20.99,0.0,LOW-N
0417b067eeab773d2f7061a726dc477f,5.0,3.2,0.4,0.2,153.006,99.732,53.274,0.6,LOW-N
042573af89b6d931f672efaf789d8358,1.0,5.0,0.0,0.0,206.42000000000002,174.99,31.43,0.0,LOW-N
04308b1ee57b6625f47df1d56f00eedf,35.0,3.1714285714285713,0.4,0.22857142857142856,727.9777142857141,698.2142857142859,29.763428571428573,0.08571428571428572,HIGH
0432ead42b6c8a0bdf68154add917fdf,31.0,4.15625,0.1875,0.21875,102.478125,88.9625,13.515625,0.0625,HIGH
048c2757535328e0d7dac690ad3c0aae,25.0,4.08,0.24,0.12,212.2652,187.0392,25.226000000000003,0.16,LOW-N
04aa0a1c5ce6b222003403a3e11c3cc0,6.0,3.0,0.4166666666666667,0.08333333333333333,344.6133333333334,300.5,44.11333333333334,0.08333333333333333,LOW-N
04aba03279157f6d4e0fe8ccaf21963c,9.0,4.0,0.2222222222222222,0.0,182.14888888888888,156.65555555555557,25.493333333333332,0.1111111111111111,LOW-N
04e38a233f726ef161074ab1c9b0399a,10.0,3.5,0.3,0.0,71.924,53.1,18.824,0.2,LOW-N
04ee0ec01589969663ba5967c0e0bdc0,1.0,5.0,0.0,0.0,314.32,289.49,24.83,0.0,LOW-N
04fdea0c111866e6cf812f1570d6b5bd,5.0,2.6,0.4,0.4,137.678,116.0,21.678,0.2,LOW-N
0509040ea3fe50071181bbc359eb7738,32.0,4.314285714285714,0.02857142857142857,0.14285714285714285,51.18942857142857,36.64971428571429,14.539714285714288,0.02857142857142857,HIGH
052577151711aec5c744fe12e66db3e1,3.0,2.6666666666666665,0.6666666666666666,0.3333333333333333,746.9233333333333,687.0,59.923333333333325,0.0,LOW-N
054694fa03fe82cec4b7551487331d74,12.0,3.1538461538461537,0.3076923076923077,0.46153846153846156,510.86153846153854,477.7692307692308,33.092307692307685,0.15384615384615385,LOW-N
056b4ada5bbc2c50cc7842547dda6b51,26.0,3.888888888888889,0.25925925925925924,0.14814814814814814,196.04,173.69444444444446,22.345555555555556,0.1111111111111111,LOW-N
0570350b23eda5444f8d1d9544932058,2.0,5.0,0.0,0.0,67.40714285714286,56.89999999999999,10.507142857142856,0.0,LOW-N
05730013efda596306417c3b09302475,1.0,5.0,0.0,0.0,300.65,238.0,62.65,0.0,LOW-N
058cb5aeb36d7c0fcae20fc85d5e0a59,4.0,1.8,0.8,0.2,101.16999999999999,73.2,27.97,0.2,LOW-N
058fd0aa2bfdb2274e05e1ae971dabb6,16.0,3.5,0.3125,0.125,143.57937500000003,126.78125,16.798125,0.1875,LOW-N
05a940b4ecae36cadfd8e93bd9c43257,5.0,3.4,0.4,0.2,134.868,115.89999999999998,18.967999999999996,0.0,LOW-N
05aebce0b5c8f0d41b29b686f2d05fd3,1.0,5.0,0.0,0.0,44.33,34.99,9.34,0.0,LOW-N
05d2173d43ea568aa0540eba70d2ca76,28.0,3.46875,0.34375,0.09375,93.293125,66.9128125,26.380312500000002,0.0625,LOW-N
05e107217c7266362fd44b75b2cd4cc4,1.0,5.0,0.0,0.0,115.51,94.9,20.61,0.0,LOW-N
05f51e13da97139648b8125c31e5f51b,28.0,3.5714285714285716,0.32142857142857145,0.25,249.88642857142852,216.67428571428565,33.21214285714286,0.25,LOW-N
05feb94f19d094d4b0f9281f0b1d4c99,2.0,4.5,0.0,0.5,1617.12,1494.0,123.12,0.0,LOW-N
05ff92fedb5be47920fea08e501238b9,24.0,3.8,0.16,0.12,399.1036000000001,370.53280000000007,28.570799999999995,0.04,LOW-N
062ce95fa2ad4dfaedfc79260130565f,20.0,3.090909090909091,0.36363636363636365,0.2727272727272727,131.94000000000003,111.12727272727274,20.812727272727276,0.045454545454545456,LOW-N
06532f10282704ef4c69168b914b77be,4.0,3.75,0.25,0.0,1235.5874999999999,1159.3875,76.2,0.0,LOW-N
06579cb253ecd5a3a12a9e6eb6bf8f47,24.0,3.161290322580645,0.41935483870967744,0.25806451612903225,85.04354838709679,67.77096774193551,17.272580645161295,0.22580645161290322,LOW-N
066a6914e1ebf3ea95a216c73a986b91,29.0,3.5294117647058822,0.2647058823529412,0.2647058823529412,145.9035294117647,121.25088235294119,24.652647058823533,0.08823529411764706,LOW-N
0691148aee60ca47977c187804f935ae,19.0,3.272727272727273,0.36363636363636365,0.4090909090909091,83.88681818181819,62.865,21.02181818181818,0.09090909090909091,LOW-N
06a2c3af7b3aee5d69171b0e14f0ee87,192.0,3.7448979591836733,0.22448979591836735,0.21428571428571427,120.43255102040816,90.28591836734694,30.146632653061225,0.27040816326530615,HIGH
06bb3a2fe5e7b7a845b13e8fb91bd944,5.0,4.8,0.0,0.0,113.78799999999998,99.72,14.068000000000001,0.0,LOW-N
06df0c10d34e459d9672bc77388742eb,9.0,3.6363636363636362,0.18181818181818182,0.09090909090909091,320.7509090909091,303.54545454545456,17.205454545454547,0.09090909090909091,LOW-N
06e5eefc71ec47ae763c5c6f8db7064f,32.0,3.2941176470588234,0.38235294117647056,0.4117647058823529,253.1620588235294,230.2744117647059,22.887647058823525,0.0,HIGH
07017df32dc5f2f1d2801e579548d620,3.0,4.0,0.3333333333333333,0.0,136.38333333333333,115.3,21.083333333333332,0.0,LOW-N
070d165398b553f3b4b851c216b8a358,18.0,3.2916666666666665,0.375,0.20833333333333334,116.18416666666667,88.47875,27.705416666666668,0.125,LOW-N
0725b8c0f3f906e58f70cbe76b7c748c,8.0,1.8823529411764706,0.7058823529411765,0.23529411764705882,69.68882352941176,50.13294117647059,19.555882352941175,0.29411764705882354,LOW-N
0747d5bb69f0586cc869d8af4c50f93e,3.0,2.3333333333333335,0.6666666666666666,0.6666666666666666,37.696666666666665,23.899999999999995,13.796666666666667,0.0,LOW-N
0761743cbffb25d7148189e9f1a5f03a,2.0,4.166666666666667,0.0,0.0,48.19166666666666,35.8,12.391666666666666,0.0,LOW-N
077c5fae4bea9500e3737b16f71b9d3a,2.0,4.0,0.0,0.0,20.19,7.5,12.69,0.0,LOW-N
0791d9fc1e30678ecf03d3e55fa108d3,1.0,1.0,1.0,1.0,90.73333333333333,75.33333333333333,15.4,0.0,LOW-N
079d295dcbf06ee8bb1b65ba964eb2b6,1.0,4.0,0.0,0.0,46.0,28.0,18.0,0.0,LOW-N
07a9bc7f61396b658ddf3ac534efe44c,1.0,4.0,0.0,0.0,135.49,119.9,15.59,0.0,LOW-N
07bf9669d84d1f11be443a9dd938f698,8.0,2.076923076923077,0.7692307692307693,0.15384615384615385,94.5676923076923,66.46153846153847,28.106153846153852,0.0,LOW-N
07d75e33f2750d97d467fb57e4dfdd8a,2.0,2.5,0.5,0.5,379.795,361.2,18.595,0.0,LOW-N
07de60b03d150fb3ea09eab5da5e4c8b,5.0,4.2,0.2,0.0,96.84200000000001,79.1,17.741999999999997,0.0,LOW-N
07e8e8fc5222bb358e6f259da3197074,1.0,3.0,0.0,1.0,41.18,25.9,15.28,0.0,LOW-N
080102cd0a76b09e0dcf55fcacc60e05,42.0,4.27906976744186,0.11627906976744186,0.13953488372093023,66.74720930232557,48.18488372093023,18.56232558139535,0.046511627906976744,HIGH
080199a181c46c657dc5aa235411be3b,13.0,4.428571428571429,0.07142857142857142,0.14285714285714285,180.92000000000002,167.81214285714285,13.107857142857142,0.07142857142857142,LOW-N
08061dc0fc165ed41288cc7acde738ee,2.0,5.0,0.0,0.0,55.879999999999995,43.45,12.43,0.0,LOW-N
08084d990eb3f53af056ccbc1730c8a7,4.0,4.5,0.0,0.25,55.1625,34.65,20.5125,0.0,LOW-N
081acf3de680d554796c9cf041be7bc2,2.0,4.333333333333333,0.16666666666666666,0.0,149.67666666666668,124.65000000000002,25.02666666666667,0.0,LOW-N
082e0bf4cb865a6533b1e8e498cc0255,7.0,3.0,0.3888888888888889,0.2777777777777778,139.48166666666668,93.83333333333333,45.64833333333333,0.16666666666666666,LOW-N
085f6f7e049c996695fb2074fe38d45e,3.0,3.0,0.4,0.0,29.05,13.16,15.889999999999997,0.0,LOW-N
08633c14ef2db992c11f840f04fad4cd,26.0,4.03030303030303,0.15151515151515152,0.24242424242424243,92.99060606060607,78.84545454545454,14.145151515151516,0.06060606060606061,LOW-N
0873d9f8f36123f8d910f4760e788cfb,4.0,2.75,0.5,0.75,1210.7125,1189.2775000000001,21.435000000000002,0.75,LOW-N
0885aaf116795758dfeb5f1032487bcd,12.0,3.5833333333333335,0.25,0.16666666666666666,105.16250000000001,89.81666666666666,15.345833333333333,0.0,LOW-N
0887a9f087bcd5d9f6642b52f897fc6c,6.0,4.166666666666667,0.0,0.16666666666666666,136.44,119.0,17.44,0.16666666666666666,LOW-N
08ad4ac1388e4420ca531c3edfc46198,3.0,3.0,0.5,0.75,41.8775,28.5475,13.33,0.0,LOW-N
08cdbae123ff67ca4e36d9d641ce0119,3.0,3.0,0.6666666666666666,0.0,523.4133333333334,432.6666666666667,90.74666666666667,0.6666666666666666,LOW-N
08d0949a9a17c027262db1f3c450c26c,5.0,2.6,0.6,0.8,45.772000000000006,26.5,19.272,0.0,LOW-N
08d2d642cf72b622b14dde1d2f5eb2f5,7.0,3.857142857142857,0.0,0.2857142857142857,74.9557142857143,56.95714285714285,17.998571428571427,0.42857142857142855,LOW-N
08f5819815f3d06545011850bd70f0a8,2.0,5.0,0.0,0.0,175.835,150.0,25.835,0.0,LOW-N
091065b789659bc3cd9af9cb3a6253ff,1.0,2.0,1.0,1.0,734.14,669.0,65.14,0.0,LOW-N
093805f8f2aeb63881444571e1f48f30,9.0,3.0,0.45454545454545453,0.36363636363636365,59.70727272727272,45.812727272727265,13.894545454545455,0.09090909090909091,LOW-N
094ced053e257ae8cae57205592d6712,7.0,3.2857142857142856,0.2857142857142857,0.42857142857142855,101.5542857142857,81.25714285714285,20.29714285714286,0.0,LOW-N
09883d9ab71c8fe8a9bfc7fc3075b07e,4.0,3.0,0.5,0.25,82.77250000000001,67.4,15.372499999999999,0.25,LOW-N
099095b050cfe8eb1ddff5317587e96e,8.0,2.090909090909091,0.7272727272727273,0.45454545454545453,331.7336363636364,295.7199999999999,36.01363636363636,0.18181818181818182,LOW-N
09bad886111255c5b5030314fc7f1a4a,3.0,5.0,0.0,0.0,112.02,97.5,14.520000000000001,0.0,LOW-N
09f952a5f58d2285b0372551ae8f9b01,21.0,3.28,0.32,0.36,214.4696,188.086,26.3836,0.04,LOW-N
0a85ebe4e328db81ac9109781205e2f7,1.0,5.0,0.0,0.0,66.67,59.0,7.67,0.0,LOW-N
0aa124728afc1131dff5655f4c6f487b,1.0,1.0,1.0,1.0,893.16,799.0,94.16,0.0,LOW-N
0aa2205ca24f113f4658a5c536667426,1.0,1.0,1.0,1.0,48.31,31.99,16.319999999999997,0.0,LOW-N
0ac4201fda2c68ebc0e47cb9423cf3c9,5.0,3.2,0.4,0.4,283.43600000000004,263.394,20.042,0.2,LOW-N
0ad80de75c811326389cfb1daba7d45e,2.0,5.0,0.0,0.0,219.67000000000002,199.9,19.770000000000003,0.0,LOW-N
0adac9fbd9a2b63cccaac4f8756c1ca8,38.0,3.2586206896551726,0.2413793103448276,0.3448275862068966,144.25810344827588,126.24706896551723,18.011034482758618,0.05172413793103448,HIGH
0aea4c6ae1505b3228ddf3dd7822ee5b,2.0,2.0,0.5,0.0,165.07999999999998,138.99,26.090000000000003,1.0,LOW-N
0af2ab31141893d26aca5a404a537dab,1.0,5.0,0.0,0.0,74.51,59.0,15.51,0.0,LOW-N
0af977692321d895349eded183341d28,1.0,5.0,0.0,0.0,101.39,92.0,9.39,0.0,LOW-N
0afccdb8a34ee5c79f7c06faf2b4d56e,10.0,3.7,0.2,0.2,58.992,43.49999999999999,15.492,0.1,LOW-N
0b09101900100c0e9d312861fad5a1b9,1.0,4.0,0.0,1.0,168.36,153.75,14.61,0.0,LOW-N
0b0ddbc7b9d9584f442c7ac92b0ff6c9,3.0,4.666666666666667,0.0,0.0,516.88,472.25333333333333,44.626666666666665,0.0,LOW-N
0b18d63d0cd1d723567903fd34a07df2,5.0,4.571428571428571,0.0,0.2857142857142857,209.69571428571427,188.78285714285715,20.912857142857142,0.0,LOW-N
0b35c634521043bf4b47e21547b99ab5,26.0,3.1578947368421053,0.4473684210526316,0.42105263157894735,217.87894736842105,200.03052631578944,17.84842105263158,0.15789473684210525,LOW-N
0b90b6df587eb83608a64ea8b390cf07,56.0,3.1527777777777777,0.4305555555555556,0.2916666666666667,187.09513888888887,170.07638888888889,17.01875,0.05555555555555555,HIGH
0bae85eb84b9fb3bd773911e89288d54,47.0,4.078431372549019,0.11764705882352941,0.17647058823529413,73.07470588235294,53.690588235294115,19.384117647058826,0.0196078431372549,HIGH
0bb738e4d789e63e2267697c42d35a2d,17.0,4.666666666666667,0.0,0.2777777777777778,114.81611111111111,92.25,22.566111111111113,0.05555555555555555,LOW-N
0be8ff43f22e456b4e0371b2245e4d01,68.0,3.36,0.36,0.26666666666666666,85.92346666666667,71.67599999999997,14.247466666666666,0.04,HIGH
0bebbb2cea103a4a020c95d43fd7d754,2.0,5.0,0.0,0.5,183.66000000000003,165.9,17.759999999999998,0.0,LOW-N
0bf0150d5b9d60d9cd2906003332f085,22.0,3.4594594594594597,0.2972972972972973,0.10810810810810811,106.88729729729732,89.79459459459461,17.092702702702702,0.10810810810810811,LOW-N
0bfd0b434243adc5c2e1aa6baf19c6aa,2.0,3.0,0.5,0.5,48.785000000000004,38.2,10.584999999999999,0.0,LOW-N
0c7533c71df861ec58ad7ff999ed0e8d,27.0,3.84375,0.25,0.40625,52.8,41.459375,11.340625,0.0625,LOW-N
0c7f30ae9b147eca07affbef92832a6a,2.0,5.0,0.0,0.0,114.06,94.9,19.16,0.0,LOW-N
0c8380b62e38e8a1e6adbeba7eb9688c,81.0,3.7009345794392523,0.2803738317757009,0.2336448598130841,96.066261682243,77.02327102803739,19.042990654205607,0.06542056074766354,HIGH
0cab2da43793a6f3c5ed8514c5f54627,2.0,5.0,0.0,0.0,139.29000000000002,119.9,19.39,0.0,LOW-N
0cbcee27c791afa0cdcb08587a2013a8,22.0,3.5217391304347827,0.30434782608695654,0.2608695652173913,148.86739130434782,129.7891304347826,19.07826086956522,0.08695652173913043,LOW-N
0d33a55da925bbf1ff02af5f6059fc7f,7.0,4.75,0.0,0.0,40.42125,23.6,16.82125,0.0,LOW-N
0d83f8e03188682112cc0d93523705cc,2.0,1.8,0.8,0.8,104.96000000000001,88.9,16.06,0.8,LOW-N
0d85bbda9889ce1f7e63778d24f346eb,23.0,3.6956521739130435,0.21739130434782608,0.2608695652173913,115.32260869565216,87.63913043478264,27.68347826086956,0.17391304347826086,LOW-N
0daf5180aa44356f60f8effa533b55a2,1.0,5.0,0.0,0.0,59.09,39.9,19.19,1.0,LOW-N
0db783cfcd3b73998abc6e10e59a102f,49.0,3.68,0.28,0.26,81.634,66.102,15.532,0.08,HIGH
0dd184061fb0eaa7ca37932c68ab91c5,55.0,3.236111111111111,0.3472222222222222,0.2361111111111111,123.53083333333335,96.45805555555555,27.072777777777777,0.1111111111111111,HIGH
0ddefe3c7a032b91f4e25b9c3a08fca1,3.0,4.333333333333333,0.0,0.3333333333333333,55.903333333333336,41.56666666666667,14.336666666666668,0.0,LOW-N
0df3984f9dfb3d49ac6366acbd3bbb85,25.0,3.576923076923077,0.3076923076923077,0.038461538461538464,135.57423076923078,119.55653846153847,16.017692307692307,0.0,LOW-N
0dfbed20065e425d2eaefb101f9816c0,1.0,1.0,1.0,1.0,52.22,33.99,18.23,0.0,LOW-N
0e44d110fa6a54e121cb2c095a77762f,3.0,3.6666666666666665,0.3333333333333333,0.3333333333333333,22.866666666666664,13.523333333333333,9.343333333333334,0.3333333333333333,LOW-N
0e982cff76cc0579f632cea8a0e38c9d,4.0,4.2,0.0,0.0,134.0,119.2,14.8,0.0,LOW-N
0ea22c1cfbdc755f86b9b54b39c16043,95.0,4.077669902912621,0.1262135922330097,0.1650485436893204,54.764854368932035,37.61844660194175,17.14640776699029,0.009708737864077669,HIGH
0eaa7e33d73809f1f925f7d07c506cbd,3.0,5.0,0.0,0.0,111.07000000000001,94.33333333333333,16.736666666666668,0.0,LOW-N
0ebd97a106433a45a4aebe57c1799778,14.0,4.285714285714286,0.14285714285714285,0.07142857142857142,116.22285714285717,93.47142857142858,22.751428571428566,0.0,LOW-N
0ec28cec4046a4a199b6de9b4c891d97,2.0,5.0,0.0,0.5,117.78,98.4,19.38,0.0,LOW-N
0ed6ce5d87fd9c69eaacaeb778d67235,15.0,4.333333333333333,0.06666666666666667,0.2,61.208,46.11799999999999,15.089999999999998,0.2,LOW-N
0ef83d7d83ed97cd2a0049ac8be5f88a,16.0,3.7,0.35,0.25,104.261,86.928,17.333,0.05,LOW-N
0f0c984a4a955310903b6b6008660bad,3.0,3.3333333333333335,0.3333333333333333,0.3333333333333333,123.73,93.55333333333333,30.176666666666666,0.3333333333333333,LOW-N
0f519b0d2e5eb2227c93dd25038bfc01,1.0,5.0,0.0,0.0,102.9,79.9,23.0,0.0,LOW-N
0f7eea709efdf942b5f95c7516dbacd7,2.0,4.0,0.0,1.0,95.41499999999999,82.37,13.045,0.0,LOW-N
0f94588695d71662beec8d883ffacf09,1.0,5.0,0.0,0.0,27.59,9.0,18.59,0.0,LOW-N
0ff83046c3fa22efee8ecf291888b191,2.0,5.0,0.0,0.0,93.745,69.9,23.845000000000002,0.0,LOW-N
0ffa40d54288e4f3499b8780dd0f144f,18.0,4.2105263157894735,0.15789473684210525,0.05263157894736842,81.21684210526317,64.67894736842106,16.537894736842105,0.15789473684210525,LOW-N
10076e5788b8ee532724bcd460baf762,7.0,4.222222222222222,0.1111111111111111,0.1111111111111111,42.66111111111111,28.35333333333333,14.30777777777778,0.1111111111111111,LOW-N
10089e9f2fd0c668a8fd4e52e1698888,2.0,4.5,0.0,0.0,376.065,354.95,21.115,0.0,LOW-N
101921376b577a4540dc30e9009133ca,1.0,2.0,1.0,0.0,394.49,373.0,21.49,0.0,LOW-N
101a3a003516bc11253298b2fad3cb65,3.0,4.75,0.0,0.0,102.615,91.25,11.365,0.0,LOW-N
1025f0e2d44d7041d6cf58b6550e0bfa,384.0,3.21319018404908,0.36809815950920244,0.2469325153374233,112.44697852760736,89.87388036809816,22.573098159509204,0.09969325153374232,HIGH
10264f60a8f0a4d2f30810f5c661c673,2.0,5.0,0.0,0.5,75.13,67.4,7.73,0.0,LOW-N
1099a00e0ee3a50935e6c2447ca090c5,1.0,2.0,1.0,0.0,265.55,249.9,15.65,1.0,LOW-N
10cdd491d1dbea8fb4ead97b19c334ce,1.0,5.0,0.0,0.0,141.35,90.0,51.35,0.0,LOW-N
10ff823eda2b032e2c93d17a7d294736,4.0,3.25,0.25,0.25,171.845,153.095,18.75,0.0,LOW-N
112453736dbe3889cfb74e1aaa0ba0c1,5.0,3.9,0.3,0.3,150.786,135.0,15.786000000000001,0.0,LOW-N
1127b7f2594683f2510f1c2c834a486b,51.0,3.482142857142857,0.35714285714285715,0.17857142857142858,53.386964285714285,40.283035714285724,13.10392857142857,0.017857142857142856,HIGH
11305281b50fff20ae8bb473f8e11876,11.0,4.0,0.15384615384615385,0.23076923076923078,232.60230769230773,190.3676923076923,42.23461538461538,0.15384615384615385,LOW-N
113e3a788b935f48aad63e1c41dac1bd,15.0,4.478260869565218,0.043478260869565216,0.08695652173913043,26.363478260869567,13.444347826086956,12.91913043478261,0.0,LOW-N
116ccb1a1604bc88e4d234a8c23f33de,21.0,4.241379310344827,0.10344827586206896,0.2413793103448276,36.13413793103449,22.324137931034485,13.81,0.06896551724137931,LOW-N
11742f81550ac064cc9a40f67151d9ad,1.0,5.0,0.0,0.0,394.31,369.9,24.41,0.0,LOW-N
117cfc326c6d50da67ca858ff5c0c852,2.0,4.5,0.0,0.5,101.685,84.95,16.735,0.0,LOW-N
11938fcc75f6902fea1d0a6f72b54a57,2.0,3.0,0.5,0.5,368.57000000000005,297.49,71.08,0.0,LOW-N
119d1aef1b4144adba89163f6cd9f5d4,1.0,5.0,0.0,0.0,349.78,298.0,51.78,0.0,LOW-N
11bfa66332777660bd0640ee84d47006,33.0,3.1875,0.4583333333333333,0.3125,52.692083333333336,35.85583333333333,16.836249999999996,0.22916666666666666,HIGH
11d4c477d09821164bca4f70a2eae031,1.0,5.0,0.0,0.0,49.760000000000005,32.7,17.06,0.0,LOW-N
11eac105f3f90a9b87b19c89d91e24f3,3.0,3.3333333333333335,0.3333333333333333,0.3333333333333333,204.88333333333333,175.63,29.25333333333333,0.0,LOW-N
11fb6f6d341adbe19e81733701704635,2.0,5.0,0.0,0.0,521.64,399.0,122.64,0.0,LOW-N
120476eb7a04c149d14772edaf5d9bf2,2.0,3.5,0.0,0.0,567.7674999999999,539.75,28.0175,0.0,LOW-N
1284de4ae8aa26997e748c851557cf0e,3.0,2.6666666666666665,0.6666666666666666,0.6666666666666666,515.6133333333333,486.6566666666667,28.956666666666663,0.0,LOW-N
128639473a139ac0f3e5f5ade55873a5,194.0,3.8634146341463413,0.2146341463414634,0.24878048780487805,38.745560975609756,20.950292682926836,17.795268292682923,0.1024390243902439,HIGH
128f9bfbe4c7d5185033914b1de3d39a,5.0,4.8,0.0,0.0,119.15,102.97999999999999,16.169999999999998,0.0,LOW-N
12b9676b00f60f3b700e83af21824c0e,68.0,4.382352941176471,0.08823529411764706,0.10294117647058823,223.82588235294114,197.75,26.07588235294118,0.029411764705882353,HIGH
12c2ed9cded6138cf0c75f525f565fc7,1.0,5.0,0.0,0.0,95.0,84.99,10.01,0.0,LOW-N
13074f016982ff2bd6c58ced8682f000,7.0,4.0,0.125,0.375,178.44,130.375,48.065000000000005,0.25,LOW-N
131fcb0a0c9a47bba4474aacff0f14b7,2.0,4.0,0.0,0.5,109.35000000000001,99.9,9.45,0.0,LOW-N
1336efc61c316ddf92c899eb817f7cae,29.0,3.5405405405405403,0.24324324324324326,0.21621621621621623,64.55324324324324,45.4554054054054,19.09783783783784,0.13513513513513514,LOW-N
134285d1f41da5c13a756ee8142c8a4e,3.0,2.75,0.5,0.5,413.4074999999999,393.17499999999995,20.232499999999998,0.0,LOW-N
134a288e7de827ec5ec62e3ec9c3a295,4.0,5.0,0.0,0.0,144.785,126.9875,17.7975,0.0,LOW-N
13511db12ac61e2f89c53b72a944a60b,4.0,3.0,0.5,0.5,184.5275,133.25,51.2775,0.25,LOW-N
1352e06ae67b410cdae0b2a22361167b,2.0,3.0,0.5,1.0,191.305,174.0,17.305,0.5,LOW-N
1354d51653f645349064725ed204e85e,8.0,3.6666666666666665,0.3333333333333333,0.2222222222222222,105.48555555555555,92.77777777777777,12.707777777777778,0.1111111111111111,LOW-N
138dbe45fc62f1e244378131a6801526,18.0,3.1666666666666665,0.375,0.4583333333333333,25.95958333333333,14.248333333333333,11.711250000000001,0.08333333333333333,LOW-N
13c2ed7698b3ca92dad49e849219da59,3.0,4.0,0.25,0.25,57.015,40.745000000000005,16.27,0.0,LOW-N
13d058e4eeac2ce8217660b2f8a05812,12.0,3.75,0.25,0.16666666666666666,222.37833333333333,179.15666666666667,43.221666666666664,0.25,LOW-N
13e85aac53340018b40c2af68001b7e0,1.0,5.0,0.0,0.0,31.92,17.8,14.12,0.0,LOW-N
13f57c12a00ed4610db646b913a7f5c6,2.0,5.0,0.0,0.0,66.2825,49.1,17.182499999999997,0.0,LOW-N
13fa2a6c6b9d0f43cb588d7c82117a12,6.0,4.333333333333333,0.16666666666666666,0.0,469.7383333333334,450.3333333333333,19.404999999999998,0.5,LOW-N
141440cad9341e553f8401c574a2aa38,3.0,3.0,0.5,0.5,118.54,99.05,19.490000000000002,0.0,LOW-N
1430239a858e7682bbc43b20758af153,6.0,2.7777777777777777,0.3333333333333333,0.2222222222222222,40.327777777777776,28.54444444444444,11.783333333333331,0.0,LOW-N
1444c08e64d55fb3c25f0f09c07ffcf2,1.0,1.0,1.0,1.0,2818.74,2749.0,69.74,0.0,LOW-N
1464afc72f696af775557a821c2e253f,11.0,3.5,0.3333333333333333,0.25,51.171666666666674,34.99833333333333,16.173333333333332,0.08333333333333333,LOW-N
14a08204d03bb6b6bde8029f801ae0eb,15.0,2.888888888888889,0.4444444444444444,0.2777777777777778,71.55833333333334,56.05555555555556,15.502777777777778,0.0,LOW-N
14d7985702e72162bbf13b6beb74ab2b,17.0,4.166666666666667,0.16666666666666666,0.05555555555555555,119.6161111111111,103.61111111111111,16.005000000000003,0.16666666666666666,LOW-N
152ee17e4c8aaf53dac99f3462e4999b,1.0,4.0,0.0,0.0,22.78,5.99,16.79,0.0,LOW-N
1554a68530182680ad5c8b042c3ab563,89.0,3.8514851485148514,0.2376237623762376,0.21782178217821782,118.79079207920793,95.80405940594059,22.986732673267326,0.1188118811881188,HIGH
157c3e4b42f81ac4a44e8b1ca2fe9876,18.0,3.652173913043478,0.21739130434782608,0.2608695652173913,105.15608695652175,84.93478260869566,20.221304347826088,0.08695652173913043,LOW-N
1588ac4010787100dddef64568f0ae35,1.0,1.0,1.0,0.0,214.41,199.99,14.42,0.0,LOW-N
15aac934c58d886785ac1b17953ea898,7.0,3.5,0.25,0.25,386.0225,349.75,36.2725,0.25,LOW-N
15ac3c501e2599e4917316fde5c5669a,1.0,1.0,1.0,0.0,195.81,144.2,51.61,0.0,LOW-N
15aec03fe4cf30dfa574cf550f5ff5ff,1.0,1.0,1.0,1.0,39.86,28.9,10.96,0.0,LOW-N
15b3b1b81484422eb41df68ac87f1f50,1.0,1.0,1.0,0.0,46.85,35.0,11.85,0.0,LOW-N
15cd6eefe58588619aaed41dfa6621b1,8.0,3.7777777777777777,0.3333333333333333,0.2222222222222222,135.30555555555554,106.85111111111111,28.454444444444448,0.1111111111111111,LOW-N
15ead3a5037a918ddb520dfe39a3d2b9,3.0,3.6666666666666665,0.3333333333333333,0.3333333333333333,70.15666666666668,51.333333333333336,18.823333333333334,0.0,LOW-N
15fa791d5e017f66402dc28c44480657,2.0,3.0,0.5,0.0,629.27,584.0,45.27,0.5,LOW-N
16090f2ca825584b5a147ab24aa30c86,166.0,3.6804733727810652,0.2485207100591716,0.2603550295857988,84.61278106508874,70.50568047337278,14.107100591715977,0.1301775147928994,HIGH
160e4f13fd3a64b1b86807be88b5ffb0,3.0,4.0,0.3333333333333333,0.3333333333333333,261.31666666666666,235.66666666666666,25.650000000000002,0.0,LOW-N
165b1235e9e9942cb5fae67103576fb0,2.0,4.0,0.0,0.0,126.93499999999999,100.1,26.835,0.5,LOW-N
165fc07beebdcb6190fba8a06db2a449,18.0,2.25,0.6666666666666666,0.375,360.3845833333333,334.1625,26.22208333333333,0.16666666666666666,LOW-N
1660ad786c27fd935378b6192a90b417,8.0,4.555555555555555,0.1111111111111111,0.1111111111111111,144.57000000000002,125.55555555555556,19.014444444444443,0.1111111111111111,LOW-N
167fd940acebc789debd6eb418c46e38,3.0,2.3333333333333335,0.6666666666666666,0.0,178.60000000000002,159.26,19.34,0.0,LOW-N
1690cada046eb7e92c12f98b1f8a8167,6.0,4.166666666666667,0.16666666666666666,0.0,195.93166666666664,172.33333333333334,23.598333333333333,0.0,LOW-N
17306570e772e7718c92a562d33f5f1d,13.0,3.3846153846153846,0.3076923076923077,0.15384615384615385,378.0446153846154,343.74615384615385,34.29846153846154,0.0,LOW-N
1771297ac436903d1dd6b0e9279aa505,13.0,4.578947368421052,0.0,0.05263157894736842,88.21947368421051,72.61894736842106,15.600526315789478,0.05263157894736842,LOW-N
1782ce2db72c3dda627d5e7c898104e1,6.0,4.333333333333333,0.0,0.16666666666666666,247.95166666666668,225.83333333333334,22.118333333333336,0.16666666666666666,LOW-N
17908cf9b444ee34047cadd5c0f4a516,7.0,4.571428571428571,0.0,0.0,209.52999999999997,164.85714285714286,44.67285714285714,0.0,LOW-N
17998cf586426bf0f2c3726cb0a4b211,1.0,3.0,0.0,0.0,74.47,49.9,24.57,0.0,LOW-N
179d859f51292aac5c10806a356f7af9,9.0,3.9,0.1,0.1,39.956,21.098,18.857999999999997,0.1,LOW-N
17a053fcb14bd219540cbde0df490be0,53.0,3.8115942028985508,0.2318840579710145,0.2753623188405797,322.92246376811596,261.69188405797115,61.23057971014494,0.043478260869565216,HIGH
17adeba047385fb0c67d8e90b4296d21,1.0,1.0,1.0,1.0,365.77,269.9,95.87,0.0,LOW-N
17ca9b9e9b9ef8fdb529001b49ebb50f,61.0,3.681159420289855,0.2463768115942029,0.2753623188405797,104.50956521739131,85.20188405797103,19.307681159420287,0.043478260869565216,HIGH
17e34d8224d27a541263c4c64b11a56b,90.0,3.736842105263158,0.2736842105263158,0.17894736842105263,248.94421052631577,227.92315789473687,21.021052631578954,0.10526315789473684,HIGH
17eea220a40cc0d2c0c5346379682398,2.0,5.0,0.0,0.0,288.365,258.495,29.869999999999997,0.5,LOW-N
17f51e7198701186712e53a39c564617,28.0,4.096774193548387,0.16129032258064516,0.0967741935483871,948.2945161290323,798.0322580645161,150.2622580645161,0.16129032258064516,LOW-N
180c3376aff0e43dd5788709df48a843,2.0,4.571428571428571,0.14285714285714285,0.14285714285714285,250.12857142857135,234.85714285714286,15.271428571428569,0.0,LOW-N
1835b56ce799e6a4dc4eddc053f04066,190.0,3.081081081081081,0.4015444015444015,0.25868725868725867,72.14084942084943,56.046949806949804,16.093899613899612,0.11583011583011583,HIGH
1838dd9b8977065acf51d95e0053ea7a,32.0,3.9696969696969697,0.21212121212121213,0.21212121212121213,67.20606060606062,47.80909090909092,19.3969696969697,0.09090909090909091,HIGH
184725737946a1a938bbbd1a9e978103,1.0,5.0,0.0,0.0,128.77,109.9,18.87,0.0,LOW-N
184a67a8f9f63234d3a92340bbdb727f,3.0,2.4,0.8,0.2,40.372,23.876,16.496,0.0,LOW-N
189ca3538ce9f920cacf0f982cbe223b,2.0,3.0,0.6666666666666666,0.6666666666666666,65.61666666666666,53.666666666666664,11.950000000000001,0.0,LOW-N
18a349e75d307f4b4cc646a691ed4216,67.0,2.8636363636363638,0.48863636363636365,0.4318181818181818,74.39443181818181,59.589545454545444,14.804886363636363,0.045454545454545456,HIGH
18e694e0e48ed6f7aa3f24aade5fd697,7.0,4.75,0.0,0.25,33.63249999999999,17.685,15.947499999999998,0.125,LOW-N
1900267e848ceeba8fa32d80c1a5f5a8,169.0,3.3464912280701755,0.3508771929824561,0.27631578947368424,65.22131578947369,49.23728070175438,15.984035087719297,0.12280701754385964,HIGH
191d55f7edb8524d525ed01b20fe32e8,3.0,2.3333333333333335,0.6666666666666666,0.6666666666666666,270.93333333333334,249.0,21.933333333333334,0.3333333333333333,LOW-N
1927cdb9fa74f5270097f6250e8e8f34,1.0,5.0,0.0,1.0,178.92000000000002,120.0,58.92,0.0,LOW-N
19484c79cef6c062cb177aa4ef2fcc3c,1.0,1.0,1.0,1.0,212.06,201.9,10.16,1.0,LOW-N
1961c3e1272bfeceb05d0b78b5bbfdaf,1.0,1.0,1.0,1.0,249.42,239.0,10.42,0.0,LOW-N
1967a9e2ad6f51802b093147d861df58,1.0,1.0,1.0,1.0,217.59,190.0,27.59,0.0,LOW-N
1976a05ecf2996d6ffb7b5430e635fe7,3.0,2.6666666666666665,0.6666666666666666,0.6666666666666666,447.84666666666664,352.4666666666667,95.38,0.3333333333333333,LOW-N
1987cd4be10fe09ee50454f9c354d1c6,5.0,3.2857142857142856,0.14285714285714285,0.7142857142857143,160.42428571428573,145.42857142857142,14.995714285714286,0.14285714285714285,LOW-N
198c7ea11960a9844b544d9bcdca860c,8.0,3.375,0.375,0.25,97.08250000000001,78.24000000000001,18.8425,0.125,LOW-N
1996942dc085d7773ba77a529b163cd0,2.0,3.0,0.5,1.0,401.845,364.99,36.855000000000004,0.0,LOW-N
19e0f40a907ec568c34bfac15de4f4a1,2.0,5.0,0.0,0.0,52.28,44.5,7.78,0.0,LOW-N
1a3df491d1c4f1589fc2b934ada68bf2,81.0,3.875,0.18181818181818182,0.19318181818181818,152.9109090909091,128.4284090909091,24.4825,0.056818181818181816,HIGH
1a6245add4353f18ed55138808906979,2.0,3.0,0.5,0.5,39.34,30.0,9.34,0.0,LOW-N
1a932caad4f9d804097d7f8e615baed1,7.0,3.0,0.6153846153846154,0.15384615384615385,181.0346153846154,142.23076923076923,38.80384615384615,0.15384615384615385,LOW-N
1acde099eb406aa220b1169b188b42da,5.0,4.0,0.16666666666666666,0.0,30.25333333333333,16.900000000000002,13.353333333333333,0.0,LOW-N
1b0b0f4f95e962d6f32fe90c759d0479,2.0,5.0,0.0,0.0,81.58500000000001,69.9,11.685,0.0,LOW-N
1b1ae47a313a825a7ccceb8e2e30fa9d,3.0,1.3333333333333333,1.0,0.0,144.77666666666667,124.89999999999999,19.876666666666665,0.0,LOW-N
1b45169b635ef59425637e9a33eb5fb3,3.0,4.0,0.3333333333333333,0.0,45.36666666666667,32.166666666666664,13.200000000000001,0.0,LOW-N
1b4b28463457a256e9a784ebe2a8f630,1.0,1.0,1.0,1.0,715.3399999999999,699.42,15.92,1.0,LOW-N
1b4c3a6f53068f0b6944d2d005c9fc89,40.0,3.340909090909091,0.3409090909090909,0.29545454545454547,159.88227272727275,132.90681818181815,26.975454545454554,0.09090909090909091,HIGH
1b61fb1f0f2185d89e9a126c498e9cc7,1.0,5.0,0.0,0.0,65.81,49.7,16.11,0.0,LOW-N
1b65c144b17e607c0f37f10bb7dfec8d,4.0,1.75,0.75,0.25,201.14000000000001,172.4,28.740000000000002,0.0,LOW-N
1b7e5006cb25dd23ce8686691013b121,6.0,3.8333333333333335,0.16666666666666666,0.16666666666666666,231.6833333333333,217.4766666666667,14.206666666666665,0.16666666666666666,LOW-N
1b8356dabde1d35e17cef975c3f82730,23.0,3.9615384615384617,0.19230769230769232,0.19230769230769232,74.58692307692307,59.182307692307695,15.404615384615385,0.0,LOW-N
1b8b75e227c9a9c100d0c210fb6176ce,10.0,2.6,0.6,0.4,123.60999999999999,107.492,16.118000000000002,0.1,LOW-N
1b938a7ec6ac5061a66a3766e0e75f90,15.0,4.294117647058823,0.11764705882352941,0.0,151.9823529411765,127.66470588235292,24.317647058823532,0.0,LOW-N
1bb2bdb95f4841f1bba2c0d2cd83d3c9,14.0,3.933333333333333,0.2,0.0,54.057333333333325,40.39800000000001,13.659333333333333,0.06666666666666667,LOW-N
1bb3812d5f0747a3ab7348f199001a10,4.0,4.75,0.0,0.0,82.465,62.675000000000004,19.79,0.0,LOW-N
1bc2e21de46adfea6b98cc96b00f3b40,1.0,2.0,1.0,1.0,241.61,219.99,21.62,0.0,LOW-N
1c129092bf23f28a5930387c980c0dfc,111.0,3.9669421487603307,0.19008264462809918,0.11570247933884298,57.286694214876036,43.52504132231404,13.761652892561985,0.06611570247933884,HIGH
1c40343cc5d18c2d8248ac2f3366de34,10.0,4.7,0.0,0.0,123.593,106.38499999999999,17.208000000000002,0.0,LOW-N
1c56ffe0e9dea2657fc6e95b53f40b13,1.0,5.0,0.0,0.0,117.81,65.0,52.81,0.0,LOW-N
1c5e4e49b9079480255b49d50aac1aa9,7.0,4.285714285714286,0.14285714285714285,0.2857142857142857,855.5971428571428,792.6800000000001,62.91714285714285,0.0,LOW-N
1c68394e931a64f90ea236c5ea590300,61.0,3.289473684210526,0.32894736842105265,0.32894736842105265,156.34684210526316,140.10052631578947,16.24631578947368,0.07894736842105263,HIGH
1ca4bdb0cd7fc48e949bac066188ed26,1.0,5.0,0.0,1.0,607.5699999999999,380.0,227.57,1.0,LOW-N
1ca7077d890b907f89be8c954a02686a,76.0,1.4516129032258065,0.8602150537634409,0.7419354838709677,118.7493548387097,107.05010752688172,11.699247311827953,0.20430107526881722,HIGH
1caf283236cd69af44cbc09a0a1e7d32,12.0,3.923076923076923,0.23076923076923078,0.23076923076923078,44.030769230769224,25.998461538461534,18.03230769230769,0.23076923076923078,LOW-N
1cbd32d00d01bb8087a5eb088612fd9c,5.0,4.333333333333333,0.16666666666666666,0.16666666666666666,132.17666666666668,109.22500000000001,22.951666666666668,0.16666666666666666,LOW-N
1cbd50a8c52e6cf8e315c5709fab386f,4.0,3.75,0.25,0.25,60.915,36.8975,24.017500000000002,0.25,LOW-N
1cbdc7cf130a41fd13a3c2a7d2fcfda7,2.0,5.0,0.0,0.0,112.805,82.9,29.905,0.0,LOW-N
1cd9e0cc1839d55516843def5600816d,2.0,5.0,0.0,0.0,170.625,154.0,16.625,0.0,LOW-N
1ce3ae5a399804d1a87e706f8a813c3e,14.0,3.0625,0.375,0.3125,86.69625,65.15,21.54625,0.0,LOW-N
1d0997ff06b524ce9289ffd75114ecd3,3.0,3.6666666666666665,0.3333333333333333,0.3333333333333333,1291.19,1249.0,42.19,0.3333333333333333,LOW-N
1d2732ef8321502ee8488e8bed1ab8cd,2.0,4.0,0.0,0.0,181.54,164.66666666666666,16.87333333333333,0.0,LOW-N
1d29dfba02015238dfbe2449a5eaa361,3.0,5.0,0.0,0.0,59.20666666666667,47.23333333333333,11.973333333333334,0.0,LOW-N
1d4587203296c8f4ad134dc286fa6db0,21.0,4.0,0.18181818181818182,0.22727272727272727,72.2959090909091,57.036363636363646,15.259545454545457,0.045454545454545456,LOW-N
1d503743d2526f03f0c2c89540ee008c,6.0,4.090909090909091,0.18181818181818182,0.2727272727272727,36.954545454545446,26.190909090909088,10.763636363636364,0.09090909090909091,LOW-N
1d8dbc4f32378d715c717c1c1fc57bae,26.0,3.064516129032258,0.45161290322580644,0.2903225806451613,131.2125806451613,110.87419354838711,20.338387096774195,0.16129032258064516,LOW-N
1da366cade6d8276e7d8beea7af5d4bf,19.0,3.4761904761904763,0.2857142857142857,0.23809523809523808,124.9757142857143,99.0947619047619,25.880952380952376,0.09523809523809523,LOW-N
1da3aeb70d7989d1e6d9b0e887f97c23,91.0,3.327731092436975,0.35294117647058826,0.2857142857142857,44.48915966386556,30.373277310924358,14.115882352941176,0.09243697478991597,HIGH
1dc2de47ee26a0a5b12dc14fd6dc0dea,13.0,4.333333333333333,0.06666666666666667,0.06666666666666667,87.89333333333333,64.43333333333332,23.46,0.13333333333333333,LOW-N
1dcfa3835714681d4ba4a93bc1e0fd41,5.0,2.5,0.5,0.0,107.74666666666667,85.89999999999999,21.846666666666668,0.0,LOW-N
1dd33b8119b3cb1056ed5dc88cd0aaf4,3.0,3.0,0.3333333333333333,0.0,210.38333333333333,199.0,11.383333333333335,0.0,LOW-N
1de62b6f2fd96227629786db492433db,2.0,5.0,0.0,0.0,118.765,104.4,14.365,0.0,LOW-N
1dfe5347016252a7884b694d4f10f5c4,14.0,2.888888888888889,0.5,0.16666666666666666,78.19166666666666,61.66111111111112,16.53055555555555,0.3333333333333333,LOW-N
1e26c56af8d48424e1df0140a2401f83,1.0,5.0,0.0,0.0,213.97,199.0,14.97,0.0,LOW-N
1e47d8b6546eb3a77b1acddcc9406242,1.0,1.0,1.0,0.0,166.71,149.9,16.81,0.0,LOW-N
1e47defeeadeca0e9a18fa5a9311e735,1.0,5.0,0.0,0.0,122.75999999999999,96.8,25.96,0.0,LOW-N
1e483cc5c76fef08d3ca05f9a8af7d01,1.0,1.0,1.0,1.0,26.700000000000003,5.9,20.8,0.0,LOW-N
1e8b33f18b4f7598d87f5cbee2282cc2,62.0,3.9166666666666665,0.2638888888888889,0.20833333333333334,142.1811111111111,122.63374999999999,19.54736111111111,0.05555555555555555,HIGH
1e8c6a4c538f286aee9573239740a4b4,1.0,4.0,0.0,1.0,83.52,72.0,11.52,0.0,LOW-N
1e9d5a33694bddb76316fd1f54734d20,2.0,4.5,0.0,0.5,234.47,159.0,75.47,0.0,LOW-N
1eade46fba20122dc4aefb379f8c636b,19.0,3.9583333333333335,0.16666666666666666,0.16666666666666666,66.15916666666668,52.80833333333334,13.350833333333332,0.20833333333333334,LOW-N
1f1bb1f0859883505541bdd6606193e5,11.0,4.416666666666667,0.08333333333333333,0.08333333333333333,838.4899999999999,818.4124999999999,20.077499999999997,0.08333333333333333,LOW-N
1f50f920176fa81dab994f9023523100,665.0,3.629591836734694,0.2826530612244898,0.18571428571428572,73.79686734693877,55.44304081632652,18.353826530612245,0.1,HIGH
1f867308a0ce13133a4e639ff4de0c02,4.0,4.285714285714286,0.14285714285714285,0.14285714285714285,100.25285714285715,84.67428571428572,15.578571428571427,0.0,LOW-N
1f9ab4708f3056ede07124aad39a2554,27.0,3.6666666666666665,0.18518518518518517,0.25925925925925924,205.34074074074076,172.12555555555554,33.215185185185184,0.14814814814814814,LOW-N
1fa2d3def6adfa70e58c276bb64fe5bb,1.0,1.0,1.0,0.0,15.9,6.9,9.0,0.0,LOW-N
1fbe10c70e30765ed1de86d9f7e98409,1.0,1.0,1.0,0.0,13.539999999999997,6.15,7.389999999999999,0.0,LOW-N
1fdc574883ef3b33ad41562d93f3a74a,8.0,4.375,0.0,0.125,215.9925,201.125,14.8675,0.125,LOW-N
1fddcb7b326905d3ad5efe82187db347,1.0,1.0,1.0,1.0,105.22,92.0,13.22,0.0,LOW-N
1fe5540d7c1c37a595fefbacd5570d9e,8.0,4.0,0.2,0.2,210.282,185.36,24.921999999999997,0.1,LOW-N
2009a095de2a2a41626f6c6d7722678d,5.0,3.5555555555555554,0.3333333333333333,0.0,48.26888888888888,32.56666666666666,15.702222222222222,0.0,LOW-N
2039c5e51785b5dde7cf93ccb3b7be2c,1.0,5.0,0.0,0.0,173.68,159.9,13.78,0.0,LOW-N
2059c39f76271d4ca3f15b5ffaccc8b8,6.0,4.333333333333333,0.0,0.0,67.83333333333333,53.23333333333333,14.600000000000001,0.0,LOW-N
20611af7866c6068fd5ae1f9dbe15c92,1.0,4.0,0.0,0.0,167.15,109.9,57.25,0.0,LOW-N
2063dd1b9f568df1c16741ea7d3e6adb,2.0,5.0,0.0,0.0,228.74,208.74,20.0,0.0,LOW-N
2078fe5066350e7d220c0ad3a3bbc6c1,1.0,2.0,1.0,0.0,68.03999999999999,29.9,38.14,0.0,LOW-N
2089a6d640999f9b9141ac719b2af596,16.0,3.111111111111111,0.5,0.2222222222222222,236.25666666666666,219.50944444444445,16.74722222222222,0.3333333333333333,LOW-N
20a7efa9721046319bdde5d60b6b5365,1.0,5.0,0.0,0.0,106.97,89.9,17.07,0.0,LOW-N
20a8b0dc55da94fe74d112082427c84f,4.0,3.75,0.25,0.25,89.07,66.925,22.145,0.25,LOW-N
20b54c376b794ed028df09a3cd88e8dc,7.0,2.4285714285714284,0.5714285714285714,0.42857142857142855,137.91,122.6742857142857,15.235714285714286,0.2857142857142857,LOW-N
20cb7c2fde3e5bf10f0bbe7394e1c6a9,8.0,2.7333333333333334,0.5333333333333333,0.26666666666666666,32.626,16.900000000000002,15.725999999999997,0.26666666666666666,LOW-N
20d53aad4fe5ee93a64f8839609d3586,1.0,4.0,0.0,0.0,59.459999999999994,37.4,22.06,0.0,LOW-N
20d83f3ef0e6925fd74bfd59170babf7,14.0,3.85,0.15,0.0,72.0375,59.90000000000001,12.137499999999998,0.0,LOW-N
2138ccb85b11a4ec1e37afbd1c8eda1f,160.0,3.367816091954023,0.3448275862068966,0.2471264367816092,44.55224137931035,29.900287356321837,14.651954022988503,0.08620689655172414,HIGH
213b25e6f54661939f11710a6fddb871,62.0,3.0547945205479454,0.3835616438356164,0.2602739726027397,100.52630136986302,81.08150684931506,19.444794520547944,0.1095890410958904,HIGH
213fafb0ca06fb3d5886579c2565791b,1.0,1.0,1.0,1.0,54.339999999999996,44.9,9.44,0.0,LOW-N
2156f2671501a81034d7d07f217609d0,10.0,3.2,0.4,0.5,192.27499999999998,165.13,27.145,0.1,LOW-N
217f005bb37ff3aeef5b2ae1788e75ba,1.0,1.0,1.0,0.0,40.089999999999996,24.99,15.1,0.0,LOW-N
218d46b86c1881d022bce9c68a7d4b15,128.0,3.689189189189189,0.2702702702702703,0.20945945945945946,142.44594594594594,124.30905405405404,18.13689189189189,0.16891891891891891,HIGH
218f991754f360af9c2daa5e0b8e990c,6.0,3.0,0.42857142857142855,0.5714285714285714,223.3085714285714,205.61428571428573,17.694285714285716,0.14285714285714285,LOW-N
2199e7fe213c16213bf5d6a7eadc9a5d,12.0,3.4285714285714284,0.21428571428571427,0.5,210.17428571428573,190.24785714285719,19.92642857142857,0.07142857142857142,LOW-N
21c62b998a043ebe31161d38f84929fc,2.0,4.0,0.0,0.0,208.88,183.245,25.634999999999998,0.0,LOW-N
21d59342ba150175ca2aa4f8faddeca6,2.0,4.5,0.0,0.0,167.145,129.95,37.195,0.0,LOW-N
21e83881401b92b49fb09a16d3852291,8.0,3.888888888888889,0.2222222222222222,0.3333333333333333,289.98555555555555,248.7088888888889,41.27666666666667,0.0,LOW-N
226b05fe067266c59c15dae208213d06,4.0,3.4,0.4,0.0,116.27800000000002,100.5,15.778,0.0,LOW-N
228e4c1a0be164f613d41c24345f9d2c,2.0,5.0,0.0,0.0,145.93,104.9,41.03,0.0,LOW-N
229c3efbfb0ea2058de4ccdfbc3d784a,58.0,3.1714285714285713,0.4142857142857143,0.34285714285714286,113.33800000000001,98.11428571428571,15.223714285714287,0.02857142857142857,HIGH
22c32ec35d0116ef02c281798a25bf8b,2.0,3.5,0.0,0.0,33.7125,18.0,15.712499999999999,0.0,LOW-N
2305ab43e846518f58dd9d59f3f54e96,2.0,3.0,0.5,0.0,247.075,234.45,12.625,0.0,LOW-N
232a6014e7b10cba61c6c2b2ea6bb4b0,14.0,4.333333333333333,0.06666666666666667,0.13333333333333333,123.954,99.05333333333336,24.90066666666667,0.0,LOW-N
23613d49c3ac2bd302259e55c06c050c,34.0,3.282051282051282,0.41025641025641024,0.2564102564102564,75.48871794871795,51.92564102564105,23.563076923076924,0.07692307692307693,HIGH
236585a4ddb5fea9fa40233e2249ed91,6.0,4.166666666666667,0.16666666666666666,0.16666666666666666,76.09166666666665,59.96,16.131666666666668,0.16666666666666666,LOW-N
2379bdc3888025689a9deb7b141507d5,5.0,4.0,0.2,0.2,128.126,112.75999999999999,15.366,0.4,LOW-N
238fac594e170b59c6d228f5a4f4f1d9,9.0,3.888888888888889,0.2222222222222222,0.1111111111111111,157.27999999999997,112.22222222222223,45.05777777777777,0.1111111111111111,LOW-N
23a0ffca143a15b9b5bbdb7d552f626a,11.0,3.4545454545454546,0.36363636363636365,0.18181818181818182,254.97727272727272,226.64181818181822,28.335454545454546,0.18181818181818182,LOW-N
23c38debaffe4a25a30fdbd9b586a13f,17.0,4.2631578947368425,0.05263157894736842,0.10526315789473684,140.7721052631579,119.88684210526316,20.88526315789474,0.10526315789473684,LOW-N
23ca5f678e0b3ea6c630b30fa8bf51ea,3.0,5.0,0.0,0.0,40.42999999999999,25.8,14.63,0.0,LOW-N
23d7c96d4a1160db1c726b248601b25a,20.0,3.55,0.35,0.35,315.41399999999993,284.41799999999995,30.996,0.15,LOW-N
23ff42c4bf1f8f16cddb19d8b972974a,1.0,5.0,0.0,0.0,92.99000000000001,74.9,18.09,0.0,LOW-N
240b9776d844d37535668549a396af32,16.0,4.4375,0.0625,0.125,380.59062500000005,350.094375,30.49625,0.125,LOW-N
244b04680fdbded0acf5aebd9c92b44a,1.0,1.0,1.0,1.0,606.48,575.9,30.58,1.0,LOW-N
244c2f1bff6afe1f2eaf9bfe9b2aed38,13.0,3.0,0.375,0.3125,149.00187499999998,99.8125,49.189375,0.1875,LOW-N
247587846358bb1d2e4c6522020b36fe,1.0,5.0,0.0,0.0,121.51,99.0,22.51,0.0,LOW-N
2493dc3f20131696a0ecdb9948051a8d,2.0,5.0,0.0,0.0,141.515,123.345,18.17,0.0,LOW-N
249f0e9905a6e06ad6c6bea7547ab9f6,1.0,1.0,1.0,1.0,150.22,139.0,11.22,0.0,LOW-N
24c1de8d9551c0b4fbc53317d53efda8,1.0,5.0,0.0,1.0,412.12,355.0,57.12,0.0,LOW-N
2528513dd95219a6013d4d05176e391a,85.0,3.6091954022988504,0.26436781609195403,0.19540229885057472,215.55505747126443,193.36436781609197,22.19068965517241,0.034482758620689655,HIGH
2528744c5ef5d955adc318720a94d2e7,5.0,2.4,0.6,0.6,1301.74,1249.0,52.739999999999995,0.0,LOW-N
252e76235acb79183cfca6e34f13337d,2.0,2.5,0.5,1.0,77.545,62.6,14.945,0.0,LOW-N
253c025bab43881055aeecde5e2d8b77,1.0,4.0,0.0,0.0,64.0,49.9,14.1,1.0,LOW-N
257e61d3251fb5efb9daadddbc2cf7ca,6.0,4.833333333333333,0.0,0.0,912.2466666666666,837.5,74.74666666666666,0.0,LOW-N
258447aad3f7b01e2643c89f64dc5647,1.0,5.0,0.0,0.0,71.45,51.9,19.55,0.0,LOW-N
259f7b5e6e482c230e5bfaa670b6bb8f,68.0,3.9523809523809526,0.21428571428571427,0.07142857142857142,65.62880952380952,49.04630952380952,16.5825,0.011904761904761904,HIGH
25be943a321c8938947bdaabca979a90,3.0,2.5,0.5,0.5,185.3725,156.0,29.372500000000002,0.0,LOW-N
25c5c91f63607446a97b143d2d535d31,68.0,2.8803418803418803,0.4700854700854701,0.3418803418803419,234.1565811965812,206.52102564102566,27.635555555555552,0.07692307692307693,HIGH
25cf099de44674fde97473224f9d59ab,21.0,3.9047619047619047,0.23809523809523808,0.14285714285714285,54.77142857142857,38.68857142857142,16.082857142857144,0.047619047619047616,LOW-N
25debeafbce801fdd479539350185eee,4.0,1.6,0.8,0.4,65.252,49.989999999999995,15.262,0.0,LOW-N
25e47381a6c510ddeb36084e33b89f0c,4.0,3.4,0.4,0.4,81.55,64.74000000000001,16.809999999999995,0.0,LOW-N
25e6ffe976bd75618accfe16cefcbd0d,37.0,3.9761904761904763,0.21428571428571427,0.11904761904761904,122.67380952380952,107.3992857142857,15.274523809523808,0.047619047619047616,HIGH
2646baaf662d4d92ac48f047e35db92d,6.0,4.285714285714286,0.14285714285714285,0.0,113.89999999999999,100.71428571428571,13.185714285714285,0.14285714285714285,LOW-N
26562f211dd1364af2a8596dc945e8ae,1.0,5.0,0.0,0.0,70.59,62.0,8.59,0.0,LOW-N
26785a546900236d66f2e4197c211158,7.0,5.0,0.0,0.0,72.97857142857143,64.1,8.878571428571428,0.0,LOW-N
269c5fc9fcadee614364c3620c30a1f9,1.0,5.0,0.0,0.0,37.37,29.9,7.47,1.0,LOW-N
26af45f5dfd967225a832838aa4e24a3,4.0,3.0,0.5,0.25,68.2875,46.675000000000004,21.6125,0.0,LOW-N
26bad72add1f86e08a776ce4ffdaf1ca,2.0,4.5,0.0,0.0,36.144999999999996,23.0,13.145,0.0,LOW-N
26d6bbee02420494d471c9f6436929c0,6.0,4.714285714285714,0.0,0.0,49.480000000000004,32.59428571428572,16.885714285714286,0.0,LOW-N
26d8a1c7c75d513045798992ead43aa2,12.0,2.923076923076923,0.38461538461538464,0.6153846153846154,340.96000000000004,318.4315384615385,22.52846153846154,0.23076923076923078,LOW-N
26e13b6ff5b641b329e5524241ee2c93,3.0,3.6666666666666665,0.3333333333333333,0.3333333333333333,48.97,29.933333333333334,19.036666666666665,0.0,LOW-N
26e2c91ef821e1ff8985f408788fe35b,7.0,2.25,0.625,0.75,161.63000000000002,143.0875,18.5425,0.25,LOW-N
26f6b7ab07be3e9e69ce82a6552efc19,1.0,1.0,1.0,0.0,37.53,29.9,7.63,1.0,LOW-N
270297ead4c65a6cd2593960d2af6b21,10.0,3.8181818181818183,0.2727272727272727,0.36363636363636365,564.6663636363637,530.8627272727273,33.80363636363636,0.0,LOW-N
2709af9587499e95e803a6498a5a56e9,14.0,2.0,0.7428571428571429,0.6571428571428571,30.02057142857143,17.856571428571428,12.164,0.6571428571428571,LOW-N
270d3ef21830ad0ecf3a6c53d08a533a,2.0,1.0,1.0,0.2857142857142857,41.16428571428571,28.714285714285715,12.45,0.0,LOW-N
271c58a1d139c45eaf3316107c6d3a3b,10.0,3.8,0.3,0.2,162.90400000000002,140.947,21.957,0.1,LOW-N
272f092de69afedd4d2969440b37f18f,12.0,3.7142857142857144,0.2857142857142857,0.19047619047619047,56.04476190476192,43.259047619047614,12.785714285714286,0.0,LOW-N
2745f798279e0ed033addcc1474776d7,15.0,3.933333333333333,0.2,0.06666666666666667,120.51266666666668,102.62466666666667,17.887999999999998,0.2,LOW-N
276677b5d08786d5dce7c2149dcce48b,13.0,2.6842105263157894,0.5789473684210527,0.15789473684210525,101.43157894736842,85.61578947368423,15.81578947368421,0.05263157894736842,LOW-N
278b6e0b20c4f61fefaa0577943d7a35,1.0,1.0,1.0,0.0,576.31,539.0,37.31,0.0,LOW-N
27a56ff04b34c2ba34ce6ba4d3b9d616,1.0,1.0,1.0,0.0,65.95,49.9,16.05,1.0,LOW-N
282c7480173bb9c01dd41cc739fec010,1.0,1.0,1.0,1.0,850.92,819.9,31.02,1.0,LOW-N
282f23a9769b2690c5dda22e316f9941,32.0,3.8205128205128207,0.1282051282051282,0.20512820512820512,77.47128205128203,61.37538461538461,16.095897435897438,0.05128205128205128,HIGH
28405831a29823802aa22c084cfd0649,2.0,4.0,0.0,0.5,52.394999999999996,35.0,17.395,0.0,LOW-N
289cdb325fb7e7f891c38608bf9e0962,46.0,4.32,0.12,0.2,127.0448,110.1918,16.852999999999998,0.04,HIGH
28a26ebce31d5918b181ede016fd693b,1.0,5.0,0.0,0.0,47.04,29.9,17.14,0.0,LOW-N
28c7d8743fbc8679f484868cc0fcaefb,2.0,5.0,0.0,0.0,102.16499999999999,74.25,27.915,0.0,LOW-N
28d162ab86bb49d719c32f0ee6186eaa,1.0,4.0,0.0,0.0,127.19999999999999,109.99,17.21,0.0,LOW-N
28ea411b354f14b1a494be4e79f0ce02,1.0,4.0,0.0,0.0,160.18,145.0,15.18,0.0,LOW-N
28f10b1c5e5abb9d4857745bede6147c,15.0,3.533333333333333,0.3333333333333333,0.3333333333333333,44.86266666666666,32.8,12.062666666666663,0.2,LOW-N
28fb0829fd777877cdc350d25cb5bd5b,2.0,2.5,0.5,0.5,123.69,109.9,13.79,0.0,LOW-N
293dee954235e4e4e43f129313625ebe,3.0,5.0,0.0,0.0,286.18666666666667,254.65666666666667,31.53,0.0,LOW-N
2953ce3a88f5e3c3b696d77fc9e4c8eb,5.0,4.0,0.2,0.2,42.784000000000006,31.8,10.984,0.2,LOW-N
296729ffb9b684050dd24836dac4494a,2.0,5.0,0.0,0.0,74.805,57.0,17.805,0.0,LOW-N
297d5eccd19fa9a83b2630071ff105e4,3.0,5.0,0.0,0.0,129.73666666666668,109.32666666666667,20.41,0.0,LOW-N
299c89a525fee36c567f4fe72f038100,2.0,2.0,0.5,0.0,378.875,329.0,49.875,0.0,LOW-N
29e6e05b65f93bc224c644319dc52ecf,1.0,4.0,0.0,0.0,142.67000000000002,119.9,22.77,0.0,LOW-N
29fe9f200d3fa0c668d2aa1ec7e08dfb,3.0,3.3333333333333335,0.3333333333333333,0.3333333333333333,105.17,80.0,25.17,0.0,LOW-N
2a1348e9addc1af5aaa619b1a3679d6b,30.0,2.787878787878788,0.48484848484848486,0.5757575757575758,66.2339393939394,52.13333333333333,14.100606060606061,0.2727272727272727,HIGH
2a167ca73899c85001a837d8fb4962f6,1.0,5.0,0.0,0.0,1930.34,1899.0,31.34,0.0,LOW-N
2a261b5b644fa05f4f2700eb93544f2c,24.0,3.425,0.35,0.3,88.36575,63.625,24.74075,0.2,LOW-N
2a50b7ee5aebecc6fd0ff9784a4747d6,1.0,1.0,1.0,1.0,132.12,99.9,32.22,1.0,LOW-N
2a5b78b41cd05baeac8df54c6606b92c,19.0,3.6785714285714284,0.17857142857142858,0.35714285714285715,304.8242857142856,287.0728571428572,17.751428571428573,0.0,LOW-N
2a61c271b1ac763450d846849783e922,9.0,3.5454545454545454,0.2727272727272727,0.36363636363636365,72.96272727272728,55.08090909090909,17.88181818181818,0.09090909090909091,LOW-N
2a6fbeaa7ab9e5d59a35841a8da71ce4,17.0,3.764705882352941,0.23529411764705882,0.29411764705882354,81.14647058823529,58.25823529411765,22.88823529411765,0.11764705882352941,LOW-N
2a7c6c0b0d5efde2bf75ec1e1cec2d41,1.0,4.0,0.0,1.0,74.97,59.8,15.17,0.0,LOW-N
2a7dc43cecabf23403078e2188437d1d,24.0,3.875,0.16666666666666666,0.20833333333333334,101.21499999999999,85.30208333333333,15.912916666666666,0.041666666666666664,LOW-N
2a84855fd20af891be03bc5924d2b453,66.0,4.0,0.17142857142857143,0.17142857142857143,118.90114285714289,98.94142857142855,19.959714285714284,0.02857142857142857,HIGH
2aa3443d7bf9d9bb11133f420d75e083,5.0,2.4,0.6,0.6,92.574,77.9,14.673999999999998,0.0,LOW-N
2addf05f476d0637864454e93ba673d5,6.0,5.0,0.0,0.0,348.8116666666667,329.3333333333333,19.478333333333335,0.0,LOW-N
2b03ac196f5ed62ac483960fe0fa3b65,1.0,1.0,1.0,0.0,169.73000000000002,152.9,16.83,1.0,LOW-N
2b1a40c1daabc6ca280c4b815c101841,12.0,3.35,0.35,0.1,370.38899999999995,320.88899999999995,49.5,0.0,LOW-N
2b2fed75b8e5ea3a052fc4c0825da485,3.0,5.0,0.0,0.0,142.7075,127.725,14.982499999999998,0.0,LOW-N
2b3b9ce054da76a7428df143a567b156,1.0,4.0,0.0,0.0,112.46000000000001,94.0,18.46,0.0,LOW-N
2b3e4a2a3ea8e01938cabda2a3e5cc79,21.0,3.9047619047619047,0.19047619047619047,0.14285714285714285,418.7866666666667,403.9728571428571,14.813809523809525,0.0,LOW-N
2b5ed0c9139dae8883a200dfcb272ece,3.0,4.0,0.0,0.3333333333333333,36.56,21.14,15.42,0.0,LOW-N
2ba91c7ad80ff88b23b7db823b43c233,1.0,2.0,1.0,0.0,180.82,158.0,22.82,1.0,LOW-N
2bd05d410a8fd26dc4184a15f4f2f588,2.0,5.0,0.0,0.5,61.985,47.495,14.49,0.0,LOW-N
2be17df1c49978426251562096c3cc09,4.0,3.5,0.25,0.0,142.5375,118.95,23.587500000000002,0.25,LOW-N
2bf28e311bba65237358230cabac3f15,3.0,2.0,0.6666666666666666,0.6666666666666666,64.39333333333333,35.0,29.39333333333333,0.3333333333333333,LOW-N
2bf6a2c1e71bbd29a4ad64e6d3c3629f,19.0,3.8421052631578947,0.21052631578947367,0.2631578947368421,1506.5331578947369,1475.2157894736843,31.31736842105263,0.10526315789473684,LOW-N
2c3d56f92f360fb89d849b84e8f50eae,3.0,1.3333333333333333,1.0,1.0,53.333333333333336,41.5,11.833333333333334,0.0,LOW-N
2c43fb513632d29b3b58df74816f1b06,2.0,3.0,0.5,0.5,407.685,379.1,28.585,0.0,LOW-N
2c4c47cb51acd5ea5db5e0ae0e26542a,2.0,5.0,0.0,0.0,187.89999999999998,167.49,20.41,0.0,LOW-N
2c54051840f19eca309a5423cf22df36,1.0,4.0,0.0,0.0,25.82,12.35,13.47,0.0,LOW-N
2c9e548be18521d1c43cde1c582c6de8,35.0,3.061224489795918,0.40816326530612246,0.3673469387755102,56.657142857142865,40.35081632653061,16.306326530612246,0.3673469387755102,HIGH
2cb6eb1b7185064167657fa09f541105,1.0,1.0,1.0,0.0,220.02,197.8,22.22,0.0,LOW-N
2cb98e27ce1c18abdb42209b34c382a7,1.0,4.0,0.0,0.0,119.7,62.49,57.21,0.0,LOW-N
2d22fc3089eb907b29ebff50581fb472,2.0,3.0,0.0,0.5,131.975,111.4,20.575000000000003,0.0,LOW-N
2d2322d842118867781fc737e96d59a1,2.0,4.5,0.0,0.0,28.055,14.5,13.555,0.5,LOW-N
2d2c62bef4c8ba0dd74e0e228e808539,11.0,3.727272727272727,0.2727272727272727,0.09090909090909091,291.8972727272727,256.09090909090907,35.806363636363635,0.18181818181818182,LOW-N
2d42ebcda99fd55f6f4bc2f1ca035d50,2.0,2.0,0.6666666666666666,0.6666666666666666,116.54333333333334,89.0,27.543333333333333,0.0,LOW-N
2d50d6282f8aa2257819a77bfaa0efe0,20.0,2.857142857142857,0.47619047619047616,0.42857142857142855,107.1252380952381,89.22809523809525,17.89714285714286,0.14285714285714285,LOW-N
2d518637f53161b973e01f56ea4bb88e,7.0,4.857142857142857,0.0,0.0,119.60857142857142,90.70571428571428,28.902857142857147,0.0,LOW-N
2dcf93836ae3ce0d7c93e2f10876467a,4.0,4.0,0.2,0.2,92.658,78.9,13.758,0.4,LOW-N
2dd1fb6f0e42a2243b8a01e40cd41216,1.0,5.0,0.0,0.0,114.80000000000001,98.9,15.9,0.0,LOW-N
2dee2ce60de9709b1a24083217181a1f,23.0,4.6521739130434785,0.0,0.08695652173913043,187.93869565217392,148.63478260869564,39.30391304347825,0.0,LOW-N
2e0dba2da448400b1c11d7b4b22f32a4,2.0,3.0,0.5,0.0,34.295,20.79,13.505,0.0,LOW-N
2e13c71026e1a39ba5cc1b86dcb679aa,9.0,4.5,0.1,0.0,116.506,102.7,13.806000000000001,0.1,LOW-N
2e1a7d075abe038c1b2743005fe42ff1,4.0,2.5,0.6666666666666666,0.16666666666666666,107.42666666666668,86.56666666666666,20.86,0.5,LOW-N
2e1c9f22be269ef4643f826c9e650a52,64.0,3.5454545454545454,0.25757575757575757,0.22727272727272727,90.86500000000001,76.04166666666667,14.823333333333334,0.10606060606060606,HIGH
2e2f44824ab87a0cb961f68bf4073e7f,1.0,2.0,1.0,1.0,65.93,48.0,17.93,0.0,LOW-N
2e3be8a987a30d7544dbbda6861cc14e,8.0,1.5555555555555556,0.7777777777777778,0.7777777777777778,349.81444444444446,331.2144444444445,18.599999999999998,0.1111111111111111,LOW-N
2e7ea2aafec5835e781b21d6d1faf1f1,1.0,5.0,0.0,0.0,63.349999999999994,45.9,17.45,0.0,LOW-N
2e90cb1677d35cfe24eef47d441b7c87,55.0,3.6065573770491803,0.29508196721311475,0.21311475409836064,120.7867213114754,99.87786885245899,20.908852459016394,0.16393442622950818,HIGH
2ea0861cc19e94cad86438c984c52da4,3.0,2.3333333333333335,0.3333333333333333,0.0,36.98666666666667,26.23333333333333,10.753333333333332,0.0,LOW-N
2eb70248d66e0e3ef83659f71b244378,125.0,1.9696969696969697,0.7121212121212122,0.6363636363636364,203.1155303030303,187.9828787878788,15.132651515151515,0.15151515151515152,HIGH
2ec6e37d992a95eaddb3369dcbcc76d9,2.0,1.5,1.0,0.5,91.97,79.9,12.07,0.0,LOW-N
2ee0a0689f2f6a72f35a7cb6033f6e7e,1.0,5.0,0.0,0.0,85.12,68.2,16.92,0.0,LOW-N
2eeb6531ee027a48d401e72bebdd87d3,1.0,5.0,0.0,0.0,33.42,18.9,14.52,0.0,LOW-N
2f09f7d37a97956d11cc1a7cadd5262b,6.0,2.142857142857143,0.7142857142857143,0.14285714285714285,288.6871428571429,233.57142857142858,55.115714285714276,0.14285714285714285,LOW-N
2f1e7b90e01d9f086cbcb301c0c3d406,1.0,5.0,0.0,0.0,71.66,59.0,12.66,0.0,LOW-N
2f4b0d3b9634b647d4edee577d7ebb7e,1.0,5.0,0.0,0.0,42.68,34.9,7.78,0.0,LOW-N
2f4b9d112bfa44a214bc6cef085d17c8,3.0,4.666666666666667,0.0,0.0,70.82000000000001,52.39666666666667,18.423333333333336,0.0,LOW-N
2f73e04d12cdf0c945ded66bb3fcf6c7,1.0,2.0,1.0,1.0,397.04,360.0,37.04,0.0,LOW-N
2f74af7a0ee5636f12c2336f9fffed47,2.0,4.0,0.0,0.5,65.66,51.9,13.76,0.0,LOW-N
2fb25ab44bdbeae6a4d816e0d0c9d500,3.0,5.0,0.0,0.0,196.24333333333334,178.36333333333334,17.88,0.0,LOW-N
2fdde51ad3e12f297da656d4fbd5d0b5,5.0,4.8,0.0,0.0,641.07,589.2,51.86999999999999,0.0,LOW-N
2ff97219cb8622eaf3cd89b7d9c09824,26.0,4.482758620689655,0.06896551724137931,0.20689655172413793,61.101034482758614,46.10689655172415,14.994137931034484,0.06896551724137931,LOW-N
3076499bbc033a927bf4a8a41bcf7fd4,4.0,5.0,0.0,0.0,56.71333333333333,44.42333333333334,12.290000000000001,0.0,LOW-N
3078096983cf766a32a06257648502d1,19.0,3.5,0.35,0.35,201.4625,170.2835,31.17899999999999,0.05,LOW-N
30829ded4523ab9224b93bc49a62c95f,6.0,3.5384615384615383,0.38461538461538464,0.3076923076923077,215.32230769230773,195.3323076923077,19.990000000000006,0.07692307692307693,LOW-N
3092c0b297aacfb4bb6e056ebe13b9b8,7.0,2.5,0.5,0.625,97.19500000000001,82.9,14.295000000000002,0.0,LOW-N
30a2f535bb48308f991d0b9ad4a8c4bb,34.0,3.926829268292683,0.24390243902439024,0.0975609756097561,67.54121951219513,54.65609756097561,12.885121951219512,0.024390243902439025,HIGH
30a81d8cf85fb2ada1b1b094c9583a95,3.0,4.75,0.0,0.0,98.3475,89.4975,8.85,0.0,LOW-N
30c7f28fd3a5897b2c82d152bb760c17,4.0,1.5,0.75,0.25,529.6675,459.64750000000004,70.02000000000001,0.0,LOW-N
312ba1d77e9c332ef21f9598b7f64cd7,4.0,2.4,0.8,0.4,94.264,81.0,13.264000000000001,0.2,LOW-N
31344c16881c08a8a72c6d2eb29918c1,16.0,3.8125,0.25,0.3125,277.39125,223.025,54.36625,0.0625,LOW-N
31561f325664a8a7aba4c8d0c3a9b3db,15.0,4.4375,0.125,0.0,65.248125,50.24625,15.001875000000002,0.0625,LOW-N
318f287a62ab7ac10b703ac37435a231,19.0,2.8181818181818183,0.5,0.3181818181818182,66.75,47.27272727272727,19.477272727272727,0.3181818181818182,LOW-N
31ae0774c17fabd06ff707cc5bde005f,5.0,3.4,0.4,0.4,637.258,555.99,81.268,0.2,LOW-N
31be790e64fc99f8ff48ec2bd18a3104,3.0,4.0,0.0,0.3333333333333333,47.050000000000004,35.56666666666666,11.483333333333334,0.3333333333333333,LOW-N
31da954dc0855f2495c6310f70a2f931,9.0,4.333333333333333,0.1111111111111111,0.0,179.30333333333334,161.88888888888889,17.41444444444444,0.1111111111111111,LOW-N
31eec405c9bb71dec8e2629a92e764fa,2.0,5.0,0.0,0.0,68.785,48.0,20.785,0.0,LOW-N
323ce52b5b81df2cd804b017b7f09aa7,14.0,4.071428571428571,0.21428571428571427,0.21428571428571427,87.64428571428572,74.62142857142858,13.022857142857143,0.14285714285714285,LOW-N
324583d68897f5ddbaf38f6248322176,1.0,1.0,1.0,0.0,41.79,28.0,13.79,0.0,LOW-N
325f3178fb58e2a9778334621eecdbf9,8.0,3.6923076923076925,0.23076923076923078,0.38461538461538464,30.49384615384616,21.33076923076923,9.163076923076925,0.0,LOW-N
327b89b872c14d1c0be7235ef4871685,2.0,3.0,0.5,0.5,137.26999999999998,114.0,23.27,0.5,LOW-N
3289d8c3eef4873f91ce0b1343c0dd58,1.0,5.0,0.0,0.0,219.27,199.99,19.28,0.0,LOW-N
328acb143b4a73aad6bee8e734f5d20d,1.0,4.0,0.0,1.0,416.96000000000004,399.99,16.97,0.0,LOW-N
32b8764b4ef628b53608fc34011fcc13,13.0,3.923076923076923,0.15384615384615385,0.23076923076923078,300.3907692307692,229.0,71.39076923076922,0.07692307692307693,LOW-N
32f1bb9dfa65bc7df5c0d9d95a616be4,1.0,1.0,1.0,1.0,27.299999999999997,19.9,7.4,1.0,LOW-N
32f83ffe11cd40f7adcf4eef171f52d9,1.0,5.0,0.0,0.0,45.089999999999996,29.99,15.1,0.0,LOW-N
32fdd5d44ecb43dfd6a24b9369eca144,1.0,5.0,0.0,0.0,71.71,59.9,11.81,0.0,LOW-N
3338e7a0710a195872be80e0d2423867,1.0,1.0,1.0,1.0,65.43,45.0,20.43,0.0,LOW-N
333c4210e76a1aa2ab817b99437e3ff1,2.0,5.0,0.0,0.0,201.21499999999997,167.5,33.715,0.0,LOW-N
3340ef1913fb70d28420f6ceb685c339,6.0,3.142857142857143,0.42857142857142855,0.0,235.07142857142858,214.04285714285717,21.02857142857143,0.14285714285714285,LOW-N
334cab711dee080b079fa5779b584783,2.0,5.0,0.0,0.0,61.54,49.6,11.94,0.0,LOW-N
33576ec5412fb5905d876f12f33bfde6,12.0,3.5,0.25,0.3333333333333333,104.31833333333333,85.66666666666667,18.651666666666667,0.08333333333333333,LOW-N
3361277dc30b7cccdb0c286b24219756,9.0,3.6666666666666665,0.16666666666666666,0.16666666666666666,100.8525,85.46083333333335,15.391666666666667,0.16666666666666666,LOW-N
3364a91ec4d56c98e44174de954b94f6,5.0,3.6,0.4,0.2,737.7140000000002,685.99,51.724000000000004,0.0,LOW-N
33a17d60c64393351ebf1ef860f4e0f2,13.0,4.4375,0.0625,0.125,202.29625000000001,171.03375,31.262500000000003,0.0625,LOW-N
33a6f4b1e7cdc205511e76ba1b6e0186,39.0,4.020408163265306,0.1836734693877551,0.12244897959183673,97.91163265306123,82.44102040816327,15.470612244897959,0.02040816326530612,HIGH
33ab10be054370c254ddfcf0a6253422,1.0,5.0,0.0,0.0,73.71000000000001,58.2,15.51,0.0,LOW-N
33ac3e28642ab8bda860a2f693000e78,16.0,4.176470588235294,0.17647058823529413,0.11764705882352941,117.44647058823529,104.75,12.696470588235295,0.0,LOW-N
33c51922b6e3c16b24a8f28e5833c99d,7.0,3.7142857142857144,0.2857142857142857,0.42857142857142855,478.52,460.02714285714285,18.49285714285714,0.14285714285714285,LOW-N
33cbbec1e7e1044aaf11d152172c776f,6.0,4.833333333333333,0.0,0.0,84.94666666666667,50.708333333333336,34.23833333333334,0.0,LOW-N
33cbda8716511e27e556dff9d8418bf2,1.0,5.0,0.0,0.0,63.09,45.9,17.19,0.0,LOW-N
33d677f27a69b84051204ee4ae76eaca,1.0,4.0,0.0,0.0,33.13,14.9,18.23,0.0,LOW-N
33dd941c27854f7625b968cc6195a552,3.0,4.0,0.3333333333333333,0.0,1423.0166666666667,1344.1666666666667,78.85000000000001,0.0,LOW-N
33fd411ed63a7c2f9005e3f065d9f85d,1.0,4.0,0.0,0.0,43.129999999999995,24.9,18.23,0.0,LOW-N
34056b8b55c1775a22af2331670a799c,29.0,3.3448275862068964,0.3448275862068966,0.1724137931034483,99.57931034482758,79.16206896551725,20.417241379310347,0.13793103448275862,LOW-N
340636a908b13bbe0f4fb63fbe1d0c03,1.0,1.0,1.0,0.0,145.08,110.9,34.18,0.0,LOW-N
343e716476e3748b069f980efbaa294e,9.0,4.083333333333333,0.16666666666666666,0.16666666666666666,49.719166666666666,37.48333333333333,12.235833333333332,0.08333333333333333,LOW-N
344223b2a90784f64136a8a5da012e7f,1.0,2.0,1.0,1.0,27.689999999999998,10.9,16.79,1.0,LOW-N
3442f8959a84dea7ee197c632cb2df15,2.0,2.0,0.5,0.0,65.42,56.25,9.17,0.5,LOW-N
3481aa57cd91f9f9d3fa1fa12d9a3bf7,10.0,3.1,0.4,0.5,118.973,80.864,38.109,0.0,LOW-N
3492e68f37fd1df87f4f2f2ea247f445,2.0,2.3333333333333335,0.6666666666666666,0.0,71.98666666666666,53.656666666666666,18.330000000000002,0.0,LOW-N
34a557286ead8fe75c989e0afcf7d98c,3.0,4.666666666666667,0.0,0.0,126.61000000000001,113.3,13.31,0.0,LOW-N
34d1ca11b242c0fee2c834ae8d788566,8.0,4.875,0.0,0.0,378.03625,354.18499999999995,23.85125,0.0,LOW-N
34f563c82a85b99ae9e6d60db5fc2e28,1.0,5.0,0.0,0.0,226.47,209.9,16.57,0.0,LOW-N
3504c0cb71d7fa48d967e0e4c94d59d9,19.0,4.2631578947368425,0.10526315789473684,0.2631578947368421,61.51157894736842,46.695789473684215,14.815789473684214,0.0,LOW-N
353e21e8bf8de2722b4fae1636664b76,2.0,3.0,0.5,0.0,66.08500000000001,39.0,27.085,0.0,LOW-N
35857757f553273b1056c1cabdace7fb,1.0,1.0,1.0,1.0,136.3,115.0,21.3,1.0,LOW-N
3586b8580d9c917874e053a1bb37b5ff,7.0,4.25,0.0,0.125,57.7375,39.65,18.0875,0.0,LOW-N
35b96509602ec4b7da831b5cd73ff2c2,1.0,5.0,0.0,0.0,283.65,259.9,23.75,0.0,LOW-N
35fb511489d9ee3ee27a76debce9df06,1.0,5.0,0.0,0.0,259.06,195.0,64.06,0.0,LOW-N
365e445f796710c3431557e85caa25db,2.0,4.5,0.0,0.0,251.11,236.5,14.61,0.0,LOW-N
365e4bce19bda0082c3d15d83fdb8bcd,2.0,5.0,0.0,0.0,237.71999999999997,224.45,13.27,0.0,LOW-N
36890be00bbfc1cdb9a4a38a6af05a69,5.0,4.4,0.0,0.0,160.154,131.95999999999998,28.194,0.0,LOW-N
36a968b544695394e4e9d7572688598f,63.0,2.893939393939394,0.4696969696969697,0.3484848484848485,110.98712121212122,96.58030303030303,14.406818181818181,0.07575757575757576,HIGH
36f98ad67cc981f50ce8aed093d5783c,2.0,4.0,0.0,0.5,79.31,59.7,19.61,0.0,LOW-N
37303482a42fb700d8d127e70a9cd6c8,1.0,1.0,1.0,1.0,104.36999999999999,89.99,14.38,0.0,LOW-N
373ee4a3a775a733770ca3f790b8b9ac,5.0,3.375,0.375,0.125,143.43625,129.99,13.44625,0.0,LOW-N
37515688008a7a40ac93e3b2e4ab203f,77.0,3.875,0.2,0.2,40.164875,25.865,14.299874999999997,0.1,HIGH
376a891762bbdecbc02b4b6adec3fdda,20.0,4.761904761904762,0.0,0.0,174.00571428571428,149.52238095238093,24.48333333333333,0.047619047619047616,LOW-N
376d67b61dce0c990155286e7ae486a4,1.0,4.0,0.0,1.0,111.91,94.0,17.91,0.0,LOW-N
3771c85bac139d2344864ede5d9341e3,10.0,3.3636363636363638,0.36363636363636365,0.2727272727272727,52.79818181818182,38.445454545454545,14.35272727272727,0.36363636363636365,LOW-N
3785b653b1b82de85ab47dd139938091,10.0,4.9,0.0,0.1,80.34099999999998,61.709999999999994,18.630999999999997,0.0,LOW-N
37be5a7c751166fbc5f8ccba4119e043,149.0,4.171974522292993,0.1464968152866242,0.1337579617834395,217.14777070063693,194.93770700636944,22.210063694267518,0.025477707006369428,HIGH
37ceb404da208418c9032f0674e57804,1.0,1.0,1.0,1.0,91.37,68.31,23.06,0.0,LOW-N
37dd29b36c458d82f74a953c40c43645,6.0,4.0,0.2857142857142857,0.14285714285714285,659.3971428571429,597.3142857142857,62.082857142857144,0.14285714285714285,LOW-N
38102b031c2a15e54623d711bfc753d3,4.0,3.25,0.25,0.0,75.29750000000001,36.75,38.5475,0.0,LOW-N
381c83fdca332ea6afd896da20bf6e4a,21.0,4.571428571428571,0.047619047619047616,0.047619047619047616,190.12809523809523,167.8047619047619,22.32333333333333,0.047619047619047616,LOW-N
382229d1e840115ffe3dbf5ff460e417,18.0,4.0,0.2222222222222222,0.16666666666666666,123.37222222222223,105.19722222222224,18.174999999999997,0.16666666666666666,LOW-N
38874e327ce94d11390b96eb42d61928,1.0,3.0,0.0,0.0,783.22,689.99,93.23,0.0,LOW-N
389e45560e33d2d0747f949dcddbc08e,1.0,5.0,0.0,0.0,47.43,39.0,8.43,0.0,LOW-N
38af8acfd46ac4a7bf754e8ca6736664,1.0,5.0,0.0,0.0,66.78,59.0,7.78,0.0,LOW-N
38e679b9e0064cd94c6f035707344dae,15.0,3.375,0.3125,0.3125,147.325625,123.71312500000002,23.612499999999997,0.0625,LOW-N
38e6dada03429a47197d5d584d793b41,3.0,2.142857142857143,0.7142857142857143,0.7142857142857143,24.194285714285712,13.248571428571427,10.945714285714287,0.7142857142857143,LOW-N
38f276ca6e7cc95a6d1bb55ac9e5550f,1.0,5.0,0.0,0.0,36.839999999999996,24.99,11.85,0.0,LOW-N
391bbd13b6452244774beff1824006ed,1.0,1.0,1.0,1.0,81.6,63.9,17.7,1.0,LOW-N
391fc6631aebcf3004804e51b40bcf1e,241.0,3.5821428571428573,0.2785714285714286,0.225,80.84253571428572,64.97164285714287,15.870892857142858,0.10714285714285714,HIGH
392353362d22cc2c236e1ee81ff19890,3.0,5.0,0.0,0.0,48.34166666666666,29.80333333333333,18.53833333333333,0.0,LOW-N
392e0502231ae2f8b29994ef6398cd77,6.0,3.8333333333333335,0.16666666666666666,0.16666666666666666,130.38166666666666,110.43333333333334,19.948333333333334,0.16666666666666666,LOW-N
3935fe5fe0f82787a9dcb8deb62be09d,4.0,3.5,0.25,0.5,108.065,88.22,19.845,0.0,LOW-N
3968920b9aa752ab98f7d5888c9252f2,2.0,3.0,0.5,0.5,73.56,57.0,16.560000000000002,0.5,LOW-N
3969863bb8af7f72580b3b1ffd3a17b3,5.0,3.8,0.2,0.2,71.28999999999999,47.936,23.353999999999996,0.0,LOW-N
397c4d0c005b6f41f90098ac724e28cb,1.0,5.0,0.0,0.0,1759.26,1699.0,60.26,0.0,LOW-N
3985a3c45be355a4c57fde108bfabd1c,2.0,3.0,0.5,0.5,65.86500000000001,29.9,35.965,0.0,LOW-N
3986c0b54f6b748b75e7bd4e092aa3e5,1.0,5.0,0.0,0.0,40.269999999999996,24.99,15.28,0.0,LOW-N
398cb257329ef7af7f1943a8974a3cbc,1.0,5.0,0.0,0.0,161.37,145.9,15.47,0.0,LOW-N
39a5005f2605cbdb4f9ac14485cabfd1,1.0,5.0,0.0,0.0,148.01,129.01,19.0,0.0,LOW-N
39c763cca83e654764b7a4a650fb9b7c,6.0,3.6666666666666665,0.3333333333333333,0.3333333333333333,84.44333333333334,61.0,23.44333333333333,0.16666666666666666,LOW-N
39d54ff918774174706fb065d7f9dc07,8.0,3.2222222222222223,0.4444444444444444,0.2222222222222222,80.76666666666668,66.37777777777778,14.38888888888889,0.0,LOW-N
39d61be7a92eb77b7da367bd4845bc0e,2.0,2.3333333333333335,0.6666666666666666,0.0,68.38000000000001,48.99,19.39,0.0,LOW-N
39f776d2974049026ff531fc42ef2a3e,2.0,3.6666666666666665,0.3333333333333333,0.0,352.4533333333333,329.7866666666667,22.666666666666668,0.0,LOW-N
3a1a1fec38dd360f15fc912e821e169d,5.0,3.4,0.4,0.4,272.806,237.14600000000002,35.660000000000004,0.4,LOW-N
3a3e46d10f74d8a6ca76e2b538f106a0,1.0,1.0,1.0,0.0,43.41,35.0,8.41,0.0,LOW-N
3a4127e1ba7208ea37044c5092aae170,3.0,2.3333333333333335,0.6666666666666666,0.3333333333333333,370.1766666666667,353.5666666666666,16.61,0.0,LOW-N
3a490ba60afa30ece0e7d50cfe74a4f0,4.0,5.0,0.0,0.0,211.5625,192.4,19.1625,0.0,LOW-N
3a52d63a8f9daf5a28f3626d7eb9bd28,1.0,1.0,1.0,1.0,52.78,35.0,17.78,0.0,LOW-N
3a734b715d333a2588a3d54a0c9b8746,12.0,3.5833333333333335,0.25,0.3333333333333333,142.67166666666665,125.0,17.671666666666667,0.08333333333333333,LOW-N
3a79f35a2344ede41af21267f61d5ec6,1.0,1.0,1.0,1.0,217.71,186.0,31.71,0.0,LOW-N
3aa3c89ae3cd482385568be76120f63c,1.0,4.0,0.0,0.0,48.94,29.9,19.04,0.0,LOW-N
3ab971ce71839580d2ae5b4e40fe8044,19.0,3.8,0.2,0.25,159.3435,134.26000000000002,25.083499999999997,0.1,LOW-N
3ade81dab5a172b88e1871c28ae05260,13.0,3.923076923076923,0.23076923076923078,0.23076923076923078,225.40846153846152,177.44615384615386,47.962307692307704,0.07692307692307693,LOW-N
3afc536624bc2e65bddfb5db33cc01f3,4.0,3.75,0.25,0.25,69.36,52.0,17.36,0.25,LOW-N
3b15288545f8928d3e65a8f949a28291,46.0,3.456140350877193,0.3333333333333333,0.22807017543859648,134.30035087719298,113.70929824561404,20.591052631578947,0.10526315789473684,HIGH
3b872fd4747f01cc56206f2934198618,10.0,3.1,0.4,0.4,141.328,98.054,43.274,0.2,LOW-N
3bb32fedaa74e4ad20f4ce067733bd31,1.0,4.0,0.0,0.0,78.22,55.9,22.32,0.0,LOW-N
3bb548e3cb7f70f28e3f11ee9dce0e59,19.0,3.5217391304347827,0.30434782608695654,0.2608695652173913,196.9139130434783,178.18260869565216,18.731304347826086,0.0,LOW-N
3bdff180c7e1f6551a643b99c265a120,21.0,3.4545454545454546,0.3181818181818182,0.18181818181818182,63.684999999999995,46.08181818181818,17.603181818181817,0.09090909090909091,LOW-N
3be5841cdcc46de4ed3f9116f104b2c5,2.0,5.0,0.0,0.0,175.43,149.9,25.53,0.0,LOW-N
3be634553519fb6536a03e1358e9fdc7,31.0,3.358974358974359,0.38461538461538464,0.28205128205128205,79.34205128205129,58.29820512820513,21.043846153846154,0.07692307692307693,HIGH
3bfad056cf05c00dabe2f895925d83b1,1.0,1.0,1.0,0.0,50.67,41.33,9.34,0.0,LOW-N
3c010235b7345c92f125d14ee232a76b,7.0,4.714285714285714,0.0,0.14285714285714285,258.3671428571429,229.57142857142858,28.795714285714286,0.0,LOW-N
3c03b12bab54d8b37d79d914bfdb1aa0,14.0,3.0555555555555554,0.3888888888888889,0.1111111111111111,108.95722222222221,92.33277777777778,16.624444444444446,0.3333333333333333,LOW-N
3c3017960b2dbd72711a61f0400aab8f,6.0,3.3333333333333335,0.3333333333333333,0.16666666666666666,128.435,101.53333333333335,26.901666666666667,0.0,LOW-N
3c487ae8f8d7542beff5788e2e0aea83,17.0,3.45,0.3,0.45,302.4815,280.0499999999999,22.4315,0.05,LOW-N
3c4e0452bff7a2a788179488d3d77032,10.0,3.0833333333333335,0.4166666666666667,0.5,115.32833333333333,100.06666666666668,15.261666666666665,0.0,LOW-N
3c7c4a49ec3c6550809089c6a2ca9370,63.0,2.8732394366197185,0.5352112676056338,0.3380281690140845,39.46112676056339,26.747183098591556,12.713943661971832,0.1267605633802817,HIGH
3ca08eeb8d5595949fed424bd3677742,5.0,4.2,0.2,0.2,155.916,124.91799999999998,30.998,0.0,LOW-N
3cfa1358a6caa965278721344c8d76f2,1.0,5.0,0.0,0.0,842.14,827.99,14.15,0.0,LOW-N
3d01d1c414c44b5943a09619ff3853cb,2.0,3.0,0.5,0.5,102.67500000000001,87.45,15.224999999999998,0.0,LOW-N
3d2531eccfbde1d7c8db7a3a12fb267a,1.0,5.0,0.0,0.0,114.77,99.99,14.78,0.0,LOW-N
3d39fbf22a665714baf62fae36029e23,2.0,5.0,0.0,0.0,157.985,142.4,15.585,0.0,LOW-N
3d4824f20035949c710eaf111f869d39,4.0,2.8,0.6,0.6,184.24200000000002,163.502,20.740000000000002,0.4,LOW-N
3d49bfdd1b43a7fe169b3740067acc61,2.0,5.0,0.0,0.0,99.75,80.0,19.75,0.0,LOW-N
3d4b1ae7539303b5704493798893e82c,2.0,5.0,0.0,0.0,175.63,155.5,20.13,0.0,LOW-N
3d5d0dc7073a299e31fa718ce1bc00b6,7.0,3.375,0.375,0.25,40.595,26.7125,13.8825,0.25,LOW-N
3d621842b2ed28e2b474132480edac3c,2.0,3.0,0.5,0.5,226.66500000000002,207.49,19.175,0.0,LOW-N
3d68c634a99a1ba46dbca3967a69c623,1.0,5.0,0.0,0.0,435.23,297.0,138.23,0.0,LOW-N
3d700782d7818f2c1e0d7a9e9d75fc00,2.0,3.0,0.5,0.5,82.81,49.9,32.910000000000004,0.5,LOW-N
3d871de0142ce09b7081e2b9d1733cb1,410.0,3.684684684684685,0.23873873873873874,0.2635135135135135,103.48743243243243,84.0313063063063,19.456126126126126,0.09009009009009009,HIGH
3d8fa2f5b647373c8620330c4e077a9f,19.0,3.55,0.3,0.25,85.1845,68.16850000000001,17.016,0.05,LOW-N
3da38366e7bd9baf6369071f782ecdf0,1.0,1.0,1.0,1.0,86.43,59.47,26.96,1.0,LOW-N
3db66a856d18a9cba7c9241fc5221c50,47.0,3.9,0.16,0.16,127.3,105.25999999999998,22.039999999999996,0.12,HIGH
3dbbce181edfaa4a597ec858c382d2ec,4.0,3.0,0.5,0.75,70.355,54.175000000000004,16.18,0.0,LOW-N
3df020b72d3d44b3af9d110fa3940b65,27.0,3.2115384615384617,0.3269230769230769,0.3076923076923077,65.19923076923078,49.900000000000006,15.299230769230773,0.1346153846153846,LOW-N
3dfd3dc96f7f8598eca74e9ac8a2fa31,2.0,2.0,0.5,0.5,54.075,42.5,11.575,0.5,LOW-N
3e51f9cbe317bc3a88f2c76583811ee4,1.0,5.0,0.0,0.0,84.78,76.09,8.69,0.0,LOW-N
3e8bd881d92466e63ba9e3e809cd3c50,4.0,3.8,0.2,0.2,283.77000000000004,260.918,22.851999999999997,0.4,LOW-N
3ea00e1dea2b0659dbaf654735929220,2.0,5.0,0.0,0.0,94.25999999999999,75.0,19.259999999999998,0.0,LOW-N
3ef37b7ca6dd2b80bd8af81a62504996,1.0,4.0,0.0,0.0,372.27,350.0,22.27,0.0,LOW-N
3f0e48d209018b466fcd3bb4ccfeb520,3.0,2.6666666666666665,0.6666666666666666,0.3333333333333333,592.61,566.5666666666666,26.043333333333333,0.0,LOW-N
3f2af2670e104d1bcb54022274daeac5,1.0,1.0,1.0,0.0,181.48,129.0,52.48,0.0,LOW-N
3f3486b61f45078d4f31ee5e43d8c5bb,16.0,4.125,0.1875,0.125,135.31125000000003,108.53312500000001,26.778125000000003,0.125,LOW-N
3f8034bfc6b8b4135534975d49f04c63,4.0,1.875,0.75,0.75,56.82875,40.9875,15.841249999999999,0.0,LOW-N
3f8247d0f772ffa58560e5c682521ad5,1.0,3.0,0.0,1.0,158.45000000000002,139.9,18.55,0.0,LOW-N
3f995f07c49d0d55a99d5c54957f7d81,22.0,3.9545454545454546,0.13636363636363635,0.09090909090909091,108.90272727272726,93.48636363636363,15.416363636363634,0.045454545454545456,LOW-N
3f9be91358837bff69df67edfa3e42e8,3.0,3.6666666666666665,0.3333333333333333,0.3333333333333333,117.44333333333333,101.60000000000001,15.843333333333334,0.0,LOW-N
3f9c56764fabca627406093dcb3ef0b4,3.0,4.666666666666667,0.0,0.0,146.98666666666668,129.9,17.086666666666666,0.0,LOW-N
3fac58ce0ad699020c7944d53c41329c,5.0,4.333333333333333,0.16666666666666666,0.16666666666666666,64.74666666666666,54.59666666666666,10.149999999999999,0.16666666666666666,LOW-N
3fadb4cba4c35bce6a7eaf9872d5623a,3.0,3.2,0.4,0.4,55.504,41.9,13.604,0.0,LOW-N
3faf68a3b0af94b10bac70d86077be49,2.0,4.5,0.0,0.0,206.335,188.99,17.345,0.0,LOW-N
3fd1e727ba94cfe122d165e176ce7967,11.0,2.727272727272727,0.45454545454545453,0.36363636363636365,73.04636363636364,57.08181818181818,15.964545454545451,0.36363636363636365,LOW-N
3febca52652e7209509ccfe61cbde40e,1.0,1.0,1.0,1.0,50.45,42.0,8.45,0.0,LOW-N
4003520d80d0bad1d5623f7aa3c63cda,1.0,1.0,1.0,1.0,86.74,70.0,16.74,0.0,LOW-N
402916f742e5c740cc751493d9cf5053,4.0,4.75,0.0,0.25,127.29499999999999,104.0,23.295,0.0,LOW-N
403aa86912527d730337ffcb0fb096ab,4.0,3.0,0.25,0.5,1147.1924999999999,1124.9899999999998,22.202499999999997,0.0,LOW-N
4049512728d969bec69f84088b012416,2.0,5.0,0.0,0.0,52.44,36.59,15.850000000000001,0.0,LOW-N
404e1ba01358af4cd63f679b2c4d1fa1,3.0,5.0,0.0,0.0,43.66166666666667,29.900000000000002,13.761666666666665,0.0,LOW-N
40536e7ca18e1bce252828e5876466cc,1.0,1.0,1.0,1.0,240.75,115.99,124.76,0.0,LOW-N
406740ee611378a662d274c7d8c43c4a,3.0,3.4,0.4,0.0,197.18800000000002,179.2,17.988,0.4,LOW-N
406822777a0b9eb5c50e442dd4cd3ec5,12.0,4.538461538461538,0.07692307692307693,0.07692307692307693,91.70076923076924,71.75384615384615,19.946923076923078,0.07692307692307693,LOW-N
4091f77d8c768fc3e81c20761471761d,3.0,3.0,0.3333333333333333,0.6666666666666666,156.00666666666666,132.66666666666666,23.34,0.3333333333333333,LOW-N
40d54b51e962dbe09cabbcfd33298dee,14.0,3.1333333333333333,0.4,0.2,236.19199999999998,214.21200000000002,21.98,0.0,LOW-N
40db9e9aa57f7bb151bcda6b0f9bdbb7,8.0,1.625,0.875,0.5,1934.93125,1894.0,40.93125,0.125,LOW-N
40ec8ab6cdafbcc4f544da38c67da39a,2.0,5.0,0.0,0.0,78.5,58.9,19.6,0.0,LOW-N
411f3b52d857390502ee4e4d5ceabc2d,6.0,3.5555555555555554,0.3333333333333333,0.2222222222222222,72.81777777777776,60.68777777777777,12.129999999999999,0.2222222222222222,LOW-N
412a4720f3e9431b4afa1476a1acddbe,2.0,2.0,0.5,0.5,42.56,29.45,13.110000000000001,0.0,LOW-N
4170f6a9367e6b5d6401d03ce6d54569,2.0,3.0,0.5,0.5,138.625,117.445,21.18,0.5,LOW-N
41ab63a91b8b264e8c8780368bf1dd5b,7.0,4.375,0.125,0.375,214.9,188.19625,26.70375,0.0,LOW-N
41b14765bd56c8ad10971074380f9c0c,2.0,2.75,0.75,0.0,47.03,34.5,12.530000000000001,0.0,LOW-N
41b39e28db005d9731d9d485a83b4c38,83.0,3.8349514563106797,0.22330097087378642,0.22330097087378642,95.3455339805825,78.48038834951453,16.86514563106796,0.04854368932038835,HIGH
41b86b552e54e3a7009596125aa8b167,5.0,4.2,0.2,0.0,193.08800000000002,173.94,19.148,0.0,LOW-N
41c2bad7229b0c25e6becf179ebf63ff,4.0,5.0,0.0,0.0,42.269999999999996,34.0,8.27,0.0,LOW-N
41c9d3997dd3c072c31139dc5bb5761f,2.0,4.5,0.0,0.0,391.52,349.45,42.07,0.0,LOW-N
41da412d33e8da4f22baf55cb1bde82c,3.0,5.0,0.0,0.0,81.01833333333333,63.5,17.51833333333333,0.0,LOW-N
41e0fa5761c886a630994a55c12087e7,1.0,5.0,0.0,0.0,93.79,84.9,8.89,0.0,LOW-N
4200ddf1967c5e41e48db62bc6d4b5ac,9.0,4.315789473684211,0.10526315789473684,0.0,30.305263157894736,17.00526315789473,13.299999999999999,0.0,LOW-N
4221a7df464f1fe2955934e30ff3a5a1,2.0,5.0,0.0,0.0,216.4,169.9,46.5,0.0,LOW-N
422be4cc81a457fdb46f47edeb968ae5,1.0,5.0,0.0,1.0,317.37,239.9,77.47,0.0,LOW-N
427165bf50f8ca07efc7bdc2bfcf1688,4.0,3.0,0.5,0.0,310.365,290.875,19.490000000000002,0.5,LOW-N
42b729f859728f5079499127a9c2ef37,40.0,3.857142857142857,0.22448979591836735,0.24489795918367346,41.32714285714286,31.19326530612245,10.13387755102041,0.22448979591836735,HIGH
42bde9fef835393bb8a8849cb6b7f245,14.0,3.823529411764706,0.23529411764705882,0.23529411764705882,240.24411764705886,220.47058823529412,19.77352941176471,0.058823529411764705,LOW-N
42d4b7e70819438f5ada61c965e92d7e,1.0,1.0,1.0,1.0,33.593333333333334,16.533333333333335,17.06,0.0,LOW-N
42ef3192a9ff87a22d1867b74b3ee205,8.0,4.25,0.125,0.25,89.93875,76.84875,13.09,0.0,LOW-N
42fa4ee7240e9b8eb4576358ec142ba7,6.0,5.0,0.0,0.0,194.97333333333336,164.81666666666666,30.156666666666663,0.0,LOW-N
42fb44130ac3134cde8e35cf8ec7df25,2.0,3.0,0.5,0.5,29.86,18.9,10.96,0.0,LOW-N
430315b7bb4b6e4b3c978f9dfa9b0558,10.0,3.272727272727273,0.36363636363636365,0.36363636363636365,170.78363636363636,140.45454545454547,30.329090909090908,0.09090909090909091,LOW-N
4305fe92735c8a43d154ff6dd2b8d927,6.0,3.5,0.375,0.125,164.7475,147.28750000000002,17.46,0.0,LOW-N
431050a06a317f2b38168dec3dcd2b46,3.0,3.6666666666666665,0.3333333333333333,0.3333333333333333,106.18333333333332,89.23333333333333,16.95,0.0,LOW-N
431af27f296bc6519d890aa5a05fdb11,44.0,2.979591836734694,0.4489795918367347,0.3673469387755102,119.11897959183672,101.22653061224489,17.892448979591833,0.20408163265306123,HIGH
4324dd16853115efb0fd9d0d131ba6f4,9.0,4.0,0.18181818181818182,0.18181818181818182,81.54636363636364,63.439090909090915,18.10727272727273,0.09090909090909091,LOW-N
432c37c9dfba871172ec162e20118b8c,17.0,3.6,0.3,0.25,77.09949999999999,59.495000000000005,17.6045,0.15,LOW-N
432c67955c0acd1fd6b0b5d678766a71,2.0,3.0,0.5,0.0,554.53,494.0,60.53,0.0,LOW-N
43402bdf22aa2310e8f99e2f94f78628,3.0,2.5,0.5,0.25,182.1775,139.99,42.18750000000001,0.0,LOW-N
4342d4b2ba6b161468c63a7e7cfce593,15.0,1.0666666666666667,1.0,0.6,162.81333333333333,147.84000000000003,14.973333333333331,0.06666666666666667,LOW-N
4371b634e0efc0e22b09b52907d9d469,43.0,4.163265306122449,0.1836734693877551,0.12244897959183673,87.76591836734696,74.61224489795919,13.153673469387757,0.061224489795918366,HIGH
43753b27d77860f1654aa72e251a7878,1.0,5.0,0.0,0.0,66.28,23.9,42.38,0.0,LOW-N
439a47cc365d6e3bd526812ea9de3c29,3.0,3.0,0.5,0.5,121.54249999999999,105.125,16.4175,0.5,LOW-N
43b2c864251aa0ce4030c746984e088a,1.0,1.0,1.0,1.0,52.07,34.9,17.17,0.0,LOW-N
43f8c9950d11ecd03a0304a49e010da6,17.0,4.470588235294118,0.058823529411764705,0.0,120.73294117647059,106.75470588235295,13.978235294117647,0.058823529411764705,LOW-N
44073f8b7e41514de3b7815dd0237f4f,76.0,3.292682926829268,0.34146341463414637,0.32926829268292684,139.16146341463417,118.5718292682927,20.589634146341464,0.06097560975609756,HIGH
440dd6ab244315c632130ecfb63827b1,45.0,3.488888888888889,0.28888888888888886,0.28888888888888886,180.66333333333336,156.51111111111106,24.15222222222222,0.2,HIGH
443d880f15cbd3572885e1d44bf2c478,1.0,2.0,1.0,0.0,62.5,47.4,15.1,0.0,LOW-N
4450bd8327d471c4a11a83d1445b1b62,1.0,5.0,0.0,0.0,214.56,199.0,15.56,0.0,LOW-N
446cc09cdbb130904da114e807dbec40,1.0,5.0,0.0,0.0,29.689999999999998,16.9,12.79,0.0,LOW-N
44717f64ec2a457979cf83c429077666,2.0,5.0,0.0,0.0,56.970000000000006,35.666666666666664,21.30333333333333,0.0,LOW-N
44ed138eca6214d572ce1d813fb0049b,1.0,5.0,0.0,0.0,56.37,39.9,16.47,0.0,LOW-N
44f091b5abab8018f682fce8124b85e5,4.0,2.25,0.75,0.5,211.495,194.925,16.57,0.25,LOW-N
45213867cefbf2cd4c6177e10216a951,8.0,3.5,0.375,0.25,382.73249999999996,348.97749999999996,33.755,0.125,LOW-N
4559697a8f7e637227c2eeaed843baff,19.0,3.7,0.25,0.25,108.5095,87.91000000000001,20.5995,0.1,LOW-N
455befea1bb853c75ccbca94cff26e5c,1.0,3.0,0.0,0.0,42.05,19.99,22.06,0.0,LOW-N
455c5640e8c5bd1b2ee85c0158f85727,1.0,4.0,0.0,1.0,2115.05,1990.0,125.05,0.0,LOW-N
455f46ef09a9e45667e2981df84b5cc2,1.0,1.0,1.0,0.0,42.769999999999996,29.9,12.87,0.0,LOW-N
457fe919b032a3f7dadba6fb92cf7855,3.0,5.0,0.0,0.0,97.0475,84.9225,12.125,0.0,LOW-N
458c6fa920810ce2492da71bc26d9eec,1.0,2.0,1.0,1.0,425.11,378.38,46.73,0.0,LOW-N
45a3d05fb00435e52a28859dd03703b3,1.0,5.0,0.0,0.0,1323.79,1299.0,24.79,0.0,LOW-N
45ba18c210d42734ec52c0c1c574e9ee,17.0,3.3157894736842106,0.3157894736842105,0.21052631578947367,162.66157894736844,139.4663157894737,23.195263157894733,0.10526315789473684,LOW-N
45c20d94d9171b0bcfab3c955e47d67b,2.0,4.0,0.0,0.0,35.215,21.740000000000002,13.475,0.0,LOW-N
45d33f715e24d15a6ccf5c17b3a23e3c,21.0,3.9047619047619047,0.19047619047619047,0.09523809523809523,109.52142857142859,94.40000000000002,15.121428571428572,0.09523809523809523,LOW-N
461ff5303b6c9c1a4a07f40c5aece516,1.0,1.0,1.0,1.0,57.37,34.9,22.47,0.0,LOW-N
4677a5437afda5fa7140b927b07be1cc,2.0,4.5,0.0,0.5,209.285,181.5,27.785,0.0,LOW-N
46dc3b2cc0980fb8ec44634e21d2718e,193.0,3.772277227722772,0.24257425742574257,0.2376237623762376,280.51737623762375,258.06450495049506,22.452871287128715,0.08415841584158416,HIGH
46ef1a25845fc051c2998d878354810c,1.0,4.0,0.0,0.0,105.31,84.81,20.5,1.0,LOW-N
4736e9d642ef4257cd7622516931eb51,5.0,3.4,0.4,0.2,56.14399999999999,46.992000000000004,9.152000000000001,0.0,LOW-N
47648caee88ccfe951fbb27fbf7b4cbe,1.0,1.0,1.0,0.0,563.33,535.0,28.33,0.0,LOW-N
478bfe564db21eeb44386606aa30b650,1.0,4.0,0.0,0.0,86.83000000000001,69.9,16.93,0.0,LOW-N
47efca563408aae19bb7206c2d969ea9,5.0,3.2,0.4,0.4,217.898,189.6,28.298000000000002,0.0,LOW-N
48162d548f5b1b11b9d29d1e01f75a61,31.0,3.119047619047619,0.42857142857142855,0.2619047619047619,258.3588095238095,231.82952380952378,26.52928571428571,0.047619047619047616,HIGH
4830e40640734fc1c52cd21127c341d4,93.0,3.72,0.22,0.23,60.130800000000015,45.3724,14.7584,0.06,HIGH
483ca627d131e18f988349b1655c0acd,1.0,5.0,0.0,0.0,283.73,264.0,19.73,0.0,LOW-N
48436dade18ac8b2bce089ec2a041202,53.0,3.5714285714285716,0.26785714285714285,0.32142857142857145,106.8307142857143,87.18892857142858,19.641785714285714,0.08928571428571429,HIGH
4869f7a5dfa277a7dca6462dcf3b52b2,445.0,3.7379912663755457,0.23799126637554585,0.23799126637554585,215.52497816593888,197.9448034934498,17.580174672489083,0.16593886462882096,HIGH
48985c61529077fa4f1e38bcff0f2ed3,2.0,4.5,0.0,0.0,154.86,129.9,24.96,0.0,LOW-N
48b6c3f4c6a93171da04b75313f2130f,1.0,5.0,0.0,0.0,174.1,155.13,18.97,0.0,LOW-N
48efc9d94a9834137efd9ea76b065a38,26.0,5.0,0.0,0.0,19.80222222222222,10.196296296296294,9.605925925925927,0.0,LOW-N
48fb026ed7455a42f5d3e9390ed5088e,5.0,2.6,0.6,0.0,85.326,61.95400000000001,23.371999999999996,0.0,LOW-N
49067458c68f7701fd334ce326accbe0,11.0,2.8260869565217392,0.5652173913043478,0.0,43.23826086956521,28.058695652173924,15.179565217391309,0.13043478260869565,LOW-N
4917cee8d902e13428c3ec4b1ca6f315,12.0,4.0,0.16666666666666666,0.25,204.17416666666668,164.91666666666666,39.2575,0.08333333333333333,LOW-N
491a5ada3aa1678414e990262c4bbdc1,2.0,3.0,0.5,0.5,1436.905,1420.0,16.905,0.0,LOW-N
49383af7ab774e4e8f3000f49c83dc4b,2.0,3.5,0.0,0.5,77.91499999999999,55.0,22.915,0.0,LOW-N
4965a7002cca77301c82d3f91b82e1a9,1.0,5.0,0.0,0.0,16.36,8.49,7.87,0.0,LOW-N
497709c2976a8fa308730a2dec5b0726,1.0,5.0,0.0,0.0,47.019999999999996,38.0,9.02,0.0,LOW-N
4978a02ea9c8be7a9b5480680f40334e,10.0,2.909090909090909,0.45454545454545453,0.18181818181818182,135.58636363636364,120.44454545454546,15.141818181818183,0.0,LOW-N
4992e76a42cb3aad7a7047e0d3d7e729,27.0,3.1794871794871793,0.3076923076923077,0.3333333333333333,42.152564102564085,28.728205128205126,13.424358974358974,0.10256410256410256,LOW-N
499ec63c58e51296c9cf57edcfe1c8a8,3.0,5.0,0.0,0.0,82.39,75.0,7.39,0.0,LOW-N
49cdc90518a4f82676b38b3c1aa43ff6,3.0,4.0,0.0,0.0,302.54,286.56666666666666,15.973333333333331,0.0,LOW-N
49e7217cfe4e427191c378ec626d8737,8.0,3.5555555555555554,0.2222222222222222,0.2222222222222222,272.74,244.35555555555553,28.384444444444444,0.0,LOW-N
49f8d2ea7b718d0ce587d34207caf2b4,1.0,5.0,0.0,0.0,165.26,149.9,15.36,0.0,LOW-N
4a1917ef994878940e1fb03eeb787ad7,1.0,2.0,1.0,0.0,294.03,269.0,25.03,0.0,LOW-N
4a1f694197d05fe70026b016a7316b41,5.0,3.6,0.3,0.4,52.714,38.99,13.724,0.1,LOW-N
4a23adac87cf538689fa600d976f78b2,1.0,4.0,0.0,0.0,153.99,135.0,18.99,0.0,LOW-N
4a3ca9315b744ce9f8e9374361493884,915.0,3.4333976833976836,0.3001930501930502,0.2722007722007722,122.34252895752896,104.40388996138996,17.938638996138998,0.13996138996138996,HIGH
4a3ccda38b2129705f3fb522db62ca31,27.0,3.081081081081081,0.40540540540540543,0.21621621621621623,203.19945945945943,187.14756756756753,16.051891891891895,0.1891891891891892,LOW-N
4a82168aaef173cbb6e46ae88728f919,1.0,5.0,0.0,0.0,180.91,149.0,31.91,0.0,LOW-N
4a82c4af97ffc0fb2dc26bfdc03b1842,1.0,5.0,0.0,0.0,78.77,61.9,16.87,0.0,LOW-N
4aba391bc3b88717ce08eb11e44937b2,13.0,3.230769230769231,0.38461538461538464,0.23076923076923078,305.5492307692308,278.14384615384614,27.40538461538462,0.23076923076923078,LOW-N
4b0fdb526525f9890eb145bf1534640e,8.0,3.0,0.4444444444444444,0.4444444444444444,151.98666666666668,121.34444444444446,30.642222222222227,0.0,LOW-N
4b1eaadf791bdbbad8c4a35b65236d52,6.0,1.1666666666666667,1.0,1.0,259.2716666666667,244.5666666666667,14.704999999999998,0.16666666666666666,LOW-N
4b5f66b7adcf57f1ecc0d3c07dd6b177,11.0,3.5,0.3125,0.0625,187.88125,168.685,19.19625,0.0625,LOW-N
4b90495391ac0bd181a80a459df1e718,1.0,4.0,0.0,0.0,266.11,248.0,18.11,0.0,LOW-N
4b9750c8ad28220fe6702d4ecb7c898f,63.0,4.125,0.140625,0.171875,96.56125,80.72968749999998,15.8315625,0.109375,HIGH
4b98b0428fc1932cc2514ef9ce2505e6,2.0,3.0,0.5,0.5,156.1,137.88,18.22,0.0,LOW-N
4ba52dfeba874da5b9ee7b17c7494f04,6.0,4.0,0.16666666666666666,0.3333333333333333,146.58333333333334,129.5,17.083333333333332,0.16666666666666666,LOW-N
4bc3d93e4a5f88a598d3d8ce4ae510b3,1.0,1.0,1.0,0.0,188.28,169.0,19.28,0.0,LOW-N
4bcec44888b30ba9001234c534716d3f,1.0,3.0,0.0,1.0,47.39,40.0,7.39,0.0,LOW-N
4bde6149c15cf7e177b36fa060dd6de8,2.0,5.0,0.0,0.0,96.23,79.9,16.33,0.0,LOW-N
4be6b962d83299498bae2190f95d6566,4.0,3.75,0.25,0.25,76.6875,59.9,16.7875,0.0,LOW-N
4bf2f4ee540798a61f9636d12cd9cc80,12.0,4.461538461538462,0.07692307692307693,0.07692307692307693,173.39461538461535,155.76923076923077,17.62538461538462,0.07692307692307693,LOW-N
4bf658053d453036c70976bccb2c31b2,2.0,4.5,0.0,0.5,912.28,871.495,40.785,0.0,LOW-N
4bfc7a4a1cf8d4d2121c27422d9e50b5,16.0,3.888888888888889,0.25925925925925924,0.18518518518518517,261.32555555555547,233.45555555555555,27.87,0.037037037037037035,LOW-N
4c03b9dd4c11ee2cb35c96c49efc9420,22.0,3.4545454545454546,0.3181818181818182,0.4090909090909091,147.2481818181818,128.95909090909092,18.289090909090906,0.045454545454545456,LOW-N
4c18691b6037662be2df78a765d98ab5,29.0,3.28125,0.34375,0.34375,60.755937499999995,43.560625,17.1953125,0.15625,LOW-N
4c1c7281388a33dd06daac44f9fadbd1,2.0,5.0,0.0,0.0,45.945,30.384999999999998,15.56,0.0,LOW-N
4c2b230173bb36f9b240f2b8ac11786e,122.0,3.2241379310344827,0.40229885057471265,0.28160919540229884,55.54419540229884,42.28270114942528,13.261494252873561,0.09770114942528736,HIGH
4c498c7345e89aebad651544829beca0,16.0,3.9375,0.1875,0.1875,136.52625,123.05999999999999,13.466249999999999,0.1875,LOW-N
4c4d546adf3c3868fe19c9ec6e9ffda9,2.0,3.6666666666666665,0.0,0.0,52.36333333333334,37.23333333333333,15.13,0.0,LOW-N
4c60877808f4318ef1107fbeb8f89afa,1.0,5.0,0.0,0.0,65.6,48.0,17.6,0.0,LOW-N
4c61e37f664c3c88aff092aa5ac779d7,2.0,2.5,0.5,0.5,128.60000000000002,111.44,17.16,0.0,LOW-N
4c8545742faaf58fafd5fd14d25d75cf,1.0,5.0,0.0,0.0,368.47,300.0,68.47,0.0,LOW-N
4c8b8048e33af2bf94f2eb547746a916,11.0,2.8461538461538463,0.5384615384615384,0.3076923076923077,102.55076923076923,87.19384615384615,15.356923076923074,0.23076923076923078,LOW-N
4cc43a222a0f94910728b62b97a8c5f8,1.0,3.0,0.0,1.0,120.76,108.5,12.26,0.0,LOW-N
4ce8b55b4bfa4659184e7becc1fba3f2,2.0,3.0,0.5,0.5,129.435,99.5,29.935000000000002,0.0,LOW-N
4cf490a58259286ada5ba8525ba9e84a,4.0,1.5,0.75,0.75,198.22750000000002,175.4,22.8275,0.0,LOW-N
4d0041cdbe51b4617d95c70b19decc74,3.0,4.666666666666667,0.0,0.0,672.41,645.2333333333335,27.176666666666666,0.0,LOW-N
4d232b78ab7ef10393dc3807d827bc0d,3.0,4.333333333333333,0.0,0.0,318.87,269.0,49.870000000000005,0.0,LOW-N
4d600e08ecbe08258c79e536c5a42fee,2.0,3.0,0.5,0.5,540.2349999999999,514.085,26.15,0.0,LOW-N
4d6d651bd7684af3fffabd5f08d12e5a,127.0,3.5407407407407407,0.28888888888888886,0.2814814814814815,125.29925925925924,105.29333333333332,20.005925925925926,0.06666666666666667,HIGH
4d9fea3499bdc22aa4da4e339365f215,1.0,5.0,0.0,0.0,112.32000000000001,96.54,15.78,0.0,LOW-N
4da0e408c99d2fdc2126dc9fce518060,10.0,4.714285714285714,0.0,0.0,63.19,46.92857142857143,16.261428571428574,0.0,LOW-N
4dab98ca6cd6d3df586203cefd28a042,1.0,5.0,0.0,0.0,173.23000000000002,154.9,18.33,0.0,LOW-N
4dbd95a08b31ede5c82d3f861cb1ce1a,1.0,1.0,1.0,0.0,980.3299999999999,899.9,80.43,0.0,LOW-N
4dc646b9b9e8e411ef48ba000ea3ac6f,2.0,1.0,1.0,0.6666666666666666,72.83,58.166666666666664,14.663333333333332,0.3333333333333333,LOW-N
4de6e4ba574aa9dfdc824bc44dc47fdd,3.0,3.6666666666666665,0.3333333333333333,0.0,69.14666666666668,51.56666666666667,17.580000000000002,0.0,LOW-N
4deebb3199eeafb282ae33229144f94b,2.0,2.3333333333333335,0.6666666666666666,0.6666666666666666,225.1966666666667,189.96666666666667,35.23,0.6666666666666666,LOW-N
4e06067cc08b3f41d837768d392c3ee3,9.0,3.4545454545454546,0.36363636363636365,0.0,45.50818181818182,32.17363636363637,13.334545454545452,0.0,LOW-N
4e0d109ccfba9a1151c103049880c857,1.0,1.0,1.0,1.0,113.8,99.35,14.45,0.0,LOW-N
4e17c65a516f69d023a2ae78b84f28d6,16.0,3.4,0.4,0.15,133.70499999999998,117.0335,16.6715,0.25,LOW-N
4e326052e5dbba8adcd512f3450a307e,2.0,1.0,1.0,1.0,110.42,95.0,15.419999999999998,0.0,LOW-N
4e42581f08e8cfc7c090f930bac4552a,2.0,1.0,1.0,0.0,151.0,119.0,32.0,0.0,LOW-N
4e5725ba188db8252977a4f0227bd462,12.0,2.6153846153846154,0.6153846153846154,0.5384615384615384,75.35692307692308,59.93615384615384,15.420769230769231,0.38461538461538464,LOW-N
4e7c18b98d84e05cbae3ff0ff03846c2,39.0,3.8043478260869565,0.2608695652173913,0.17391304347826086,140.04934782608692,108.40434782608696,31.644999999999992,0.021739130434782608,HIGH
4e85b538b0dad58852641540686d0e14,2.0,3.5,0.5,0.5,25.62,12.145,13.475,0.5,LOW-N
4e8dacf3d38f281ae26c3e0321d92d88,6.0,2.090909090909091,0.8181818181818182,0.9090909090909091,86.48454545454545,72.27181818181818,14.212727272727273,0.18181818181818182,LOW-N
4e922959ae960d389249c378d1c939f5,196.0,3.474418604651163,0.3302325581395349,0.26046511627906976,116.29786046511627,100.04637209302327,16.251488372093025,0.13488372093023257,HIGH
4ea2f12dbe91deeacd2c1e74f069a6e6,1.0,4.0,0.0,0.0,49.0,34.9,14.1,0.0,LOW-N
4eb61f060e7dcc1d5a80d806c35cc541,4.0,3.5,0.25,0.25,167.3375,149.5,17.8375,0.0,LOW-N
4ebdc7e6cd6102a022dadc49156d4ea8,10.0,2.6363636363636362,0.5454545454545454,0.5454545454545454,41.08545454545455,27.79090909090909,13.294545454545453,0.0,LOW-N
4ef4c39cf3c24f326434cf0b2e48046a,5.0,2.8333333333333335,0.5,0.5,113.60499999999998,99.0,14.604999999999999,0.0,LOW-N
4f1f1c8666cdb6442f775c4e8caed465,2.0,5.0,0.0,0.0,535.195,472.49,62.705,0.0,LOW-N
4f40d2ed38d1cc945364a7cd202a82c7,1.0,1.0,1.0,1.0,336.89,319.9,16.99,0.0,LOW-N
4fb41dff7c50136976d1a5cf004a42e2,2.0,4.0,0.0,0.0,262.54,240.0,22.54,0.5,LOW-N
5011f0d93373a4c5753adf58ca77af8d,7.0,3.727272727272727,0.09090909090909091,0.36363636363636365,62.66363636363635,44.96545454545455,17.69818181818182,0.0,LOW-N
503c1de08ae81a2d86f17951b204db55,10.0,4.5,0.1,0.1,240.805,222.0,18.805,0.1,LOW-N
5058e8c1e82653974541e83690655b4a,27.0,2.5405405405405403,0.5405405405405406,0.4594594594594595,147.55513513513515,113.87621621621619,33.67891891891892,0.1891891891891892,LOW-N
5075aaa8404020ae6aa8bf4792099b41,7.0,3.125,0.375,0.625,97.7225,76.9925,20.73,0.0,LOW-N
50770d25768b0486d89be26afca3108f,3.0,3.3333333333333335,0.3333333333333333,0.3333333333333333,42.38333333333333,27.63,14.753333333333332,0.3333333333333333,LOW-N
508808d438fe2ff972ed13bb8f4a82e2,6.0,4.571428571428571,0.0,0.14285714285714285,42.142857142857146,29.424285714285713,12.718571428571428,0.0,LOW-N
50a7e551a7b3f8d37cd6e32d8bfbe5ea,1.0,5.0,0.0,0.0,167.96,140.0,27.96,0.0,LOW-N
50c9975695009e5e6473912e83a6d1da,22.0,3.4482758620689653,0.3448275862068966,0.27586206896551724,117.47379310344827,68.20689655172414,49.266896551724145,0.13793103448275862,LOW-N
512d298ac2a96d1931b6bd30aa21f61d,6.0,3.8333333333333335,0.3333333333333333,0.3333333333333333,348.4649999999999,326.2483333333334,22.216666666666665,0.0,LOW-N
513a54369b6a8a6602fcb0e129c6d78d,1.0,4.0,0.0,0.0,27.299999999999997,19.9,7.4,0.0,LOW-N
5145090ab595c0d0b8557199f5701fbf,1.0,4.0,0.0,0.0,681.52,649.9,31.62,0.0,LOW-N
5151aea44289d6c6b090ee31c2132508,3.0,1.0,1.0,0.6666666666666666,216.01,187.9,28.11,0.0,LOW-N
515d781150feed28a6ac091bb0e3cb8c,3.0,4.666666666666667,0.0,0.0,201.96666666666667,177.12666666666667,24.840000000000003,0.0,LOW-N
5160d23075764e18e07c1f4a87fad743,10.0,4.3,0.1,0.1,75.574,60.5,15.074000000000002,0.0,LOW-N
516e7738bd8f735ac19a010ee5450d8d,22.0,4.714285714285714,0.03571428571428571,0.03571428571428571,69.25,53.33571428571429,15.91428571428572,0.0,LOW-N
51702dc2a3e106c76dbff722b5bf0726,3.0,3.0,0.3333333333333333,0.0,248.02666666666667,199.6,48.42666666666667,0.0,LOW-N
519a7aa428f18d125a283cf8c014fdd6,1.0,5.0,0.0,0.0,52.91,29.9,23.01,0.0,LOW-N
51e4e89242cbb846c2deff3dc015650e,6.0,4.833333333333333,0.0,0.0,77.54833333333333,58.416666666666664,19.131666666666664,0.0,LOW-N
51ed72984a04e5dd35c2b27e77179038,4.0,3.0,0.5,0.25,212.0575,183.65,28.4075,0.25,LOW-N
5206cc4bc2297c833e6061c49bf9c43f,1.0,1.0,1.0,0.0,45.96,35.0,10.96,0.0,LOW-N
52092ddbd3a58c450a4459bf051b2287,1.0,1.0,1.0,0.0,78.59,69.0,9.59,0.0,LOW-N
520b493b57809f446cb0a233bb3e25c7,23.0,3.925925925925926,0.18518518518518517,0.18518518518518517,56.154444444444444,44.06666666666666,12.087777777777777,0.07407407407407407,LOW-N
522620dcb18a6b31cd7bdf73665113a9,80.0,3.180722891566265,0.37349397590361444,0.3373493975903614,413.3091566265061,386.8777108433735,26.431445783132528,0.1566265060240964,HIGH
5236605f4d4b0b3e4df85b850393fca0,1.0,5.0,0.0,0.0,48.04,39.6,8.44,0.0,LOW-N
52454f90d4c30c016768db02f88c1a74,1.0,2.0,1.0,1.0,17.29,9.9,7.39,0.0,LOW-N
52562a9f449c3dc3d53f5f5b9ed74903,6.0,4.666666666666667,0.0,0.0,372.0683333333333,341.56666666666666,30.501666666666665,0.0,LOW-N
525e75a6fb1454a2325ab1734bcec221,6.0,3.1666666666666665,0.3333333333333333,0.16666666666666666,59.94166666666667,49.9,10.041666666666666,0.0,LOW-N
527801b552d0077ffd170872eb49683b,26.0,4.111111111111111,0.14814814814814814,0.18518518518518517,192.17555555555558,172.08518518518517,20.090370370370376,0.1111111111111111,LOW-N
52831e5990d0771cb4951d6f12928167,1.0,3.0,0.0,0.0,78.12,65.0,13.12,0.0,LOW-N
52a50b42accf164f9f019941e5759d9b,1.0,4.0,0.0,0.0,42.86,29.99,12.87,1.0,LOW-N
52a52b9f656520e99716f5bc40f661c8,2.0,3.0,0.5,0.5,91.815,78.0,13.815000000000001,0.0,LOW-N
52ac6f920b7280e4c6d30dd94de6259b,2.0,1.6666666666666667,0.6666666666666666,1.0,852.43,769.2333333333335,83.19666666666666,0.0,LOW-N
52bb00821bcdd358a5a5a27e1f6be5a1,1.0,4.0,0.0,1.0,329.2,308.8,20.4,0.0,LOW-N
52d76513f0c4d97f3b99570e2c94ee31,5.0,3.272727272727273,0.18181818181818182,0.0,434.53818181818184,393.5363636363636,41.00181818181818,0.0,LOW-N
52f0fe436a347ddad7ed5f9aa4e27eaa,9.0,2.5454545454545454,0.6363636363636364,0.5454545454545454,87.91363636363637,70.20818181818183,17.705454545454543,0.09090909090909091,LOW-N
52f6f9f13ba19504c02781132a049e75,1.0,1.0,1.0,1.0,222.13,199.0,23.13,0.0,LOW-N
52f976b17ea7f2f087f56dcc419328f6,4.0,3.0,0.5,0.75,1385.9025000000001,1245.0,140.9025,0.0,LOW-N
52f9db5cfb423382a2fa5c9e39303202,13.0,4.142857142857143,0.14285714285714285,0.07142857142857142,65.025,49.761428571428574,15.263571428571428,0.0,LOW-N
53088c75f948b48a7ece173ac17f0c12,1.0,5.0,0.0,0.0,81.24000000000001,65.9,15.34,0.0,LOW-N
530ec6109d11eaaf87999465c6afee01,37.0,4.230769230769231,0.15384615384615385,0.1794871794871795,147.70820512820515,121.92692307692307,25.781282051282048,0.0,HIGH
53243585a1d6dc2643021fd1853d8905,174.0,3.7760416666666665,0.22916666666666666,0.234375,505.07567708333335,474.36645833333336,30.709218749999994,0.052083333333333336,HIGH
53336f97ddbe53e2a617d07b17447b95,1.0,5.0,0.0,0.0,674.83,599.5,75.33,0.0,LOW-N
533d46c1b06970e99f09523a61df4972,2.0,4.5,0.0,0.0,96.31,79.99,16.32,0.0,LOW-N
5343d0649eca2a983820bfe93fc4d17e,27.0,2.830188679245283,0.49056603773584906,0.39622641509433965,94.7288679245283,73.6956603773585,21.033207547169813,0.09433962264150944,LOW-N
535bf14f36346c7f59d87cece104d70c,1.0,4.0,0.0,0.0,57.769999999999996,50.0,7.77,1.0,LOW-N
537eb890efff034a88679788b647c564,40.0,3.533333333333333,0.26666666666666666,0.2,42.312,27.944444444444454,14.367555555555553,0.08888888888888889,HIGH
538caafddff204241cecbf3a02e6b3cf,6.0,2.0,0.6666666666666666,0.8333333333333334,29.575,17.1,12.475,0.5,LOW-N
539ed9e19811677513447759be5eccfc,1.0,1.0,1.0,1.0,34.489999999999995,18.63,15.86,0.0,LOW-N
53b0300ca793f9834cd69c0678d35ee8,1.0,5.0,0.0,0.0,111.59999999999998,99.0,12.6,0.0,LOW-N
53d00c40e32aeb924a84ce72b1af869d,3.0,4.333333333333333,0.0,0.0,113.26666666666667,95.63,17.636666666666667,0.3333333333333333,LOW-N
53e4c6e0f4312d4d2107a8c9cddf45cd,205.0,3.7322175732217575,0.2594142259414226,0.2301255230125523,80.86292887029288,61.99397489539749,18.868953974895398,0.06694560669456066,HIGH
54065e9aef7e9e9c2dc23b7594db021a,8.0,3.125,0.375,0.375,461.63125,441.875,19.75625,0.0,LOW-N
5415337f1863452476d42d9f14a16a61,1.0,3.0,0.0,1.0,68.35,44.9,23.45,0.0,LOW-N
54219883e72aad869adfb2a54b7bfa0f,5.0,3.2,0.4,0.6,1515.91,1350.0,165.91,0.0,LOW-N
542917da124346b47ea1ac79a93ce454,3.0,4.0,0.3333333333333333,0.0,96.0,73.3,22.7,0.3333333333333333,LOW-N
54583ab379489add547fe47b628db589,3.0,5.0,0.0,0.0,269.18,250.0,19.180000000000003,0.0,LOW-N
54965bbe3e4f07ae045b90b0b8541f52,42.0,2.3043478260869565,0.6304347826086957,0.4782608695652174,150.7345652173913,124.56086956521733,26.173695652173922,0.43478260869565216,HIGH
54a1852d1b8f10312c55e906355666ee,82.0,4.094117647058823,0.16470588235294117,0.18823529411764706,102.42164705882354,85.16329411764706,17.25835294117647,0.11764705882352941,HIGH
54aa8463e87776b5612f4bdc4bd5d4de,2.0,3.5,0.0,0.0,186.59499999999997,169.89999999999998,16.695,0.0,LOW-N
54c04bdb5ec46762f8f08c7e8f86ed4a,5.0,3.2,0.4,0.4,233.012,205.92,27.092000000000002,0.4,LOW-N
55029529919c0123526150bd26ca8f20,1.0,4.0,0.0,0.0,264.84,248.0,16.84,0.0,LOW-N
553a440137d6e0cf776aee0bb83ac9f5,2.0,1.0,1.0,0.0,87.57,72.4,15.17,0.5,LOW-N
5563732abe64c3036cb97ad924128dd1,1.0,4.0,0.0,0.0,79.21000000000001,64.0,15.21,0.0,LOW-N
5566627eab3fe93fd6ee08798226101a,2.0,4.0,0.0,0.0,29.21,14.4,14.809999999999999,0.0,LOW-N
556a6409838156ea299c9d1f9e2dde43,4.0,3.25,0.5,0.25,362.41,340.7,21.71,0.0,LOW-N
557f22c76691849db52d2abccf0015d0,7.0,3.125,0.25,0.5,75.43625,53.489999999999995,21.94625,0.0,LOW-N
55a5b51f93f2b70ea513f5a047b0262a,15.0,3.933333333333333,0.13333333333333333,0.13333333333333333,123.72466666666668,104.22333333333334,19.50133333333333,0.2,LOW-N
55bb6fe5bebe5012e2d7d9928e1128ff,4.0,2.25,0.75,0.75,148.6975,131.51749999999998,17.18,0.25,LOW-N
55c26bcb609f480eb7868594245febb5,2.0,4.0,0.0,0.0,169.43,124.9,44.53,0.0,LOW-N
55c96925041a14097b6a7825554f4ad5,3.0,4.75,0.0,0.0,36.3025,29.5,6.8025,0.25,LOW-N
55d3daac7c404d59e51c2aa2f4dc5a23,4.0,2.0,0.6666666666666666,0.16666666666666666,166.67,127.31666666666666,39.35333333333333,0.0,LOW-N
55dedd83e501d8248880557d9073cbfd,1.0,5.0,0.0,0.0,92.91000000000001,84.9,8.01,0.0,LOW-N
55f7a3319d80f7fdf078b8f03e6725fe,13.0,3.0,0.3076923076923077,0.5384615384615384,172.76999999999998,151.33615384615385,21.433846153846154,0.15384615384615385,LOW-N
562f8cfc51f265411f487d07e9c40e7f,2.0,4.0,0.0,0.5,70.2,54.900000000000006,15.3,0.0,LOW-N
562fc2f2c2863ab7e79a9e4388a58a14,114.0,3.9491525423728815,0.17796610169491525,0.2033898305084746,48.547542372881345,31.98067796610169,16.566864406779658,0.059322033898305086,HIGH
5656537e588803a555b8eb41f07a944b,71.0,3.261904761904762,0.34523809523809523,0.30952380952380953,64.44511904761906,47.386547619047604,17.058571428571426,0.10714285714285714,HIGH
5659d77e8d90378e39b960ad5956f64e,1.0,1.0,1.0,1.0,117.57,99.0,18.57,1.0,LOW-N
56642bcb79900e777d68e91915cb4267,25.0,3.6923076923076925,0.23076923076923078,0.2692307692307692,90.80538461538461,74.42923076923077,16.376153846153848,0.11538461538461539,LOW-N
5670f4db5b62c43d542e1b2d56b0cf7c,8.0,4.0,0.25,0.125,293.26875,266.62,26.64875,0.125,LOW-N
56a8b450e802502ba53a9885ee38e29f,1.0,1.0,1.0,1.0,77.65,62.45,15.2,0.0,LOW-N
56db5c0782e8f7ddc9343f9576ff6d16,1.0,1.0,1.0,1.0,192.9,174.9,18.0,0.0,LOW-N
56e361f411e38dcef17cdc2a3d99628b,3.0,4.5,0.125,0.125,374.94875,146.75,228.19875000000002,0.125,LOW-N
56f413900b5166ab4d730e9ac0b12cb0,2.0,5.0,0.0,0.5,28.825000000000003,15.9,12.925,0.0,LOW-N
570d4583587a5fe2d47c7be89b91ad27,1.0,5.0,0.0,0.0,49.14,37.29,11.85,0.0,LOW-N
5721089ba9214e80074f27d5a03fc0eb,1.0,5.0,0.0,0.0,33.769999999999996,25.99,7.78,0.0,LOW-N
5733d806668f8712c24b9abaefbfa642,1.0,5.0,0.0,0.0,145.37,77.9,67.47,0.0,LOW-N
5741dc2bf5044c34d0698681c5081bed,1.0,5.0,0.0,0.0,37.769999999999996,29.9,7.87,0.0,LOW-N
575df70bde3f9f2b30bf8d2e9910d725,8.0,3.0,0.4444444444444444,0.2222222222222222,145.01333333333335,122.11666666666666,22.89666666666667,0.0,LOW-N
577719699805dd125d5b6fdde5943bba,3.0,3.6666666666666665,0.3333333333333333,0.3333333333333333,278.36,249.33333333333334,29.02666666666667,0.3333333333333333,LOW-N
578fa3a9cb6b6dceab39231ad59cdaca,1.0,5.0,0.0,0.0,105.39,90.0,15.39,0.0,LOW-N
5795aebfe331fbcd02a2c4b679fb7952,3.0,3.0,0.3333333333333333,0.0,197.76999999999998,172.66666666666666,25.103333333333335,0.0,LOW-N
579891617139df7d8671d373f0669622,1.0,5.0,0.0,0.0,61.129999999999995,42.9,18.23,0.0,LOW-N
57c764b4a836300be881e2ff86e449f9,10.0,4.0,0.2,0.3,43.660000000000004,28.3,15.36,0.2,LOW-N
57df9869a600bd6b7c405f2a862eccfb,2.0,5.0,0.0,0.0,40.875,25.0,15.875,0.0,LOW-N
57e632711dec9ec14ca7546769483e7e,21.0,4.318181818181818,0.09090909090909091,0.13636363636363635,117.33318181818186,96.66772727272729,20.665454545454548,0.0,LOW-N
57fe6232e67823593374a2281d7a8af8,3.0,4.666666666666667,0.0,0.0,36.913333333333334,22.12666666666667,14.786666666666667,0.0,LOW-N
582d4f8675b945722eda7c0cb61ba4c7,27.0,3.914285714285714,0.14285714285714285,0.17142857142857143,81.3237142857143,69.42514285714286,11.89857142857143,0.0,LOW-N
585175ec331ea177fa47199e39a6170a,1.0,5.0,0.0,0.0,3602.47,3549.0,53.47,0.0,LOW-N
5882820ef11c4c068eea0677a7a879b4,3.0,4.0,0.0,0.0,1389.8866666666665,1296.6666666666667,93.22000000000001,0.0,LOW-N
5882f40daf39bc2a465e0cb453ddc222,1.0,2.0,1.0,1.0,698.9,640.0,58.9,0.0,LOW-N
58b98ccb79873e04eac4357cacc590d9,1.0,1.0,1.0,0.0,31.91,23.0,8.91,0.0,LOW-N
58c851d1a3c7cd3da329eb59453fed44,1.0,5.0,0.0,0.0,148.72,139.0,9.72,0.0,LOW-N
58e4b302b54937e55a678c4d15111da4,1.0,1.0,1.0,0.0,141.54000000000002,119.9,21.64,0.0,LOW-N
58f1a6197ed863543e0136bdedb3fce2,18.0,3.6666666666666665,0.2777777777777778,0.2777777777777778,172.15333333333334,151.27777777777777,20.875555555555557,0.0,LOW-N
59417c56835dd8e2e72f91f809cd4092,6.0,4.333333333333333,0.16666666666666666,0.3333333333333333,1796.9333333333334,1719.0,77.93333333333334,0.0,LOW-N
594f9aaa48e5bf431f011ddc5669b0d5,16.0,4.647058823529412,0.058823529411764705,0.23529411764705882,107.01117647058824,81.42941176470589,25.581764705882353,0.058823529411764705,LOW-N
5962468f885ea01a1b6a97a218797b0a,4.0,3.2,0.4,0.4,98.31400000000001,83.0,15.314000000000002,0.0,LOW-N
596849622429351f47b32e6cae1055ff,6.0,3.5,0.3333333333333333,0.5,56.97,49.56666666666666,7.403333333333333,0.0,LOW-N
59b22a78efb79a4797979612b885db36,68.0,3.73972602739726,0.2876712328767123,0.2054794520547945,241.66958904109592,202.59726027397258,39.07232876712329,0.1506849315068493,HIGH
59bbc819b99a733f02f0d6b49d1c253d,1.0,5.0,0.0,0.0,83.97,69.9,14.07,0.0,LOW-N
59cd88080b93f3c18508673122d26169,3.0,5.0,0.0,0.0,44.666,29.792,14.874,0.4,LOW-N
59cea8e446d3834393058e7e0666b6fb,4.0,5.0,0.0,0.0,127.98750000000001,113.55000000000001,14.4375,0.0,LOW-N
59fb871bf6f4522a87ba567b42dafecf,56.0,4.0,0.15789473684210525,0.17543859649122806,184.80052631578948,168.44526315789471,16.355263157894736,0.10526315789473684,HIGH
5a05a16bb50629ee31afab8a6d4c2674,4.0,3.2,0.4,0.0,73.356,51.18,22.176,0.0,LOW-N
5a32c398a06c345440bf2a683b017ad3,1.0,1.0,1.0,0.0,52.839999999999996,44.9,7.94,0.0,LOW-N
5a413ade68e8f8d93071a7f52a64cb9e,5.0,4.2,0.2,0.0,70.374,57.8,12.574000000000002,0.2,LOW-N
5a4236931428800e9d9cc04af0987118,1.0,5.0,0.0,0.0,30.22,14.99,15.229999999999999,0.0,LOW-N
5a425cc503b39b262a847fd6212bf53b,4.0,4.0,0.25,0.25,100.1275,81.17250000000001,18.955,0.0,LOW-N
5a6a02f419701fc8c605af71d4fc57a4,4.0,5.0,0.0,0.0,47.498,40.040000000000006,7.458,0.2,LOW-N
5a8e7d5003a1f221f9e1d6e411de7c23,55.0,3.7260273972602738,0.2054794520547945,0.1780821917808219,73.14424657534246,58.80410958904108,14.340136986301369,0.0958904109589041,HIGH
5a93f3ab0ef4c84ed5e1b5dbf23978bc,21.0,4.615384615384615,0.07692307692307693,0.038461538461538464,62.96307692307693,46.5123076923077,16.450769230769232,0.038461538461538464,LOW-N
5a9c0859cb00fd8aa4db443837f0a700,2.0,4.5,0.0,0.0,127.79500000000002,104.0,23.795,0.0,LOW-N
5ab05b6d86d417796c69ffd6774ec832,6.0,3.25,0.375,0.125,161.32000000000002,143.53750000000002,17.7825,0.125,LOW-N
5abb8ea023c77787f2c15da891c8d384,6.0,4.0,0.16666666666666666,0.3333333333333333,248.465,184.66666666666666,63.79833333333334,0.0,LOW-N
5acd070dd3fe441bbb2ec1f1ede515ee,3.0,1.5,0.75,0.25,87.45,74.425,13.025,0.5,LOW-N
5b07547f10dd980738a1a27f685af669,3.0,5.0,0.0,0.5,109.48500000000001,97.17500000000001,12.309999999999999,0.25,LOW-N
5b0cc932433fa5184b5b94bfe6bcc256,4.0,4.142857142857143,0.2857142857142857,0.2857142857142857,116.87,88.55714285714285,28.312857142857144,0.2857142857142857,LOW-N
5b179e9e8cc7ab6fd113a46ca584da81,13.0,2.4,0.4666666666666667,0.6666666666666666,159.71666666666667,139.90000000000003,19.816666666666666,0.06666666666666667,LOW-N
5b2e94f2c22b39ccc24d34ad0f669672,1.0,5.0,0.0,0.0,180.57,114.99,65.58,0.0,LOW-N
5b33b527da3c5b969cc99dc435cad09a,5.0,3.2,0.4,0.2,66.11600000000001,48.720000000000006,17.396,0.2,LOW-N
5b35136197710e16ac5e7b7c2bd4ea85,3.0,1.0,1.0,0.5,542.8974999999999,509.92500000000007,32.972500000000004,0.75,LOW-N
5b51032eddd242adc84c38acab88f23d,8.0,3.5,0.2,0.3,262.37600000000003,242.9,19.476,0.0,LOW-N
5b581417df4480f632484ba681e53944,3.0,3.0,0.3333333333333333,0.3333333333333333,203.5666666666667,142.63333333333333,60.93333333333334,0.3333333333333333,LOW-N
5b664594895aefb418afaee6d40a9a23,5.0,2.0,0.75,0.125,46.045,38.9,7.1450000000000005,0.0,LOW-N
5b67882648febfb6e1225e6ad7164f6b,15.0,4.5,0.0625,0.1875,283.945,263.59875,20.346249999999998,0.0,LOW-N
5b8154610ebb21fb90eb587365e673df,12.0,3.6666666666666665,0.25,0.3333333333333333,269.7558333333333,245.82416666666663,23.93166666666667,0.16666666666666666,LOW-N
5b85809efd0d0e4dea1a9544e1280ed9,2.0,3.5,0.5,0.0,169.745,153.4,16.345,0.0,LOW-N
5b925e1d006e9476d738aa200751b73b,9.0,4.0,0.2222222222222222,0.3333333333333333,103.96222222222224,87.88888888888889,16.073333333333334,0.1111111111111111,LOW-N
5bc237df65098fe211bb4818f4d26d78,1.0,5.0,0.0,0.0,109.4,66.9,42.5,0.0,LOW-N
5bc24d989e71e93c33e50a7782431b0e,8.0,4.375,0.125,0.125,182.39375,148.6875,33.706250000000004,0.0,LOW-N
5bc55dbe2f12b6af6d83ed46023e0dc8,12.0,1.6666666666666667,0.8,0.7333333333333333,166.988,148.3133333333334,18.674666666666663,0.2,LOW-N
5bffbafbb22daf6d3bfc216a46db8708,6.0,4.666666666666667,0.0,0.0,409.77000000000004,388.64333333333326,21.12666666666667,0.0,LOW-N
5c030029b5916fed0986310385ec9009,3.0,5.0,0.0,0.0,499.6133333333334,389.0,110.61333333333334,0.0,LOW-N
5c243662ce92d84573bfaff24c3e3700,50.0,3.803921568627451,0.19607843137254902,0.2549019607843137,353.4705882352942,335.6303921568628,17.840196078431372,0.0196078431372549,HIGH
5c3460cd3e8a984382ae254e7dd20d9f,2.0,4.5,0.0,0.0,155.01,119.98,35.03,0.0,LOW-N
5c603ffb38cbbf25a0e0698941324143,2.0,1.0,1.0,1.0,196.805,174.4,22.405,0.0,LOW-N
5c6d4016c2a288f074fa0848a2b653d2,12.0,3.5,0.35714285714285715,0.42857142857142855,122.15,107.17142857142859,14.978571428571428,0.14285714285714285,LOW-N
5c853bb56f70f4d14218944bae111d7a,9.0,3.5,0.4,0.1,21.303,9.965,11.338,0.0,LOW-N
5ca5d579b5857ee8709479b1047cecc3,2.0,1.0,1.0,0.5,181.94,169.945,11.995000000000001,0.5,LOW-N
5cbbd5a299cab112b7bf23862255e43e,11.0,3.4166666666666665,0.3333333333333333,0.08333333333333333,77.46416666666667,62.294166666666676,15.17,0.0,LOW-N
5cf13accae3222c70a9cac40818ae839,54.0,3.9649122807017543,0.21052631578947367,0.15789473684210525,111.61333333333333,92.33157894736843,19.281754385964916,0.03508771929824561,HIGH
5cf1ec37aea089f45110c70653a166ab,2.0,3.0,0.5,0.5,32.66,15.0,17.66,0.0,LOW-N
5d0363b33554b373851fc1622e4d5f3c,34.0,3.5294117647058822,0.29411764705882354,0.35294117647058826,87.65,63.049705882352946,24.600294117647056,0.20588235294117646,HIGH
5d043cd5512d4bd2f88e5ccdd5736c38,1.0,2.0,1.0,0.0,714.91,650.0,64.91,0.0,LOW-N
5d378b73ab7dd6f0418d743e5dcb0bd1,6.0,3.8333333333333335,0.16666666666666666,0.16666666666666666,1935.4499999999998,1875.6666666666667,59.78333333333333,0.16666666666666666,LOW-N
5d3bb11474a06bdc23fb9e89f1164ee0,13.0,3.076923076923077,0.38461538461538464,0.46153846153846156,146.27384615384614,128.56923076923076,17.704615384615387,0.07692307692307693,LOW-N
5d505d2298ad549e4e4e835562fa0c1e,1.0,5.0,0.0,0.0,137.16,124.9,12.26,0.0,LOW-N
5d76d80a2f5f39c891b996a1bf4c9853,1.0,5.0,0.0,0.0,274.81,257.9,16.91,0.0,LOW-N
5d9dc90a686a8fddacffab6bab5653a3,4.0,3.5,0.25,0.0,68.11,59.4975,8.6125,0.25,LOW-N
5dc203c7b84a0e71e878a179de05fb9a,3.0,3.6666666666666665,0.3333333333333333,0.3333333333333333,83.60333333333334,66.3,17.30333333333333,0.0,LOW-N
5dceca129747e92ff8ef7a997dc4f8ca,150.0,3.54320987654321,0.3148148148148148,0.22839506172839505,394.56067901234564,356.2011728395062,38.3595061728395,0.06790123456790123,HIGH
5debea795b07621e1f90532e18f96145,9.0,3.9285714285714284,0.21428571428571427,0.21428571428571427,74.28142857142858,60.12642857142857,14.155,0.0,LOW-N
5e105f5c9f63f5f1fd75d6cb942e55b1,1.0,5.0,0.0,1.0,130.01,75.0,55.01,0.0,LOW-N
5e9f5bd34e0830569f05c9d4f56e04a8,1.0,4.0,0.0,0.0,135.93,119.99,15.94,0.0,LOW-N
5ee7fd217d08dfe5d3e2f51f96a12c9a,5.0,2.8,0.6,0.4,152.946,126.16,26.786,0.4,LOW-N
5eeb9c756d9780b96283e5a2ac6da334,3.0,3.6666666666666665,0.3333333333333333,0.0,360.2366666666667,327.6666666666667,32.57,0.3333333333333333,LOW-N
5ef131ac72773e5b3f6c0d63cf424657,5.0,4.0,0.2,0.4,63.85,44.818,19.032000000000004,0.0,LOW-N
5f0057b677eb963672bf05dfa3f16c34,4.0,4.0,0.25,0.25,85.48500000000001,71.4725,14.0125,0.0,LOW-N
5f06030071324cc52bf0304014ac7234,2.0,3.5,0.5,0.0,222.69,195.99,26.700000000000003,0.0,LOW-N
5f1dc28029d2c244352a68107ec2b542,22.0,4.21875,0.15625,0.09375,42.895624999999995,30.8,12.095625,0.125,LOW-N
5f2684dab12e59f83bef73ae57724e45,32.0,3.2857142857142856,0.4,0.2857142857142857,132.98114285714286,118.87914285714284,14.102,0.08571428571428572,HIGH
5f26c1408a65b42a7224cd463bdf3292,2.0,5.0,0.0,0.0,90.425,71.85,18.575,0.0,LOW-N
5f3ae9136c875522250f8184f253413a,11.0,4.357142857142857,0.0,0.0,36.965714285714284,25.17857142857142,11.787142857142856,0.07142857142857142,LOW-N
5f5a58930c3c35f3b5af264f34fb8c85,1.0,5.0,0.0,0.0,159.16,139.0,20.16,0.0,LOW-N
5f5b43b2bffa8656e4bc6efeb13cc649,12.0,4.25,0.08333333333333333,0.08333333333333333,157.44333333333333,139.4416666666667,18.001666666666665,0.08333333333333333,LOW-N
5f67c6082caacb26e431a7b17940cece,4.0,2.0,0.5,0.75,97.24249999999999,82.8,14.4425,0.75,LOW-N
5f7300535881cef3b625fd683cf7d145,5.0,3.8,0.2,0.2,76.272,59.754,16.518,0.0,LOW-N
5fd924b4836098a5be0ecf81ba054ce0,3.0,3.6666666666666665,0.3333333333333333,0.0,249.2833333333333,231.0,18.283333333333335,0.0,LOW-N
602044f2c16190c2c6e45eb35c2e21cb,21.0,1.8928571428571428,0.7857142857142857,0.6428571428571429,82.04214285714285,65.08285714285715,16.959285714285713,0.32142857142857145,LOW-N
6039e27294dc75811c0d8a39069f52c0,27.0,3.2413793103448274,0.3448275862068966,0.3103448275862069,198.52379310344824,167.79999999999995,30.723793103448276,0.13793103448275862,LOW-N
60562ab00b8054280520d390c8c0045c,1.0,5.0,0.0,0.0,152.31,139.0,13.31,0.0,LOW-N
6061155addc1e54b4cfb51c1c2a32ad8,12.0,4.846153846153846,0.0,0.0,847.2446153846153,802.8461538461538,44.39846153846153,0.07692307692307693,LOW-N
606ce7768feac12c5e8bd58db8b08f0f,4.0,5.0,0.0,0.5,548.11,529.425,18.685,0.0,LOW-N
609e1a9a6c2539919b8205cf7c4e6ff0,34.0,2.5925925925925926,0.5185185185185185,0.3333333333333333,79.04499999999999,57.552962962962965,21.492037037037047,0.018518518518518517,HIGH
610f72e407cdd7caaa2f8167b0163fd8,7.0,3.25,0.375,0.25,708.02,653.6524999999999,54.3675,0.125,LOW-N
612170e34b97004b3ba37eae81836b4c,32.0,3.8823529411764706,0.23529411764705882,0.35294117647058826,206.45852941176472,184.81176470588233,21.64676470588235,0.029411764705882353,HIGH
612a743d294c27884fb7b80d2b19ba35,1.0,5.0,0.0,0.0,3076.13,2999.9,76.23,0.0,LOW-N
615005a3ef192c00c6f0e977cee3d2bc,6.0,3.6666666666666665,0.3333333333333333,0.3333333333333333,38.09166666666666,25.01666666666667,13.074999999999998,0.16666666666666666,LOW-N
6179a28a13a726c29b3bf54c070dccab,1.0,1.0,1.0,1.0,324.97,300.0,24.97,0.0,LOW-N
6187a137b2af59dfdbad8d9f8c373c14,2.0,3.0,0.5,0.0,52.51,37.4,15.11,0.0,LOW-N
61b18775be84fb700a6b2d0ba097bf66,1.0,4.0,0.0,0.0,113.11000000000001,89.9,23.21,0.0,LOW-N
61b893c57e33626afb104d4112b1be76,1.0,1.0,1.0,1.0,88.08999999999999,74.99,13.1,0.0,LOW-N
61c36f0fc4a47f9532e5512b66668e62,1.0,1.0,1.0,0.0,767.69,750.0,17.69,0.0,LOW-N
61f159ef6da2d441951d2c0efa719362,3.0,1.0,1.0,1.0,71.99333333333333,51.656666666666666,20.336666666666666,0.0,LOW-N
620c87c171fb2a6dd6e8bb4dec959fc6,303.0,3.7552870090634443,0.2628398791540785,0.22054380664652568,160.52081570996978,142.32673716012084,18.194078549848943,0.1027190332326284,HIGH
6219ba2359cfb97f2e38fd4c321eb309,2.0,1.5,1.0,0.5,114.045,97.4,16.645,0.0,LOW-N
624f4ece8da4aafb77699233d480f8ef,26.0,3.857142857142857,0.21428571428571427,0.07142857142857142,196.99964285714285,165.42857142857142,31.57107142857143,0.07142857142857142,LOW-N
62760d278921b5f352461620d68a9cee,1.0,1.0,1.0,1.0,113.46000000000001,99.0,14.46,1.0,LOW-N
6288c69c4ce638e59925e59193f98b16,5.0,2.6,0.4,0.4,146.586,130.29000000000002,16.296,0.2,LOW-N
62c50c1af4dfdc4149d25c5222043d39,9.0,2.769230769230769,0.6153846153846154,0.07692307692307693,171.14769230769232,152.67538461538462,18.47230769230769,0.0,LOW-N
62d977e2b2aee830de3e039a28490d12,1.0,1.0,1.0,1.0,216.06,199.9,16.16,0.0,LOW-N
630008e0f062605a415d694489f6f82e,2.0,3.0,0.6666666666666666,0.3333333333333333,45.166666666666664,35.050000000000004,10.116666666666667,0.0,LOW-N
63191ead8d3b2f937cd1996fdcbbad20,1.0,5.0,0.0,0.0,420.29,367.0,53.29,0.0,LOW-N
6338ea67c41078a46ad99cc009654956,11.0,4.666666666666667,0.08333333333333333,0.0,84.89333333333333,59.45500000000001,25.438333333333333,0.0,LOW-N
633ecdf879b94b5337cca303328e4a25,4.0,1.25,1.0,1.0,171.0575,157.175,13.8825,0.75,LOW-N
634964b17796e64304cadf1ad3050fb7,118.0,3.393548387096774,0.2967741935483871,0.2838709677419355,138.89961290322583,121.07935483870969,17.820258064516125,0.09032258064516129,HIGH
63704069d9bd3a75c1cf59babe56004a,1.0,1.0,1.0,0.0,66.69,59.3,7.39,1.0,LOW-N
638cba8be1fb599bbb76fd6948351eb3,9.0,4.7272727272727275,0.09090909090909091,0.0,38.789090909090916,27.354545454545452,11.434545454545452,0.0,LOW-N
63a79f5a7eb5cb48a7e5787b141c7993,1.0,4.0,0.0,0.0,138.89000000000001,124.9,13.99,0.0,LOW-N
63b464dbf392c7b80d12d932fa7cafed,16.0,3.0555555555555554,0.3333333333333333,0.16666666666666666,195.8427777777778,174.0,21.84277777777778,0.05555555555555555,LOW-N
63b9ae557efed31d1f7687917d248a8d,1.0,5.0,0.0,0.0,34.19333333333333,23.23333333333333,10.96,0.0,LOW-N
63bc58679c44e8a998792119fd7ad23e,1.0,1.0,1.0,1.0,34.01,19.9,14.11,0.0,LOW-N
63ffcb71394dd8ea3872ed9ffda17c74,11.0,3.1818181818181817,0.2727272727272727,0.2727272727272727,41.06909090909091,24.10909090909091,16.96,0.0,LOW-N
640e21a7d01df7614a3b4923e990d40c,54.0,3.8805970149253732,0.16417910447761194,0.2537313432835821,73.86835820895523,54.512089552238805,19.356268656716416,0.08955223880597014,HIGH
6426d21aca402a131fc0a5d0960a3c90,9.0,4.111111111111111,0.1111111111111111,0.1111111111111111,77.34666666666665,57.46555555555555,19.88111111111111,0.1111111111111111,LOW-N
643214e62b870443ccbe55ab29a4dccf,23.0,4.434782608695652,0.08695652173913043,0.08695652173913043,73.97173913043478,58.27304347826089,15.698695652173912,0.17391304347826086,LOW-N
6481e96574816ead57975da2c0f6d80d,11.0,3.875,0.1875,0.375,89.9975,61.9625,28.035,0.0,LOW-N
64b87978a11c1ea7501a89eabe8c2c1a,5.0,2.4,0.6,0.6,84.91199999999999,69.99,14.922,0.0,LOW-N
64cc804291f90c81f02bfc2bb58ff55a,1.0,5.0,0.0,0.0,92.35000000000001,68.9,23.45,0.0,LOW-N
651530bf5c607240ccdd89a30c9c9712,1.0,4.0,0.0,0.0,224.45000000000002,199.9,24.55,0.0,LOW-N
651fe66032c9520ee5587f694908040d,2.0,3.0,0.5,0.0,61.96,46.5,15.46,0.0,LOW-N
6548c2550b6e2d8f18053216e1c7b6f3,1.0,5.0,0.0,0.0,32.93,14.7,18.23,0.0,LOW-N
655220df33262c7e0c4949a147366f94,7.0,4.0,0.2222222222222222,0.2222222222222222,179.06,135.66666666666666,43.39333333333334,0.2222222222222222,LOW-N
6560211a19b47992c3666cc44a7e94c0,865.0,3.5114107883817427,0.2894190871369295,0.2697095435684647,75.0471887966805,61.09742738589211,13.949761410788382,0.07157676348547717,HIGH
6561d6bf844e464b4019442692b40e02,1.0,5.0,0.0,0.0,49.449999999999996,41.9,7.55,0.0,LOW-N
6562efe88ce0826a4ca4f189f03b4b84,6.0,3.5454545454545454,0.09090909090909091,0.09090909090909091,69.16545454545457,55.35454545454545,13.810909090909092,0.18181818181818182,LOW-N
656591be56071d4c9ef4e5fee78a578a,1.0,5.0,0.0,0.0,113.97,92.0,21.97,0.0,LOW-N
659e8466eb3ff1b0e8740d74fb7bbedd,3.0,4.333333333333333,0.0,0.0,131.72666666666666,101.5,30.22666666666667,0.0,LOW-N
65b081a070633e057c462abdd6fb9dd8,9.0,4.0,0.1111111111111111,0.1111111111111111,88.64333333333333,68.75888888888888,19.884444444444444,0.0,LOW-N
65febd49fd28ec955651299159b1f527,14.0,3.6470588235294117,0.29411764705882354,0.4117647058823529,145.12647058823532,115.28588235294119,29.84058823529412,0.058823529411764705,LOW-N
6601ee6383e7f452be71929f8de48bbb,1.0,4.0,0.0,0.0,70.03999999999999,53.9,16.14,0.0,LOW-N
6614814a00d344b846ae209f95ee7e3f,1.0,1.0,1.0,0.0,25.689999999999998,13.0,12.69,0.0,LOW-N
661ad5fcc28cdfb8bcadb12bb2272475,1.0,5.0,0.0,0.0,52.129999999999995,29.99,22.14,0.0,LOW-N
6624bc09786f0e41ae48dfc5eeb1a9e2,1.0,5.0,0.0,0.0,107.01,89.54,17.47,0.0,LOW-N
6650fcccd8cd2f7e55ffa524f30c4c59,3.0,2.6666666666666665,0.6666666666666666,0.3333333333333333,231.9,176.5666666666667,55.333333333333336,0.0,LOW-N
668bf321538e5072858eaef6087ce027,1.0,5.0,0.0,0.0,28.009999999999998,19.9,8.11,0.0,LOW-N
66922902710d126a0e7d26b0e3805106,50.0,3.9423076923076925,0.17307692307692307,0.1346153846153846,110.91461538461537,90.15384615384616,20.76076923076923,0.11538461538461539,HIGH
669ae81880e08f269a64487cfb287169,58.0,3.5714285714285716,0.2727272727272727,0.23376623376623376,80.72298701298703,62.84597402597403,17.877012987012986,0.07792207792207792,HIGH
66d5ae34537110d3affc56174dad2b2f,1.0,1.0,1.0,1.0,24.06,11.270000000000001,12.79,0.0,LOW-N
66dc1b1632bd6a3e508510c5b3492107,16.0,2.1578947368421053,0.6842105263157895,0.42105263157894735,105.39368421052633,87.56842105263159,17.82526315789474,0.05263157894736842,LOW-N
66e0557ecc2b4dbea057e93f215f68d8,13.0,3.3846153846153846,0.23076923076923078,0.46153846153846156,412.21692307692314,395.53846153846155,16.678461538461537,0.3076923076923077,LOW-N
66fd84ee7528c0c0de85d0f44a73d5ab,4.0,2.75,0.5,0.5,122.39750000000001,94.36875,28.02875,0.125,LOW-N
670a9dda115b5a88b18cfadee8de2332,4.0,4.5,0.0,0.0,107.28750000000001,87.4,19.8875,0.0,LOW-N
670c26e0f1bf8d0576271d5cfaec6d2b,27.0,3.967741935483871,0.1935483870967742,0.12903225806451613,103.23290322580644,83.90645161290324,19.326451612903227,0.06451612903225806,LOW-N
671585f5a2af58b6e276bc01003c0d2b,7.0,4.428571428571429,0.14285714285714285,0.2857142857142857,69.23571428571428,52.0,17.235714285714288,0.0,LOW-N
67225bff54a172ff67579aaf583efd78,1.0,5.0,0.0,0.0,236.29,219.0,17.29,0.0,LOW-N
6750d71153f00fc58829af2a8ef1bcf1,5.0,4.2,0.2,0.2,687.75,669.0,18.75,0.0,LOW-N
67883baaae6134ee81b271a542613728,8.0,4.25,0.125,0.25,677.69125,657.1125,20.57875,0.25,LOW-N
679769a98cfcc6da877c8486ff1c13f3,7.0,4.142857142857143,0.14285714285714285,0.14285714285714285,351.5342857142858,327.57142857142856,23.962857142857143,0.0,LOW-N
67bf6941ba2f1fa1d02c375766bc3e53,7.0,3.5833333333333335,0.25,0.08333333333333333,315.59583333333336,255.0,60.59583333333333,0.16666666666666666,LOW-N
67e43d802fde8cfd3f9580124f8167d1,1.0,1.0,1.0,1.0,26.119999999999997,12.0,14.12,0.0,LOW-N
6806dad1da97bfb5a9038eac6881f706,4.0,4.0,0.125,0.625,82.6275,64.5,18.127499999999998,0.0,LOW-N
681fce914360217db47784ae28905a96,11.0,3.5,0.4166666666666667,0.16666666666666666,204.29333333333338,184.24166666666667,20.051666666666666,0.08333333333333333,LOW-N
6824a69c9ea0313eba299dd4a2dba09a,3.0,5.0,0.0,0.0,88.955,74.375,14.58,0.0,LOW-N
685b870da5b52a710782c9c0fefbeb5b,2.0,2.0,0.5,1.0,335.49,313.5,21.99,1.0,LOW-N
6860153b69cc696d5dcfe1cdaaafcf62,20.0,3.2,0.4,0.3,69.3685,51.258500000000005,18.110000000000003,0.2,LOW-N
6861de0f40cacb0602e473c51639f980,2.0,1.8,0.8,0.8,162.92600000000002,119.8,43.12599999999999,0.2,LOW-N
686886775c8f6b1191c7b953fb52708c,1.0,5.0,0.0,0.0,202.62,189.0,13.62,0.0,LOW-N
6879c4d287a8dd06b11f54ea8f78e4da,3.0,5.0,0.0,0.0,163.43,129.59666666666666,33.833333333333336,0.0,LOW-N
688756f717c462a206ad854c5027a64a,36.0,3.26,0.32,0.38,72.413,53.72879999999999,18.684199999999997,0.14,HIGH
68ca56ce86830f3d31b1b7ec6a54da3e,2.0,2.5,0.5,0.5,203.12,184.9,18.22,0.0,LOW-N
68f86ba270525243e68ae74044f992b9,6.0,3.857142857142857,0.0,0.2857142857142857,93.41571428571429,78.54285714285713,14.872857142857141,0.14285714285714285,LOW-N
6902157ee16728322d61a1321fa79e58,2.0,3.0,0.5,0.5,95.715,79.9,15.815000000000001,0.0,LOW-N
693660429f9dc4ff704eb3d88dad54d7,1.0,3.0,0.0,0.0,77.53,62.0,15.53,0.0,LOW-N
695051e2981c8b19e77cafe450d5bdf3,1.0,5.0,0.0,0.0,182.45,169.76,12.69,0.0,LOW-N
6973a06f484aacf400ece213dbf3d946,45.0,2.8979591836734695,0.46938775510204084,0.4489795918367347,109.05530612244898,96.87367346938777,12.181632653061223,0.16326530612244897,HIGH
6989574bd97d9773f10d232b6c07da59,4.0,4.75,0.0,0.0,398.04249999999996,359.9,38.1425,0.0,LOW-N
698f5fa55a5f73d0740e9d9a773e8093,2.0,4.5,0.0,0.0,51.375,36.0,15.375,0.0,LOW-N
69a43819c758c65a5befb0b471c954d7,1.0,4.0,0.0,1.0,142.68,99.95,42.73,0.0,LOW-N
69b5eaa096c3f9d1e5c398c597f567d6,1.0,5.0,0.0,0.0,492.92,469.0,23.92,0.0,LOW-N
6a0cbc8af2e8abd1bdfb777943d174c6,11.0,4.181818181818182,0.18181818181818182,0.09090909090909091,132.45818181818183,113.34545454545454,19.112727272727273,0.09090909090909091,LOW-N
6a38087bc8ad4f89ff453561005f6dea,8.0,4.333333333333333,0.0,0.1111111111111111,133.33,110.02111111111111,23.308888888888887,0.0,LOW-N
6a51fc556dab5f766ced6fbc860bc613,14.0,3.411764705882353,0.35294117647058826,0.17647058823529413,242.44117647058823,218.8929411764706,23.54823529411765,0.058823529411764705,LOW-N
6a53b90c3ad9e0b56d9fe5c69165fff5,1.0,4.0,0.0,0.0,29.259999999999998,19.99,9.27,0.0,LOW-N
6a8a889bde935bafa76d7848782dfaf9,10.0,3.9166666666666665,0.16666666666666666,0.25,41.75333333333334,28.66,13.093333333333332,0.0,LOW-N
6a8b085f816a1f75f92dbac6eb545f8f,49.0,3.759259259259259,0.25925925925925924,0.2037037037037037,69.96537037037037,53.50370370370371,16.461666666666666,0.1111111111111111,HIGH
6aa3928696eab49a19a466e665a649fd,7.0,4.222222222222222,0.2222222222222222,0.0,84.41444444444444,69.77777777777777,14.636666666666668,0.0,LOW-N
6b15924333bd1a741595fe981ea04822,3.0,5.0,0.0,0.0,39.98666666666667,28.899999999999995,11.086666666666666,0.0,LOW-N
6b243f80ed07b10f0e8aa0f21a205f3c,33.0,3.357142857142857,0.35714285714285715,0.2619047619047619,79.79952380952382,61.92380952380953,17.875714285714285,0.047619047619047616,HIGH
6b333a05bf188ef3e1f1662a86bd9855,6.0,4.5,0.0,0.16666666666666666,417.9983333333333,374.99333333333334,43.005,0.16666666666666666,LOW-N
6b3bd31ad8fcda4b2635ec9f3ff2ecdf,14.0,3.0,0.47058823529411764,0.17647058823529413,114.17176470588235,96.54117647058824,17.63058823529412,0.058823529411764705,LOW-N
6b536a23086fba0d58c08d68814397f6,8.0,2.9,0.5,0.1,99.93500000000002,83.7,16.235000000000003,0.2,LOW-N
6b803197e03abd5056b4313306b4f29d,3.0,4.333333333333333,0.0,0.0,53.85666666666666,41.0,12.856666666666667,0.0,LOW-N
6b89abe95848c850399130d149a39b63,5.0,5.0,0.0,0.0,175.262,142.7,32.562,0.0,LOW-N
6b90f847357d8981edd79a1eb1bf0acb,16.0,4.176470588235294,0.17647058823529413,0.11764705882352941,86.47411764705882,76.18823529411766,10.285882352941176,0.058823529411764705,LOW-N
6b9b80d53ba3676eafe60268a810b5a1,5.0,3.4,0.4,0.4,100.034,81.35999999999999,18.674,0.0,LOW-N
6bb0724edf0b62fb91ac404873a97241,5.0,4.8,0.0,0.0,293.866,249.2,44.666000000000004,0.2,LOW-N
6bb62a4912377c7bfe7cb17b406bc7e6,2.0,4.0,0.3333333333333333,0.0,173.47333333333336,155.71333333333334,17.76,0.0,LOW-N
6bb66d9870c2e01c05655c7ed0e7ee13,1.0,2.0,1.0,0.0,104.72,89.0,15.72,0.0,LOW-N
6bbcb8924baf70b7fe2fe2097e8cd407,4.0,5.0,0.0,0.0,222.58,188.75,33.83,0.0,LOW-N
6bcb2352a2a0c38b845f598298ab9d26,1.0,1.0,1.0,1.0,28.380000000000003,15.9,12.48,0.0,LOW-N
6bd69102ab48df500790a8cecfc285c2,3.0,1.6666666666666667,1.0,1.0,1986.8866666666665,1903.3333333333333,83.55333333333334,0.3333333333333333,LOW-N
6bef34c5be6f2bbd70aa5165f6df94b1,2.0,2.0,0.5,0.5,665.44,599.0,66.44,0.0,LOW-N
6c12e40690c335dbc2f68a4134d30dc1,5.0,4.166666666666667,0.16666666666666666,0.0,305.02833333333336,276.6166666666666,28.411666666666672,0.0,LOW-N
6c177e38df6d3f34182b1f1d427231bf,24.0,3.52,0.28,0.28,149.0488,131.2356,17.8132,0.0,LOW-N
6c1b6d0c604b776f844125f911eb7377,1.0,5.0,0.0,0.0,137.25,115.99,21.26,0.0,LOW-N
6c6e3d67f969468f3bfd33f827a31222,2.0,5.0,0.0,0.0,65.065,51.0,14.065000000000001,0.0,LOW-N
6c7d50c24b3ccd2fd83b44d8bb34e073,39.0,3.8780487804878048,0.17073170731707318,0.07317073170731707,96.46634146341464,73.24414634146342,23.22219512195122,0.024390243902439025,HIGH
6c99c983ce3b6ba0ab813e6790e81691,5.0,3.8,0.2,0.2,74.48,50.284000000000006,24.195999999999998,0.0,LOW-N
6cd68b3ed6d59aaa9fece558ad360c0a,58.0,4.403225806451613,0.08064516129032258,0.0967741935483871,85.20822580645162,69.97096774193547,15.237258064516132,0.016129032258064516,HIGH
6cf476a4ca74498db55cbccdaa9dcfb6,4.0,2.0,0.8,0.4,98.306,82.99000000000001,15.315999999999997,0.6,LOW-N
6d1b9c9579132c87d2703ec38c30f2c5,2.0,5.0,0.0,0.0,98.20500000000001,79.9,18.305,0.0,LOW-N
6d22a1fcebb6dd08c9cd90b92a93e8d0,2.0,4.0,0.0,0.0,146.135,125.9,20.235,0.0,LOW-N
6d2f2e3b539480db1e0842b3a4e32e6e,1.0,5.0,0.0,0.0,42.07,28.99,13.08,0.0,LOW-N
6d66611d7c44cc30ce351abc49a68421,70.0,3.48,0.26666666666666666,0.21333333333333335,95.84053333333333,76.85999999999997,18.980533333333334,0.08,HIGH
6d803cb79cc31c41c4c789a75933b3c7,18.0,4.0,0.1,0.2,135.75199999999998,116.6,19.152000000000005,0.05,LOW-N
6d988d6174a2c27441597174f8905515,8.0,3.375,0.25,0.125,33.50125,18.58625,14.915,0.25,LOW-N
6da1992f915d77be95d7fa48b36904af,3.0,3.0,0.5,0.0,43.102500000000006,29.0,14.1025,0.0,LOW-N
6dc9bec584588412a6a338830946a3e4,2.0,1.5,1.0,0.5,333.91499999999996,280.0,53.915,0.0,LOW-N
6ddc28b61be28373b4503a1f61cf98a9,5.0,4.2,0.0,0.4,188.958,171.1,17.857999999999997,0.0,LOW-N
6df688df543f90e9b38f4319e75a9d88,14.0,4.15,0.1,0.1,51.98950000000001,37.565000000000005,14.424499999999998,0.0,LOW-N
6e0908ef4d4efadbc3cc2b74ea477cb0,4.0,3.4,0.4,0.4,55.315999999999995,40.56,14.756,0.2,LOW-N
6e1862e15f33d9994bc25922a85e1efc,1.0,5.0,0.0,0.0,65.65,59.9,5.75,0.0,LOW-N
6e2d3e2dc84fb30f6078f39dd3bddd6f,1.0,1.0,1.0,1.0,235.28,219.0,16.28,0.0,LOW-N
6e386f64c84e482f0b9abf960797ee1b,10.0,4.3,0.1,0.1,481.78999999999996,457.5499999999999,24.240000000000002,0.1,LOW-N
6e4a902d1054e4e17aa6eab87fac1c75,2.0,3.0,0.5,0.0,65.99000000000001,52.495000000000005,13.495,0.5,LOW-N
6e4f5ff6b086632ba8dcb558fb10249e,3.0,2.3333333333333335,0.6666666666666666,0.6666666666666666,223.04999999999998,176.63333333333333,46.416666666666664,0.0,LOW-N
6e864f5c4669eff3d98140a07cc50202,4.0,3.75,0.25,0.25,109.64999999999999,92.61,17.04,0.0,LOW-N
6eb94e1466490d327a09abf8f3552a50,4.0,4.0,0.25,0.25,189.61,161.7475,27.8625,0.0,LOW-N
6ebf4eceee4dd9847201c82e77ef8123,1.0,5.0,0.0,0.0,82.03,59.9,22.13,0.0,LOW-N
6ec1a01e866584bb679eb9b098345919,14.0,3.9285714285714284,0.21428571428571427,0.07142857142857142,130.005,107.11928571428572,22.88571428571429,0.14285714285714285,LOW-N
6edacfd9f9074789dad6d62ba7950b9c,56.0,3.933333333333333,0.18333333333333332,0.08333333333333333,69.0535,55.43333333333333,13.620166666666666,0.06666666666666667,HIGH
6ee85be3693ed79a8e80718743d80655,7.0,2.142857142857143,0.7142857142857143,0.2857142857142857,56.910000000000004,40.357142857142854,16.552857142857142,0.2857142857142857,LOW-N
6eeed17989b0ae47c9f11ece6f38ea90,3.0,3.6666666666666665,0.3333333333333333,0.3333333333333333,225.33666666666667,185.66666666666666,39.67,0.0,LOW-N
6f1a1263039c76e68f40a8e536b1da6a,2.0,1.0,1.0,0.5,51.825,38.85,12.975,0.5,LOW-N
6f229cc508fc6915ed5c499efd93baa4,1.0,5.0,0.0,0.0,164.54000000000002,149.9,14.64,0.0,LOW-N
6f835fd4be26989b1b064399da346143,1.0,5.0,0.0,0.0,113.55000000000001,97.9,15.65,0.0,LOW-N
6f83d9e4da896daae20b9b6b2d3ff8d2,6.0,3.8333333333333335,0.16666666666666666,0.16666666666666666,90.73833333333334,71.765,18.973333333333333,0.0,LOW-N
6f892e20a171e98efe17fdb971ff319b,17.0,2.9545454545454546,0.45454545454545453,0.22727272727272727,126.10772727272727,107.2636363636364,18.844090909090912,0.045454545454545456,LOW-N
6fa9202c10491e472dffd59a3e82b2a3,2.0,4.0,0.0,0.5,2612.9449999999997,2338.08,274.865,0.0,LOW-N
6fc26fe110feebd80a433e1f012a84f9,12.0,3.6956521739130435,0.2608695652173913,0.17391304347826086,72.48434782608695,57.86652173913044,14.617826086956523,0.0,LOW-N
6fd52c528dcb38be2eea044946b811f8,30.0,2.361111111111111,0.6666666666666666,0.3888888888888889,108.83222222222223,94.99972222222223,13.832500000000001,0.19444444444444445,HIGH
7008613ea464bad5cb9b83456e1e6a8f,36.0,3.7291666666666665,0.1875,0.20833333333333334,70.1525,49.05833333333334,21.094166666666666,0.041666666666666664,HIGH
700f03c207639c22d933381ff60b35c2,1.0,5.0,0.0,0.0,415.68,379.98,35.7,0.0,LOW-N
70125af26c2d6d4ef401a1d02ae7701f,2.0,4.6,0.0,0.4,91.066,54.5,36.56600000000001,0.6,LOW-N
70126eecc6aa1274392a1743866e9678,1.0,5.0,0.0,1.0,27.200000000000003,19.8,7.4,0.0,LOW-N
701938c450705b8ae65fc923b70f35c7,30.0,3.32,0.32,0.08,143.10479999999998,107.91600000000003,35.18879999999999,0.04,HIGH
7040e82f899a04d1b434b795a43b4617,100.0,3.1401869158878504,0.4205607476635514,0.3364485981308411,58.32542056074766,43.51682242990652,14.808598130841117,0.102803738317757,HIGH
70849ca4f400aaabb62cb7462a6f1428,2.0,3.5,0.5,0.5,93.11999999999999,64.94,28.18,0.5,LOW-N
709e16e2b25c7474d980076c6bfc4806,22.0,4.115384615384615,0.038461538461538464,0.34615384615384615,87.195,72.0423076923077,15.152692307692309,0.038461538461538464,LOW-N
70a12e78e608ac31179aea7f8422044b,134.0,3.2937062937062938,0.36363636363636365,0.34965034965034963,116.51265734265732,98.83832167832169,17.674335664335665,0.11888111888111888,HIGH
70b52a4cfc823994561b00bad161b4ed,5.0,4.5,0.0,0.16666666666666666,68.89833333333334,58.5,10.398333333333333,0.0,LOW-N
70bf57d811208f8923b41bbd499a67a4,1.0,5.0,0.0,0.0,111.12,99.4,11.72,0.0,LOW-N
70c27847eca8195c983ed7e798c56743,34.0,3.7872340425531914,0.2978723404255319,0.2978723404255319,135.94595744680853,121.11702127659572,14.828936170212764,0.10638297872340426,HIGH
70eea00b476a314817cefde4aad4f89a,43.0,4.042553191489362,0.19148936170212766,0.14893617021276595,264.43638297872343,240.95297872340424,23.48340425531915,0.0851063829787234,HIGH
70f7e8018e3d46c748c92f026aa2585a,1.0,5.0,0.0,0.0,138.84,119.9,18.94,0.0,LOW-N
70f84699be677ec988d1fa824aef7d90,3.0,4.333333333333333,0.0,0.0,363.30999999999995,346.1666666666667,17.143333333333334,0.0,LOW-N
71039d19d4303bf9054d69e9a9236699,11.0,3.0,0.46153846153846156,0.23076923076923078,85.06307692307692,70.5153846153846,14.547692307692305,0.38461538461538464,LOW-N
710e3548e02bc1d2831dfc4f1b5b14d4,67.0,2.5428571428571427,0.5571428571428572,0.45714285714285713,191.39942857142861,166.01,25.38942857142857,0.05714285714285714,HIGH
71271995e85f5b8530be99ed54a91b89,4.0,2.0,0.5,0.5,111.82,97.0,14.82,0.0,LOW-N
712e6ed8aa4aa1fa65dab41fed5737e4,52.0,3.2203389830508473,0.423728813559322,0.288135593220339,517.2316949152543,437.5762711864407,79.65542372881357,0.1694915254237288,HIGH
7139dc5186aa238b006e066d8fbab2e4,10.0,3.727272727272727,0.2727272727272727,0.2727272727272727,99.77999999999999,80.63636363636364,19.14363636363636,0.09090909090909091,LOW-N
713e3a23ca5e47786eb6f0d99f94cfac,1.0,5.0,0.0,0.0,238.1,219.0,19.1,0.0,LOW-N
7142540dd4c91e2237acb7e911c4eba2,148.0,3.811320754716981,0.23270440251572327,0.22012578616352202,129.28748427672954,107.86301886792451,21.42446540880503,0.11949685534591195,HIGH
714b9a1332840f257b49f476bea4e341,3.0,2.6666666666666665,0.6666666666666666,0.3333333333333333,279.07,249.99,29.08,0.3333333333333333,LOW-N
71592660bbcb6a4664e97b6f8b68babc,2.0,5.0,0.0,0.0,313.08666666666664,291.77333333333337,21.313333333333336,0.0,LOW-N
71593c7413973a1e160057b80d4958f6,1.0,1.0,1.0,1.0,69.07,59.9,9.17,0.0,LOW-N
715bbd5ba4e6b74cb0d2f29eb45058b0,14.0,3.5,0.2857142857142857,0.2857142857142857,77.03357142857143,59.442857142857136,17.590714285714288,0.2857142857142857,LOW-N
7178e1eaa97257d8b6d4b80efd77a025,1.0,5.0,0.0,0.0,184.71,167.9,16.81,0.0,LOW-N
7178f9f4dd81dcef02f62acdf8151e01,87.0,3.618556701030928,0.26804123711340205,0.26804123711340205,136.66082474226803,117.77298969072166,18.88783505154639,0.041237113402061855,HIGH
717b78b0950b51ed00b1471d858b0edc,2.0,3.0,0.5,0.5,44.3,29.9,14.399999999999999,0.5,LOW-N
718539d38d07dd351c76db862760e2e2,14.0,3.6470588235294117,0.35294117647058826,0.35294117647058826,48.0464705882353,31.815882352941184,16.230588235294118,0.0,LOW-N
71dc18fd8cbf5fd77f45dd8b427abb34,1.0,5.0,0.0,0.0,141.29,120.0,21.29,0.0,LOW-N
7202e2ba20579a9bd1acb29e61fe71f6,22.0,3.125,0.375,0.4583333333333333,265.36583333333334,245.02499999999998,20.340833333333336,0.041666666666666664,LOW-N
720e6cf846ea7572cbb66b743fb91e6c,1.0,5.0,0.0,0.0,68.55,54.0,14.55,0.0,LOW-N
7210cd29727d674c00741e5e387b3ccd,2.0,1.8,0.8,0.0,48.553999999999995,40.10999999999999,8.443999999999999,0.8,LOW-N
72146da5774cabf2632faedcae097a76,2.0,4.0,0.25,0.0,42.505,24.239999999999995,18.265,0.25,LOW-N
7238a95bb63ef7e498389fb863b834a1,4.0,4.25,0.0,0.0,165.2675,143.475,21.7925,0.0,LOW-N
7238f877570096ae403c51898fa64566,1.0,5.0,0.0,0.0,420.68,400.0,20.68,0.0,LOW-N
723a46b89fd5c3ed78ccdf039e33ac63,1.0,4.0,0.0,0.0,90.03999999999999,66.64,23.4,0.0,LOW-N
723cd880edaacdb998898b67c8f9da30,5.0,3.2,0.4,0.2,287.966,235.914,52.052,0.2,LOW-N
725af026f869236a8dd0ceb98564d156,5.0,2.8333333333333335,0.5,0.5,171.41333333333333,149.50333333333333,21.909999999999997,0.0,LOW-N
725c32fa80c2faacc4fc88450d27314e,27.0,4.571428571428571,0.07142857142857142,0.07142857142857142,88.01571428571427,75.05571428571429,12.959999999999999,0.0,LOW-N
7299e27ed73d2ad986de7f7c77d919fa,104.0,4.060344827586207,0.16379310344827586,0.20689655172413793,107.55646551724139,89.8193103448276,17.73715517241379,0.07758620689655173,HIGH
729b2d09b2a0bdab221076327f13d050,12.0,4.0,0.2,0.3333333333333333,41.612,26.507333333333328,15.104666666666667,0.06666666666666667,LOW-N
729f06993dac8e860d4f02d7088ca48a,40.0,3.891304347826087,0.1956521739130435,0.17391304347826086,224.9204347826087,183.50173913043474,41.418695652173916,0.10869565217391304,HIGH
72bc2cce903c872fe376a8faaa81d237,1.0,5.0,0.0,0.0,43.68,35.9,7.78,0.0,LOW-N
72c38a04bd6a1c3dbc5298425a0db86d,2.0,3.0,0.5,0.5,178.7,153.3,25.4,0.0,LOW-N
72c5da29406b4234927b81855e7b64f6,19.0,3.9473684210526314,0.15789473684210525,0.10526315789473684,419.75105263157894,389.9373684210526,29.81368421052632,0.0,LOW-N
730937bf88cb151eb2eb849f642fc213,8.0,3.909090909090909,0.18181818181818182,0.0,119.85090909090908,100.54545454545455,19.305454545454545,0.0,LOW-N
7315baebc0572ff220d226283dc66728,1.0,3.0,0.0,0.0,35.75,23.9,11.85,0.0,LOW-N
731ef20c231d9a7103a425e83fd91271,1.0,3.0,0.0,1.0,801.84,564.0,237.84,0.0,LOW-N
734def04b237117a09321dd6d8f3f2a2,2.0,5.0,0.0,0.0,640.615,626.215,14.4,0.0,LOW-N
7354220fb240bde543b3c40c060d41e7,3.0,4.333333333333333,0.0,0.0,141.22666666666666,115.33333333333333,25.893333333333334,0.0,LOW-N
7357b52d27cbaa90f81a96cbc1279396,5.0,4.0,0.2,0.0,128.344,111.41799999999998,16.926,0.0,LOW-N
73a63f72308aa20a46f4b1632018f196,16.0,3.625,0.2916666666666667,0.4166666666666667,286.32208333333335,254.51458333333335,31.8075,0.0,LOW-N
73b8eb4a9a729d4019b24ed1be748cbf,3.0,3.6666666666666665,0.3333333333333333,0.3333333333333333,135.73333333333335,120.50333333333333,15.229999999999999,0.0,LOW-N
7402d13c03a7e91366337cd1de471144,2.0,4.5,0.0,0.0,251.195,207.445,43.75,0.0,LOW-N
741f8c587cb4248ebc5b779a0e8e0e51,1.0,1.0,1.0,1.0,22.38,14.99,7.39,1.0,LOW-N
744dac408745240a2c2528fb1b6028f3,39.0,4.6,0.05,0.025,260.079,237.1225,22.9565,0.025,HIGH
74636e24f01da9268b0ed88dacd8513e,1.0,1.0,1.0,1.0,256.9,209.0,47.9,1.0,LOW-N
747c1cdcd1737dcfbd1547f6eb6f2cf3,1.0,1.0,1.0,0.0,100.77,88.0,12.77,0.0,LOW-N
747e73c01a4593d4cf60dcf970fd2689,1.0,4.0,0.0,0.0,339.55,329.99,9.56,0.0,LOW-N
74a9b9bddf14ece02beb81f52c41a88d,1.0,2.0,1.0,0.0,39.36,35.0,4.36,0.0,LOW-N
74c7dec0a384d8a05950e629bd23bde9,2.0,3.0,0.5,0.5,72.05,59.400000000000006,12.649999999999999,0.0,LOW-N
750303a20e9c56b2a6bc45cdce0b897d,28.0,4.225806451612903,0.12903225806451613,0.1935483870967742,205.91258064516126,183.20322580645157,22.709354838709675,0.03225806451612903,LOW-N
751bdc4d83a466c7206cd42e8f426b03,24.0,2.727272727272727,0.5757575757575758,0.30303030303030304,102.44848484848484,87.73666666666666,14.711818181818183,0.0,LOW-N
75745ef7bc7d4f3ea3380f6f5303f514,1.0,5.0,0.0,0.0,187.52,169.9,17.62,0.0,LOW-N
7586919161935337bf6b6d7ff5779648,5.0,2.2,0.7,0.1,63.105999999999995,46.681999999999995,16.424,0.1,LOW-N
75a4764c108403a7a0575140cb22287c,1.0,5.0,0.0,0.0,89.35,69.89,19.46,0.0,LOW-N
75d34ebb1bd0bd7dde40dd507b8169c3,30.0,3.6578947368421053,0.2894736842105263,0.2631578947368421,258.90526315789475,240.38473684210524,18.52052631578947,0.10526315789473684,HIGH
75fbb52eda0cbc24f479d3b2fbfa8d3e,14.0,4.266666666666667,0.13333333333333333,0.2,42.435333333333325,23.44599999999999,18.989333333333335,0.13333333333333333,LOW-N
75fdd0a732287f9497b179f6bd445d32,1.0,5.0,0.0,0.0,76.08,59.9,16.18,0.0,LOW-N
761681a821d8275bc79f552116d06869,1.0,5.0,0.0,0.0,233.97000000000003,151.24,82.73,0.0,LOW-N
762ed976527cddf02787edba70fffa2a,3.0,2.25,0.75,0.5,60.02999999999999,44.95,15.079999999999998,0.0,LOW-N
762fafdaa57a532ee0119731697579dd,2.0,5.0,0.0,0.0,38.76,29.2,9.559999999999999,0.0,LOW-N
76623fde66e6b63b59440fd34160512d,2.0,4.0,0.0,0.0,25.73,17.95,7.78,0.0,LOW-N
7681ef142fd2c19048da7430856b5588,34.0,4.065217391304348,0.21739130434782608,0.15217391304347827,493.75913043478255,453.6076086956521,40.15152173913044,0.08695652173913043,HIGH
76833248bbc0e65a0293ec62023e4396,1.0,5.0,0.0,0.0,1787.72,1699.99,87.73,0.0,LOW-N
768a86e36ad6aae3d03ee3c6433d61df,6.0,4.333333333333333,0.0,0.5,48.99000000000001,37.47,11.520000000000001,0.16666666666666666,LOW-N
768de2a4fc06aacecb9a586ccc30746a,3.0,4.666666666666667,0.0,0.0,51.303333333333335,34.23333333333333,17.07,0.0,LOW-N
76c47a299e4a8fe992316a85865acbe9,2.0,4.5,0.0,0.0,181.56,161.115,20.445,0.25,LOW-N
76d336555bb25f3165d2f0d6da719c40,1.0,1.0,1.0,0.0,176.87,165.0,11.87,0.0,LOW-N
76d5af76d0271110f9af36c92573f765,52.0,3.621212121212121,0.2727272727272727,0.15151515151515152,232.46909090909094,203.70181818181817,28.76727272727273,0.10606060606060606,HIGH
76d64c4aca3a7baf218bf93ef7fa768d,32.0,3.9696969696969697,0.21212121212121213,0.15151515151515152,331.24,274.6212121212121,56.61878787878788,0.030303030303030304,HIGH
76de363de16dacc923eec8daf91df504,1.0,1.0,1.0,1.0,128.02,110.0,18.02,0.0,LOW-N
76ea5315acb3f5f7ade3cd261faf922a,8.0,4.25,0.125,0.25,104.6075,87.79749999999999,16.81,0.125,LOW-N
77128dec4bec4878c37ab7d6169d6f26,1.0,5.0,0.0,0.0,15.22,6.5,8.72,0.0,LOW-N
7722b1df1b0e383e000397b2c11e3e19,43.0,3.8260869565217392,0.1956521739130435,0.21739130434782608,67.64978260869566,51.72891304347827,15.92086956521739,0.0,HIGH
77530e9772f57a62c906e1c21538ab82,112.0,3.506666666666667,0.35333333333333333,0.30666666666666664,141.4432,119.53066666666666,21.912533333333332,0.19333333333333333,HIGH
77714512e8d4dda9c234da8e3faf16e4,2.0,3.6666666666666665,0.0,0.6666666666666666,58.70666666666667,40.23333333333333,18.473333333333333,0.0,LOW-N
777a0c55737f34ffeb78010f7542ab41,3.0,5.0,0.0,0.0,92.81666666666666,78.41666666666667,14.4,0.0,LOW-N
77a515caa36327151d1cc6c32a9f00e1,14.0,4.214285714285714,0.14285714285714285,0.14285714285714285,98.58928571428575,82.19214285714285,16.397142857142857,0.14285714285714285,LOW-N
77dcbb67ccb3659bd58eaf5661560a30,1.0,1.0,1.0,1.0,1042.51,960.0,82.51,0.0,LOW-N
77e4abfd739aed9c46480f90f81c0eb4,6.0,4.5,0.0,0.0,145.09,127.5,17.59,0.0,LOW-N
77fccaae319668a8ab6cd0fd16aec48c,6.0,3.857142857142857,0.14285714285714285,0.14285714285714285,150.17142857142858,130.0,20.17142857142857,0.0,LOW-N
7813ea3ebd9411dc600b4dd01f7a97b9,6.0,4.333333333333333,0.16666666666666666,0.16666666666666666,186.33499999999995,166.9,19.435,0.0,LOW-N
782f78b632a43875dd5b53e3e49c9564,2.0,3.6666666666666665,0.3333333333333333,0.3333333333333333,62.52333333333333,48.669999999999995,13.853333333333333,0.0,LOW-N
784ba75dd9d20200c4caed3d7a77141a,9.0,2.4545454545454546,0.6363636363636364,0.09090909090909091,387.49545454545455,362.60181818181815,24.89363636363636,0.09090909090909091,LOW-N
78744a20ee2f80ba64f6804c25def2b8,2.0,3.0,0.5,0.0,565.54,499.0,66.53999999999999,0.5,LOW-N
78813699ffac347fe27dba345a5f1551,1.0,5.0,0.0,0.0,200.54,152.42,48.12,0.0,LOW-N
788e857f317e53de488d393e65a80f45,5.0,4.8,0.0,0.2,128.56199999999998,110.0,18.562,0.0,LOW-N
788f22bafdd7ab0e1e79f19db72f16a4,1.0,5.0,0.0,0.0,88.49000000000001,69.9,18.59,0.0,LOW-N
78a4d36f65a019172c6154468831a69f,3.0,3.3333333333333335,0.3333333333333333,0.0,271.35333333333335,229.26666666666665,42.086666666666666,0.3333333333333333,LOW-N
78ba5933c21686d1c2f64669c8c459e7,2.0,4.5,0.0,0.0,106.28500000000001,95.9,10.385000000000002,0.0,LOW-N
78c99c6dff4eeae5be99bf635ed21e3f,17.0,4.045454545454546,0.18181818181818182,0.045454545454545456,65.38318181818181,48.190909090909095,17.192272727272726,0.13636363636363635,LOW-N
78ef7e885d17f35e2382a47aae8b8cce,2.0,5.0,0.0,0.0,135.51999999999998,114.5,21.020000000000003,0.0,LOW-N
7901646fdd36a55f564ffaf2dbccaaf7,8.0,3.909090909090909,0.2727272727272727,0.2727272727272727,286.49727272727273,265.3572727272727,21.14,0.2727272727272727,LOW-N
791cfcfe22fe4a771ece27f90017da92,1.0,1.0,1.0,1.0,315.98,298.13,17.85,1.0,LOW-N
79565f7d5603b24ddf07ade262547f2f,1.0,1.0,1.0,1.0,49.96,39.0,10.96,0.0,LOW-N
7963e546f34e098b578f9ad102494601,1.0,5.0,0.0,0.0,82.22,60.99,21.23,0.0,LOW-N
7994081388d55b9cf976c050653dd359,1.0,5.0,0.0,0.0,134.6,120.0,14.6,0.0,LOW-N
7994b065a7ffb14e71c6312cf87b9de2,1.0,5.0,0.0,0.0,145.57,128.7,16.87,0.0,LOW-N
79a679c36c08d606b3fd47ead9de109b,2.0,1.0,1.0,0.0,101.04666666666667,85.0,16.046666666666667,0.3333333333333333,LOW-N
79ebd9a61bac3eaf882805ed4ecfa12a,43.0,3.6363636363636362,0.2727272727272727,0.3181818181818182,126.83909090909093,100.80909090909087,26.029999999999998,0.06818181818181818,HIGH
79ed755314cfe6df0daef2c6cd3022cd,8.0,4.777777777777778,0.0,0.1111111111111111,164.75222222222223,146.5666666666667,18.185555555555553,0.0,LOW-N
79ee721b6f766066a80264402548d359,2.0,1.0,1.0,1.0,284.17999999999995,269.0,15.18,0.0,LOW-N
7a073a40a9d3f1fee8bc45670ea1e909,1.0,1.0,1.0,1.0,112.78,95.0,17.78,0.0,LOW-N
7a241947449cc45dbfda4f9d0798d9d0,24.0,2.65625,0.5,0.1875,145.6271875,114.683125,30.9440625,0.0625,LOW-N
7a2d2949aea47fab95fd98d6c9f618b1,4.0,3.6,0.2,0.0,182.68800000000002,164.8,17.888,0.0,LOW-N
7a425d299613df3e613bcf9d2eaf5c49,4.0,3.5,0.25,0.25,75.6525,59.575,16.0775,0.0,LOW-N
7a67c85e85bb2ce8582c35f2203ad736,490.0,4.082828282828283,0.16565656565656567,0.17373737373737375,142.1541414141414,124.00943434343435,18.144707070707074,0.07272727272727272,HIGH
7a704e63bb29c446869efde5d57524c8,1.0,5.0,0.0,0.0,109.89999999999999,94.49,15.41,0.0,LOW-N
7a91bf945c6fae0779f1c61ce97fe45c,2.0,2.0,0.5,0.5,183.57,167.4,16.169999999999998,0.0,LOW-N
7a9c12e235c36247c3c81f50d6ea9cea,3.0,4.333333333333333,0.0,0.3333333333333333,223.57000000000002,199.64666666666668,23.923333333333332,0.0,LOW-N
7aa4334be125fcdd2ba64b3180029f14,80.0,3.7872340425531914,0.26595744680851063,0.23404255319148937,82.99,65.58989361702127,17.400106382978723,0.19148936170212766,HIGH
7aa538dd6e114e503a2e6154ea352253,4.0,4.75,0.0,0.25,178.0225,159.17249999999999,18.849999999999998,0.0,LOW-N
7ad32824caee82087b3e2e5f33b1bf32,75.0,3.193548387096774,0.3870967741935484,0.1935483870967742,145.56161290322578,125.86881720430107,19.692795698924733,0.16129032258064516,HIGH
7ad41305e96a6cab8294cd65891e9a86,1.0,5.0,0.0,0.0,154.38,120.0,34.38,0.0,LOW-N
7adbd3210a7b3cc2235e225eef33574d,1.0,5.0,0.0,0.0,101.73,78.9,22.83,0.0,LOW-N
7ade73f1b9b4e965f9009a4c3a7e2c15,7.0,4.428571428571429,0.0,0.2857142857142857,83.3257142857143,64.52857142857144,18.79714285714286,0.0,LOW-N
7b07b3c7487f0ea825fc6df75abd658b,39.0,4.0,0.24390243902439024,0.1951219512195122,130.9258536585366,116.7448780487805,14.1809756097561,0.07317073170731707,HIGH
7b0df942f46435babab05d49b744b2c4,11.0,4.909090909090909,0.0,0.09090909090909091,692.1927272727272,670.4599999999999,21.732727272727274,0.0,LOW-N
7b1222c3624aa89b9558b50a2594188c,10.0,4.0,0.2,0.1,504.015,479.92699999999996,24.088,0.3,LOW-N
7b3f6ce5c6c22e9b96e7581ebf0df6e1,1.0,3.0,0.0,1.0,42.49,29.8,12.69,0.0,LOW-N
7b7ed56ae755e2880f2b69632e839c1e,2.0,4.0,0.0,0.5,57.515,29.4,28.115,0.5,LOW-N
7b7f91e98f8c6def45a1407923304402,2.0,1.8,0.8,0.0,48.943999999999996,29.708,19.236,0.0,LOW-N
7b8e8ec35bad4b0ef7e3963650b0a87b,2.0,5.0,0.0,0.0,166.665,132.44,34.225,0.0,LOW-N
7b98de631987e26dd6d803490c43a13c,3.0,5.0,0.0,0.0,86.90333333333335,69.9,17.003333333333334,0.0,LOW-N
7bac63f6603d382cc8d0832eb6c100a8,8.0,3.75,0.25,0.125,521.9312500000001,498.62375,23.3075,0.25,LOW-N
7bcd7c5f8631701474db233ccf1c094b,5.0,3.2,0.4,0.2,91.70599999999999,69.4,22.306,0.0,LOW-N
7c1fea10b5b006671d608b1d7c446ec4,5.0,3.8,0.2,0.0,46.217999999999996,29.9,16.317999999999998,0.2,LOW-N
7c4618c82226628831613e95e9c22f44,5.0,3.2,0.4,0.2,34.78,23.754,11.026,0.4,LOW-N
7c4adcc13272c0e26fa23aac642adb7b,2.0,3.0,0.5,0.5,82.815,67.5,15.315000000000001,0.5,LOW-N
7c51de0ab286204ce75ff42bf7c10d92,2.0,4.5,0.0,0.0,281.135,228.0,53.135000000000005,0.0,LOW-N
7c5b05cbdb5542049f38d90d7815b97d,7.0,3.142857142857143,0.42857142857142855,0.0,51.01,38.24714285714286,12.762857142857143,0.14285714285714285,LOW-N
7c67e1448b00f6e969d365cea6b010ab,494.0,2.723314606741573,0.4648876404494382,0.38202247191011235,176.78898876404494,138.0333988764045,38.755589887640454,0.11797752808988764,HIGH
7c9130f5f3729edd32aa059141d92484,1.0,3.0,0.0,0.0,45.3,31.5,13.8,0.0,LOW-N
7caa63f175b1cecbfaadd8b5ab9998c7,1.0,1.0,1.0,1.0,27.64,19.9,7.74,0.0,LOW-N
7d13fca15225358621be4086e1eb0964,223.0,3.5458515283842793,0.31004366812227074,0.2183406113537118,218.5175982532751,203.6533624454149,14.864235807860261,0.18340611353711792,HIGH
7d294cf9a6a69dc6a0c3e540fff0e039,1.0,5.0,0.0,0.0,73.78,51.45,22.33,0.0,LOW-N
7d456afc660226829370f3173d14520c,19.0,4.035714285714286,0.17857142857142858,0.25,111.81642857142857,95.74642857142858,16.07,0.0,LOW-N
7d76b645482be4a332374e8223836592,92.0,3.7058823529411766,0.21568627450980393,0.2549019607843137,34.254901960784316,20.36460784313726,13.890294117647054,0.12745098039215685,HIGH
7d7866a99a8656a42c7ff6352a433410,2.0,4.5,0.0,0.0,33.93,25.744999999999997,8.184999999999999,0.0,LOW-N
7d7d2b7a51328016102d4528c411d630,2.0,5.0,0.0,0.0,152.155,135.0,17.155,0.0,LOW-N
7d81e74a4755b552267cd5e081563028,1.0,4.0,0.0,0.0,39.99,32.5,7.49,0.0,LOW-N
7d948535954aaf8c5d39db007f74372e,2.0,3.5,0.5,0.5,60.519999999999996,48.0,12.52,0.0,LOW-N
7daca0837f033a41a6f3428c18657533,3.0,2.3333333333333335,0.6666666666666666,0.6666666666666666,193.73666666666668,173.33,20.406666666666666,0.6666666666666666,LOW-N
7dc8c42cc750eeafea6c85712ffee9bf,11.0,3.7142857142857144,0.2857142857142857,0.07142857142857142,113.90142857142858,91.56500000000001,22.336428571428566,0.0,LOW-N
7dc9a3355bae96dd82008b313d3a456c,1.0,5.0,0.0,0.0,949.62,899.0,50.62,0.0,LOW-N
7ddcbb64b5bc1ef36ca8c151f6ec77df,171.0,3.642458100558659,0.2737430167597765,0.27932960893854747,198.81608938547487,174.57100558659218,24.245083798882682,0.0893854748603352,HIGH
7dea6f73af847b42cc3985bd620f994d,2.0,4.0,0.0,0.0,190.085,162.0,28.085,0.0,LOW-N
7df1fc11cc5cbc518b39faa60cf5d67c,1.0,1.0,1.0,0.0,201.13,165.9,35.23,0.0,LOW-N
7e1fb0a3ebfb01ffb3a7dae98bf3238d,57.0,3.639344262295082,0.26229508196721313,0.19672131147540983,170.0065573770492,153.32426229508198,16.68229508196721,0.18032786885245902,HIGH
7e26c750b4cb9f6766f58265ff9ebe95,14.0,4.266666666666667,0.06666666666666667,0.06666666666666667,64.21733333333333,49.76666666666666,14.450666666666669,0.0,LOW-N
7e3dde9ffba72d5340f9aaf09b4424be,1.0,1.0,1.0,1.0,242.03,220.0,22.03,0.0,LOW-N
7e3f87d16fb353f408d467e74fbd8014,35.0,3.7777777777777777,0.2222222222222222,0.1388888888888889,59.58138888888888,44.19361111111112,15.387777777777778,0.1388888888888889,HIGH
7e93a43ef30c4f03f38b393420bc753a,158.0,3.9622641509433962,0.1949685534591195,0.18867924528301888,548.9170440251572,530.6838993710692,18.233144654088047,0.06289308176100629,HIGH
7e959205cebc10adefcb331f934238a4,2.0,1.0,1.0,1.0,273.27500000000003,256.95000000000005,16.325,0.0,LOW-N
7ea5bfa6c340f58f8e71fc1f0412b0d6,26.0,3.2333333333333334,0.36666666666666664,0.3333333333333333,108.84566666666667,91.9663333333333,16.879333333333335,0.13333333333333333,LOW-N
7ecd59e5e20407131822c1a68ac59c1f,6.0,4.0,0.16666666666666666,0.16666666666666666,71.16166666666668,51.656666666666666,19.505,0.3333333333333333,LOW-N
7ecef8194babfec876ca720714327841,3.0,4.333333333333333,0.0,0.0,239.99333333333334,216.26666666666665,23.72666666666667,0.0,LOW-N
7f02656561b680def9986c0795a8a080,2.0,3.0,0.5,0.5,55.915000000000006,42.0,13.915,0.0,LOW-N
7f152321c60a266edc53af1925ef96c1,11.0,3.090909090909091,0.45454545454545453,0.09090909090909091,231.54636363636365,200.89909090909094,30.64727272727273,0.45454545454545453,LOW-N
7f2617c58d5d06806987308b45654351,10.0,3.1818181818181817,0.2727272727272727,0.2727272727272727,165.04636363636368,149.90000000000003,15.146363636363638,0.18181818181818182,LOW-N
7f35f9daf223da737b78738fbae4d977,2.0,3.0,0.5,0.5,69.87,48.0,21.87,0.0,LOW-N
7f40d06aa0b5f1aa4f41af8c0480e2ef,4.0,4.75,0.0,0.0,210.43250000000003,196.24,14.192499999999999,0.25,LOW-N
7f7b8245c336066a1f9933c359f11d77,10.0,3.8,0.3,0.0,68.46099999999998,53.548,14.913000000000002,0.1,LOW-N
7fc87cc3e89b3d1d5cabdca32f8485aa,8.0,2.875,0.5,0.5,240.4275,185.28750000000002,55.14,0.5,LOW-N
7fdb0720c8d7c9075538b365dc8c3a22,5.0,2.0,0.8333333333333334,0.5,186.46166666666667,144.66666666666666,41.795,0.16666666666666666,LOW-N
7fe21dd00d2f4943ae09525efa2fd674,3.0,3.6666666666666665,0.3333333333333333,0.3333333333333333,96.75666666666666,83.23333333333333,13.523333333333333,0.0,LOW-N
7ff588a03c2aeae4fbd23f9ae64b760d,8.0,4.555555555555555,0.1111111111111111,0.3333333333333333,117.37777777777777,100.63555555555556,16.742222222222225,0.0,LOW-N
800214c63934acd05d47e84214db8ba8,1.0,5.0,0.0,0.0,86.83000000000001,69.9,16.93,0.0,LOW-N
804287717b9156fb7a787acd9af4fac1,1.0,5.0,0.0,0.0,33.9,18.8,15.1,0.0,LOW-N
8060d731897e33b5c5ae575ce1e209e1,1.0,5.0,0.0,0.0,58.129999999999995,39.9,18.23,0.0,LOW-N
808d4348b916efa08e766ebad39f61eb,6.0,4.166666666666667,0.16666666666666666,0.3333333333333333,33.64666666666667,21.675,11.971666666666666,0.0,LOW-N
8090490573c6c0aa343a7231ebcb8c86,9.0,4.111111111111111,0.2222222222222222,0.2222222222222222,228.3011111111111,207.57555555555552,20.72555555555555,0.1111111111111111,LOW-N
809413606dbfe5deefd2db646693ef67,1.0,5.0,0.0,0.0,43.15,35.76,7.39,0.0,LOW-N
80e6699fe29150b372a0c8a1ebf7dcc8,26.0,3.5384615384615383,0.34615384615384615,0.23076923076923078,118.75307692307692,93.35076923076923,25.402307692307694,0.07692307692307693,LOW-N
80f2cf9abf6b5a0e5c612b5eea6646e6,3.0,3.6666666666666665,0.3333333333333333,0.3333333333333333,200.37333333333333,132.91333333333333,67.46,0.0,LOW-N
8132b9bd16876e1b0f8808d43825dd48,2.0,2.3333333333333335,0.6666666666666666,0.0,256.31333333333333,242.63333333333333,13.68,0.0,LOW-N
813348c996469b40f2e028d5429d3495,78.0,3.5795454545454546,0.3181818181818182,0.19318181818181818,74.15590909090908,55.94772727272727,18.208181818181817,0.056818181818181816,HIGH
81336a0f57a33776419727a300249e90,6.0,3.142857142857143,0.42857142857142855,0.2857142857142857,42.95571428571428,28.110000000000003,14.845714285714283,0.0,LOW-N
8160255418d5aaa7dbdc9f4c64ebda44,189.0,3.3457943925233646,0.3411214953271028,0.22897196261682243,128.78883177570097,110.87943925233647,17.909392523364485,0.22429906542056074,HIGH
817245bcc3badd82bbd222e0366951a6,11.0,3.6842105263157894,0.21052631578947367,0.10526315789473684,135.2347368421053,120.16315789473686,15.071578947368423,0.05263157894736842,LOW-N
81783131d2a97c8d44d406a4be81b5d9,5.0,2.2,0.6,0.4,102.418,89.88,12.538,0.0,LOW-N
817f85dbb65aa3e70831d90fe75cdf89,7.0,4.428571428571429,0.0,0.14285714285714285,174.07,150.6542857142857,23.415714285714284,0.0,LOW-N
8185694b58b2ba6de20fd41ae608bbea,2.0,4.5,0.0,0.0,175.27,144.375,30.895,0.0,LOW-N
818d28f936e791926d33bcb6ee94ef79,1.0,5.0,0.0,0.0,43.95,27.9,16.05,0.0,LOW-N
81a1104df0f08b59c68aa5b03cfe398e,34.0,4.352941176470588,0.08823529411764706,0.11764705882352941,141.07411764705884,115.14058823529412,25.933529411764706,0.08823529411764706,HIGH
81f89e42267213cb94da7ddc301651da,22.0,3.1153846153846154,0.4230769230769231,0.5,89.56115384615386,75.38461538461539,14.176538461538463,0.0,LOW-N
820cc752a266cdc6c1a1e61dd4583330,7.0,3.857142857142857,0.14285714285714285,0.14285714285714285,143.3842857142857,124.92857142857143,18.455714285714286,0.14285714285714285,LOW-N
821fb029fc6e495ca4f08a35d51e53a5,14.0,3.0,0.4,0.3333333333333333,663.4599999999999,605.772,57.688,0.4,LOW-N
822166ed1e47908f7cfb49946d03c726,34.0,3.480769230769231,0.3269230769230769,0.19230769230769232,51.391153846153856,34.74384615384616,16.647307692307695,0.019230769230769232,HIGH
822b63912576852aea9a8436d72317b7,5.0,3.5,0.3333333333333333,0.3333333333333333,622.8983333333333,603.2866666666667,19.611666666666665,0.0,LOW-N
822bad9bc42b51213ba522fe87b7ab5d,6.0,3.6666666666666665,0.3333333333333333,0.16666666666666666,471.91166666666663,442.3333333333333,29.578333333333333,0.3333333333333333,LOW-N
827f8f69dfa529c561901c4f2e0f332f,33.0,3.909090909090909,0.25,0.13636363636363635,49.58159090909091,34.220227272727286,15.361363636363633,0.09090909090909091,HIGH
82bd0703a4aefd6b599e5bfdaed378fb,12.0,3.0,0.4666666666666667,0.26666666666666666,109.67133333333331,93.19200000000002,16.479333333333333,0.06666666666666667,LOW-N
82cb9f452fe8334df74b22d37824b431,4.0,5.0,0.0,0.25,69.0125,51.900000000000006,17.1125,0.0,LOW-N
82e0a475a88cc9595229d8029273f045,23.0,2.75,0.5454545454545454,0.36363636363636365,165.92863636363634,145.9559090909091,19.972727272727273,0.06818181818181818,LOW-N
83353a83fd769dfafa4f21a72b15e3e5,3.0,3.6666666666666665,0.3333333333333333,0.3333333333333333,130.82666666666668,109.90000000000002,20.926666666666666,0.3333333333333333,LOW-N
834f3294fba9f932f56edc879193f925,25.0,4.4,0.08,0.12,686.6292,609.544,77.0852,0.16,LOW-N
834f8533b2ecb6598dd004ff3de7203a,14.0,2.6470588235294117,0.5882352941176471,0.47058823529411764,112.72882352941176,95.42411764705882,17.304705882352938,0.4117647058823529,LOW-N
835f0f7810c76831d6c7d24c7a646d4d,27.0,2.7,0.5,0.36666666666666664,116.619,97.56666666666669,19.052333333333333,0.43333333333333335,LOW-N
83645b1645cdee8953ee54c29ceed564,5.0,4.4,0.0,0.2,83.718,64.3,19.418,0.0,LOW-N
8378eb36b6b70c5734e83ad7b8cdc3b7,2.0,3.5,0.5,0.5,138.57,123.4,15.17,0.0,LOW-N
83a75eea11694e36e56dd0cb2240229a,2.0,5.0,0.0,0.0,165.67000000000002,154.0,11.67,0.0,LOW-N
83b08de96980757220871b31bf6cffca,2.0,3.0,0.5,0.0,90.805,72.295,18.509999999999998,1.0,LOW-N
83c465a786b06574376909b35ef6752a,2.0,5.0,0.0,0.0,110.845,93.8,17.045,0.0,LOW-N
83d7070a0b9a8b4625fa8682b819fabb,2.0,1.0,1.0,1.0,411.2,347.385,63.815,0.0,LOW-N
83deb69e889cf80f82be1dc6d5f2d486,14.0,4.0,0.2,0.2,141.29866666666666,119.93066666666667,21.368000000000002,0.06666666666666667,LOW-N
83e197e95a1bbabc8c75e883ed016c47,19.0,4.818181818181818,0.0,0.0,140.73045454545456,122.53136363636366,18.199090909090913,0.045454545454545456,LOW-N
8444e55c1f13cd5c179851e5ca5ebd00,48.0,2.2941176470588234,0.6274509803921569,0.47058823529411764,275.1964705882353,255.46470588235294,19.73176470588235,0.0392156862745098,HIGH
845e8036c3f7bf62099352f5ed910240,15.0,3.4705882352941178,0.35294117647058826,0.35294117647058826,91.75529411764705,72.95882352941177,18.79647058823529,0.0,LOW-N
8476243f92442881ddd5b578975cf115,6.0,3.6666666666666665,0.3333333333333333,0.3333333333333333,876.0066666666665,850.6666666666666,25.34,0.16666666666666666,LOW-N
84c945f15571830c1a91a33978e94009,2.0,4.5,0.0,0.0,39.019999999999996,25.99,13.030000000000001,0.0,LOW-N
84deb808079d1be601c209c1e771b1cc,1.0,5.0,0.0,0.0,31.14,23.03,8.11,0.0,LOW-N
85044848b1b767db2a4a58526adef4b4,3.0,3.0,0.3333333333333333,0.0,92.73666666666668,73.56666666666668,19.17,0.0,LOW-N
850913d59ce317156b00f3705f1c3edb,14.0,2.6666666666666665,0.6,0.13333333333333333,94.03800000000001,70.46666666666667,23.57133333333333,0.26666666666666666,LOW-N
850f4f8af5ea87287ac68de36e29107f,75.0,4.0519480519480515,0.18181818181818182,0.24675324675324675,296.0506493506494,279.6603896103897,16.390259740259744,0.1038961038961039,HIGH
851773c885feb5e2da3b4f82bc2b17ce,3.0,3.0,0.3333333333333333,0.3333333333333333,132.13666666666666,86.46666666666665,45.669999999999995,0.6666666666666666,LOW-N
855668e0971d4dfd7bef1b6a4133b41b,114.0,2.8870967741935485,0.5,0.4112903225806452,130.82604838709676,106.88427419354838,23.94177419354839,0.18548387096774194,HIGH
8581055ce74af1daba164fdbd55a40de,180.0,3.9951923076923075,0.20192307692307693,0.11538461538461539,169.47995192307692,147.15461538461537,22.32533653846154,0.12980769230769232,HIGH
85cc55e048b6bcc90c75afe7f0e72f72,2.0,3.0,0.5,0.5,48.089999999999996,31.4,16.69,0.5,LOW-N
85d9eb9ddc5d00ca9336a2219c97bb13,167.0,3.9590643274853803,0.17543859649122806,0.17543859649122806,47.85064327485381,30.43099415204679,17.419649122807016,0.04678362573099415,HIGH
85ecf03781da592876b7844acc1b729f,1.0,4.0,0.0,1.0,177.91,159.0,18.91,0.0,LOW-N
8602a61d680a10a82cceeeda0d99ea3d,7.0,4.375,0.125,0.125,53.915000000000006,41.49875,12.416250000000002,0.125,LOW-N
8603f0038fe0e52fedd3382d266723de,3.0,3.3333333333333335,0.3333333333333333,0.3333333333333333,256.5733333333333,208.33333333333334,48.24,0.0,LOW-N
8629a7efec1aab257e58cda559f03ba7,1.0,1.0,1.0,1.0,64.11,45.22,18.89,1.0,LOW-N
8629c241b3622ac12cd4118afdc8d394,4.0,2.75,0.5,0.25,154.65249999999997,119.75500000000001,34.8975,0.25,LOW-N
863d2ebcd347ce4922de7a0f9a5581d6,11.0,4.0,0.16666666666666666,0.08333333333333333,88.17583333333334,73.97416666666666,14.201666666666668,0.25,LOW-N
8648b1e89e9b349e32d3741b30ec737e,29.0,2.606060606060606,0.5151515151515151,0.3333333333333333,79.95727272727274,63.646969696969705,16.31030303030303,0.15151515151515152,LOW-N
86649b1632b1c0e6c0bcb2c90a8b75d8,1.0,1.0,1.0,1.0,77.66,59.99,17.67,0.0,LOW-N
866558b3bccef2dbc6d29a2b5995016f,2.0,5.0,0.0,0.0,202.405,94.9,107.505,0.0,LOW-N
86bb7c4b535e49a541baf3266b1c95b1,11.0,3.1818181818181817,0.45454545454545453,0.45454545454545453,548.9,528.0818181818181,20.818181818181817,0.18181818181818182,LOW-N
86ccac0b835037332a596a33b6949ee1,69.0,3.475609756097561,0.3048780487804878,0.2926829268292683,106.99329268292679,88.84329268292682,18.150000000000002,0.036585365853658534,HIGH
86ff3eaef0267069cc891a2ed9d10a17,4.0,5.0,0.0,0.0,50.982499999999995,30.592499999999998,20.39,0.0,LOW-N
870d0118f7a9d85960f29ad89d5d989a,13.0,2.933333333333333,0.3333333333333333,0.3333333333333333,90.836,70.64533333333333,20.19066666666667,0.2,LOW-N
87142160b41353c4e5fca2360caf6f92,130.0,4.136986301369863,0.13013698630136986,0.0958904109589041,116.28828767123288,93.76150684931505,22.526780821917807,0.0684931506849315,HIGH
8759e7aedd644f487315e5860962f162,2.0,3.0,0.5,0.5,261.53,209.0,52.53,0.5,LOW-N
87b740daf17b5d1be335a64164ec6842,9.0,2.7777777777777777,0.4444444444444444,0.6666666666666666,1308.878888888889,1188.878888888889,120.0,0.1111111111111111,LOW-N
87d30a6a0cbf89356e49324971ab1d24,4.0,3.0,0.5,0.25,197.78,185.695,12.085,0.25,LOW-N
87d3c3aeb3ead335511b3ce315eb341e,7.0,2.857142857142857,0.2857142857142857,0.42857142857142855,53.06285714285714,39.41857142857143,13.644285714285713,0.0,LOW-N
87e24fc7052259b1f7f607d61c10d8be,3.0,4.0,0.0,0.0,793.7233333333334,775.2333333333335,18.49,0.0,LOW-N
880ce4951cf857ab1d9e0b75c1d856f4,1.0,5.0,0.0,0.0,197.72,178.9,18.82,0.0,LOW-N
880eda903e719a5f179f7e9fceb3a69d,1.0,1.0,1.0,1.0,291.72,249.0,42.72,0.0,LOW-N
883dd81e82754ac2c65e9790a7db8c9a,2.0,3.5,0.5,0.0,67.015,54.9,12.115,0.0,LOW-N
88460e8ebdecbfecb5f9601833981930,120.0,2.4285714285714284,0.5584415584415584,0.5324675324675324,128.51896103896104,112.72142857142856,15.797532467532468,0.22727272727272727,HIGH
888faa8bfb0b159c37de6d898b961c31,8.0,3.4,0.4,0.1,105.452,83.814,21.637999999999998,0.0,LOW-N
889009a0ed0bb52c87819941192931b8,1.0,4.0,0.0,0.0,122.98,89.9,33.08,0.0,LOW-N
88ae906ea2acf6971f26c3e8b7cb4357,2.0,3.5,0.0,0.0,99.285,82.0,17.285,0.0,LOW-N
88cf19ec1fc2c58f161aee259d57142c,6.0,4.5,0.0,0.3333333333333333,100.56833333333334,83.0,17.56833333333333,0.0,LOW-N
88ef59b51bdaa941d10a853429f2b6ce,2.0,2.0,0.5,0.5,147.35,126.45,20.9,0.0,LOW-N
891071be6ba827b591264c90c2ae8a63,36.0,3.05,0.45,0.375,58.4345,45.916250000000005,12.51825,0.125,HIGH
8931a84a914b3fe9b1ddaa4d704947ca,11.0,3.6923076923076925,0.3076923076923077,0.38461538461538464,125.35692307692308,113.33076923076925,12.026153846153846,0.23076923076923078,LOW-N
897060da8b9a21f655304d50fd935913,167.0,2.7932489451476794,0.48523206751054854,0.3291139240506329,69.59590717299578,52.90822784810127,16.687679324894514,0.14767932489451477,HIGH
89757206b887aed36f3e18d858460fea,1.0,5.0,0.0,0.0,118.25999999999999,81.0,37.26,0.0,LOW-N
89a51f50b8095ea78d5768f34c13a76f,4.0,4.75,0.0,0.0,73.50750000000001,59.5,14.0075,0.0,LOW-N
89ad3263c0931c47f976d7c5778e60f6,1.0,1.0,1.0,0.0,39.08,31.6,7.48,0.0,LOW-N
89bc797e2e29667aa035d4368f9b7f92,8.0,3.3333333333333335,0.3333333333333333,0.2222222222222222,30.96111111111111,17.92222222222222,13.03888888888889,0.2222222222222222,LOW-N
89c127985a8b130cfa45c1d36764017a,2.0,3.0,0.5,0.5,407.6,386.49,21.11,0.0,LOW-N
89dda63a3c907c468ec88c310ed91213,1.0,1.0,1.0,0.0,711.74,690.0,21.74,0.0,LOW-N
89de2d6f23e9746ff309705b23581faa,5.0,1.8,0.8,0.4,61.958000000000006,42.0,19.958,0.0,LOW-N
89f69225956f951295ca4c7fb1266553,3.0,4.0,0.25,0.25,124.7625,97.45,27.3125,0.0,LOW-N
8a130737016f838139d31878787a39c9,28.0,4.354838709677419,0.12903225806451613,0.0,76.87483870967743,63.996129032258075,12.878709677419357,0.03225806451612903,LOW-N
8a207b6080964f3c1fc9d35bd6096ba4,1.0,5.0,0.0,0.0,313.83000000000004,234.9,78.93,0.0,LOW-N
8a2d12a90e92f012ce5226fc6592b653,5.0,4.0,0.2,0.2,123.72999999999999,103.45,20.28,0.0,LOW-N
8a32e327fe2c1b3511609d81aaf9f042,57.0,3.528735632183908,0.28735632183908044,0.26436781609195403,49.256206896551724,35.38091954022987,13.87528735632184,0.0,HIGH
8a40ae794fa3f9892cee24bd5af0488b,2.0,2.5,0.5,0.5,81.755,49.99,31.765,0.5,LOW-N
8a43128d7f9a3db592b866e6861a6cce,2.0,1.0,1.0,0.3333333333333333,329.1733333333333,310.9,18.273333333333337,0.0,LOW-N
8a432f4e5b471f8da497d7dc517666e2,37.0,3.7560975609756095,0.24390243902439024,0.3170731707317073,96.87658536585366,77.6829268292683,19.193658536585364,0.04878048780487805,HIGH
8a87611c08849ffeeccab52aa798b6c7,9.0,1.9,0.8,0.8,235.171,194.58499999999998,40.586,0.0,LOW-N
8a8835a43bda99fd37310ad76c457510,1.0,4.0,0.0,0.0,61.63,53.99,7.64,0.0,LOW-N
8a9260f2b0340411d6d2a56bcf4f7378,1.0,4.0,0.0,0.0,65.23,47.0,18.23,0.0,LOW-N
8ab42aa58097fd4668d60cc648225d5f,5.0,3.0,0.3333333333333333,0.0,77.11000000000001,54.30833333333333,22.801666666666662,0.0,LOW-N
8ae520247981aa06bc94abddf5f46d34,29.0,4.068965517241379,0.20689655172413793,0.27586206896551724,250.16724137931035,225.44931034482758,24.717931034482756,0.034482758620689655,LOW-N
8b11118053756a9a2932f447e11fc1b5,1.0,3.0,0.0,0.0,91.16,79.99,11.17,0.0,LOW-N
8b2492b7ff4468839593fafeed55bad9,10.0,2.6842105263157894,0.3684210526315789,0.7894736842105263,70.79526315789474,56.16842105263158,14.62684210526316,0.2631578947368421,LOW-N
8b28d096634035667e8263d57ba3368c,68.0,3.445945945945946,0.3108108108108108,0.32432432432432434,83.94662162162163,66.91270270270269,17.033918918918918,0.16216216216216217,HIGH
8b2d4ab22f42c5cfc338b846decfda60,2.0,5.0,0.0,0.0,131.13,84.0,47.13,0.0,LOW-N
8b321bb669392f5163d04c59e235e066,394.0,3.5778781038374716,0.30248306997742663,0.21218961625282168,31.54848758465011,16.92837471783296,14.620112866817154,0.12866817155756208,HIGH
8b655f0855926bcb49f5835d38dfddf6,2.0,4.5,0.0,0.0,254.38,239.9,14.48,0.5,LOW-N
8b87cd0d43d49b9bdf40f56229364d59,3.0,1.0,1.0,0.6666666666666666,329.67333333333335,274.6333333333333,55.04,0.0,LOW-N
8b8cfc8305aa441e4239358c9f6f2485,6.0,3.5,0.3333333333333333,0.16666666666666666,837.1366666666667,743.0,94.13666666666666,0.0,LOW-N
8b9d6eec4a7eb7d0f9d579ce0b38324d,18.0,3.473684210526316,0.3684210526315789,0.2631578947368421,107.69789473684212,80.56684210526316,27.13105263157895,0.2631578947368421,LOW-N
8bb48dc19fccaa8613b6229bf7f452a2,43.0,4.163265306122449,0.14285714285714285,0.10204081632653061,64.99530612244898,43.669387755102036,21.32591836734694,0.02040816326530612,HIGH
8bd0e3abda539b9479c4b44a691be1ec,3.0,1.2857142857142858,0.8571428571428571,0.7142857142857143,73.2942857142857,50.40000000000001,22.89428571428571,0.0,LOW-N
8bd0f31cf0a614c658f6763bd02dea69,12.0,3.7142857142857144,0.14285714285714285,0.21428571428571427,149.53714285714287,125.96428571428574,23.572857142857142,0.0,LOW-N
8bdd8e3fd58bafa48af76b2c5fd71974,4.0,3.75,0.25,0.5,220.41250000000002,201.9675,18.445,0.25,LOW-N
8c0de775f52fe41590b376a3b7c50f68,5.0,4.4,0.0,0.2,94.64000000000001,80.42,14.219999999999999,0.0,LOW-N
8c16d1f32a54d92897cc437244442e1b,28.0,3.933333333333333,0.16666666666666666,0.3,63.775666666666666,45.80933333333334,17.966333333333335,0.0,LOW-N
8c351ed7c326c62123318f4f3246e906,1.0,5.0,0.0,0.0,71.15,55.0,16.15,0.0,LOW-N
8c3b533c63cca56240f94f1e3a6b18ef,3.0,1.0,1.0,1.0,617.862,472.492,145.37,0.4,LOW-N
8c5e007d7bd5693fa1386ffefbc99f6c,4.0,3.4615384615384617,0.3076923076923077,0.9230769230769231,56.17076923076923,41.681538461538466,14.48923076923077,0.0,LOW-N
8c91bfea4263b8fba54081460693e2a1,1.0,5.0,0.0,0.0,609.24,590.0,19.24,0.0,LOW-N
8c9348f33ae3dada25c99c99ade2af78,1.0,5.0,0.0,0.0,258.56,230.0,28.56,0.0,LOW-N
8ca1551acf9832a4cf467bbbac15851f,4.0,2.6,0.6,0.4,142.09799999999998,125.5,16.598000000000003,0.4,LOW-N
8cb7c5ddf41f4d506eba76e9a4702a25,1.0,1.0,1.0,1.0,84.49,69.0,15.49,0.0,LOW-N
8cbac7e12637ed9cffa18c7875207478,22.0,3.8666666666666667,0.16666666666666666,0.2,57.54366666666668,36.870000000000005,20.673666666666666,0.03333333333333333,LOW-N
8cc6a0e5738e61a87b03c78b2ba9db4b,10.0,4.6,0.0,0.1,585.9590000000001,563.1099999999999,22.849,0.1,LOW-N
8ccf3cf69651cc1d8a02c8bfaf3b8568,2.0,3.5,0.0,0.5,144.315,125.0,19.314999999999998,0.5,LOW-N
8cf21434553b02cbd37c0bbd07e041b0,1.0,4.0,0.0,0.0,73.21000000000001,49.99,23.22,0.0,LOW-N
8d46553a36e68f95350a200c12f8f2e2,10.0,2.769230769230769,0.38461538461538464,0.38461538461538464,28.43,16.36923076923077,12.06076923076923,0.0,LOW-N
8d79c8a04e42d722a75097ce5cbcf2ef,16.0,4.470588235294118,0.11764705882352941,0.058823529411764705,116.09352941176472,88.71764705882354,27.375882352941176,0.17647058823529413,LOW-N
8d899e15a5925f097cca50faa49b15e3,3.0,1.875,0.75,0.75,80.3875,63.875,16.512500000000003,0.75,LOW-N
8d92f3ea807b89465643c219455e7369,1.0,1.0,1.0,1.0,14.860000000000001,3.9,10.96,0.0,LOW-N
8d956fec2e4337affcb520f56fd8cbfd,86.0,3.955056179775281,0.1797752808988764,0.1348314606741573,63.02573033707865,48.457303370786526,14.568426966292137,0.14606741573033707,HIGH
8daab2245ebdc277c51098d01c5ad8ef,9.0,4.777777777777778,0.0,0.0,128.9733333333333,110.18777777777778,18.785555555555554,0.1111111111111111,LOW-N
8def3db7f272735afb2ecd03aeca09a7,1.0,5.0,0.0,0.0,116.78999999999999,98.0,18.79,0.0,LOW-N
8dfbc5ff27df12f6cef751d3b9554222,1.0,3.0,0.0,1.0,140.79,120.0,20.79,0.0,LOW-N
8e29d051f810eb22959ede205b462b9f,2.0,4.0,0.0,0.0,406.64,299.9,106.74000000000001,0.5,LOW-N
8e2b3afb420011ef0c88c9d5f11ea526,5.0,3.8,0.2,0.2,155.512,141.7,13.811999999999998,0.2,LOW-N
8e34331b7eedd03be4e5d965c1956225,3.0,4.666666666666667,0.0,0.0,49.96,33.333333333333336,16.626666666666665,0.3333333333333333,LOW-N
8e4f041ff58e7845456d3482524014b3,1.0,1.0,1.0,0.0,100.26,66.9,33.36,1.0,LOW-N
8e670472e453ba34a379331513d6aab1,1.0,1.0,1.0,0.0,1083.96,975.0,108.96,1.0,LOW-N
8e6cc767478edae941d9bd9eb778d77a,47.0,3.576923076923077,0.3076923076923077,0.15384615384615385,82.7253846153846,61.677692307692304,21.047692307692305,0.07692307692307693,HIGH
8e6d7754bc7e0f22c96d255ebda59eba,35.0,2.3529411764705883,0.6078431372549019,0.5294117647058824,131.0256862745098,117.42627450980393,13.599411764705883,0.23529411764705882,HIGH
8e8a7ce9f2f970dc00e2acf6f6e199f6,27.0,3.6785714285714284,0.21428571428571427,0.2857142857142857,159.3185714285714,139.25,20.06857142857143,0.14285714285714285,LOW-N
8ea394aed8138685abe1eb9f25e1021d,2.0,4.0,0.0,0.5,708.8,670.0,38.8,0.0,LOW-N
8ec76bb0965af3f007692b26fa9d6623,1.0,5.0,0.0,0.0,2028.75,1999.0,29.75,0.0,LOW-N
8ed8ea9a57c862f2c18c2fe41f601d56,6.0,4.833333333333333,0.0,0.16666666666666666,236.4216666666667,199.0,37.42166666666667,0.0,LOW-N
8f0fbe2cd4d472157dc1cdef6edecaa9,1.0,1.0,1.0,1.0,53.769999999999996,47.0,6.77,0.0,LOW-N
8f119a0aee85c0c8fc534629734e94fd,24.0,4.0,0.19230769230769232,0.11538461538461539,60.70615384615385,46.682692307692314,14.02346153846154,0.0,LOW-N
8f2b51a30523cdecddc2f179f351c7d6,3.0,3.5,0.5,0.25,191.3275,168.5,22.8275,0.0,LOW-N
8f2ce03f928b567e3d56181ae20ae952,55.0,3.4838709677419355,0.3064516129032258,0.24193548387096775,135.7651612903226,114.49999999999996,21.265161290322578,0.16129032258064516,HIGH
8f54d64f28a993550aa7943f12572959,7.0,2.5714285714285716,0.5714285714285714,0.5714285714285714,231.09285714285716,209.40714285714287,21.685714285714283,0.14285714285714285,LOW-N
8f580d36c1e9d6fbce95283403c7d447,2.0,4.5,0.0,0.0,401.90999999999997,383.5,18.41,0.0,LOW-N
8f78f0903005064036736c7173a5c2ed,6.0,2.272727272727273,0.5454545454545454,0.36363636363636365,117.0190909090909,91.34545454545454,25.673636363636362,0.0,LOW-N
8fb67a334bacec338885b4e9e1708073,1.0,5.0,0.0,0.0,98.42,59.9,38.52,0.0,LOW-N
8fb791022c1fc8909664f48ab7dc636d,2.0,3.0,0.5,0.5,1777.415,1694.99,82.42500000000001,0.0,LOW-N
8fbd63429be6d3e5e6d1a709b6464802,1.0,4.0,0.0,0.0,173.63,150.0,23.63,0.0,LOW-N
8fbe2ee446b97e128471be4ce983dc0d,3.0,3.0,0.6666666666666666,0.6666666666666666,62.833333333333336,49.5,13.333333333333334,0.3333333333333333,LOW-N
8fdca8e349553f99bc738833a62c8802,7.0,4.0,0.25,0.25,52.19875,35.68125,16.5175,0.125,LOW-N
8fe8786ee000001ab51d030dfd4a7bf1,3.0,4.333333333333333,0.0,0.3333333333333333,489.66,442.3333333333333,47.326666666666675,0.0,LOW-N
8fec2e460530482132c436cfb5439925,1.0,3.0,0.0,0.0,75.74000000000001,59.56,16.18,1.0,LOW-N
8ff1a9df749e454105c55cda13e79143,2.0,3.0,0.5,0.0,142.945,119.9,23.045,0.0,LOW-N
8ff38bc3969e67c36c48343a07090f66,2.0,2.5,0.5,0.5,482.445,434.0,48.445,0.0,LOW-N
8fff28c4263ddec387f28d237fb42773,2.0,1.0,1.0,1.0,154.525,140.4,14.125,0.0,LOW-N
900ba814c251a692506d7834c1218441,35.0,3.8857142857142857,0.17142857142857143,0.17142857142857143,353.86657142857143,327.16942857142857,26.69714285714286,0.2,HIGH
901b460cdce0c64e471230d7f2f9f3a3,4.0,4.25,0.25,0.25,378.57,356.5,22.07,0.0,LOW-N
903037660cf848a717166eb7a06d616e,21.0,3.5357142857142856,0.25,0.25,145.30285714285714,127.10071428571426,18.202142857142857,0.25,LOW-N
90b36c5aeb728d5504a39f435bef0c5f,1.0,1.0,1.0,1.0,30.779999999999998,17.99,12.79,0.0,LOW-N
90d4125885ab6c86e8820a722be71974,2.0,1.0,1.0,1.0,268.59000000000003,259.91,8.68,0.0,LOW-N
913fd0ebba70bb919f7254a02239173c,1.0,1.0,1.0,1.0,179.12,159.9,19.22,0.0,LOW-N
91543f9849d68d023e17194926598543,1.0,5.0,0.0,1.0,242.8,199.0,43.8,0.0,LOW-N
916748bc99315c2d202898ae58b1617e,3.0,3.3333333333333335,0.3333333333333333,0.3333333333333333,22.8,9.6,13.200000000000001,0.0,LOW-N
916c9de0b5ad957346eeeb12f332687e,10.0,4.5,0.0,0.0,198.08999999999997,179.57142857142858,18.518571428571427,0.0,LOW-N
918717417d88a9f9ae9735567e6c7682,2.0,5.0,0.0,0.0,67.625,58.95,8.675,0.0,LOW-N
9198786624eaeb375793215cad26cfa6,2.0,4.0,0.3333333333333333,0.3333333333333333,107.75000000000001,84.56666666666668,23.183333333333334,0.0,LOW-N
91f0eec23d4a61d7d7caeefa3f0ad1ca,4.0,3.5,0.25,0.25,238.88500000000002,199.225,39.66,0.25,LOW-N
91f5779a8731baca4809fdeade81803f,2.0,2.0,0.5,1.0,90.00999999999999,73.99000000000001,16.02,0.0,LOW-N
91f848e9f4be368f4318775aac733370,41.0,4.125,0.10416666666666667,0.25,94.33125,77.50583333333334,16.825416666666666,0.041666666666666664,HIGH
921323538c9f1c4e816f2720eac02bea,7.0,3.875,0.25,0.0,81.36375000000001,68.08125,13.2825,0.25,LOW-N
9261d76c62caaf0b24677c2ceb7f8f20,2.0,4.0,0.0,0.5,167.665,141.98,25.685000000000002,0.0,LOW-N
92992bec39dde5766f590d3b1f46d465,1.0,1.0,1.0,1.0,121.67,109.0,12.67,0.0,LOW-N
929f342384a6607afe143d789ade1316,1.0,5.0,0.0,0.0,53.47,38.9,14.57,0.0,LOW-N
92d14edfb62ee5ae7fdff70b0f4e7233,4.0,2.3333333333333335,0.6666666666666666,0.6666666666666666,27.57666666666667,15.333333333333334,12.243333333333334,0.0,LOW-N
92eb0f42c21942b6552362b9b114707d,145.0,3.591463414634146,0.2621951219512195,0.31097560975609756,32.467926829268286,19.22878048780488,13.239146341463414,0.054878048780487805,HIGH
933446e9a59dece7ae9175103820ca8f,2.0,2.3333333333333335,0.6666666666666666,0.6666666666666666,146.28333333333333,127.13,19.153333333333332,0.0,LOW-N
939e6227d6964a11a70aa91243e418f2,1.0,3.0,0.0,0.0,124.83,109.0,15.83,0.0,LOW-N
939f6e231201f26803cb5c3a3d2940b3,2.0,4.666666666666667,0.0,0.0,62.419999999999995,35.9,26.52,0.0,LOW-N
93b9a99027bd8bd6af682aff18dd19bf,7.0,4.125,0.125,0.25,138.3775,105.125,33.252500000000005,0.0,LOW-N
93dc87703c046b603023e75222018b45,15.0,3.466666666666667,0.3333333333333333,0.4,255.76733333333334,237.66666666666666,18.100666666666665,0.0,LOW-N
94144541854e298c2d976cb893b81343,28.0,3.892857142857143,0.21428571428571427,0.21428571428571427,280.44607142857143,261.8710714285714,18.575,0.07142857142857142,LOW-N
94165aea8a35c3c21499cbcae239b16c,1.0,2.0,1.0,0.0,196.11,180.0,16.11,0.0,LOW-N
9449f25aeaf531019b76999ea49a6949,3.0,3.6666666666666665,0.3333333333333333,0.0,283.4066666666667,258.96,24.44666666666667,0.3333333333333333,LOW-N
9485a23c0430ba1d58d359391606fce6,1.0,4.0,0.0,0.0,233.7,218.0,15.7,1.0,LOW-N
94b9108d4b637ba65bb4f1e53cfcf8d8,3.0,3.6666666666666665,0.3333333333333333,0.3333333333333333,25.846666666666664,13.083333333333334,12.763333333333334,0.3333333333333333,LOW-N
94c49f20a123aeb9360dbf80ff912bf6,3.0,3.6666666666666665,0.3333333333333333,0.0,113.09666666666669,92.58333333333333,20.513333333333335,0.0,LOW-N
94ca168e8bcb407ab85c5da308863027,2.0,5.0,0.0,0.0,65.225,49.5,15.725000000000001,0.0,LOW-N
94e93ce877be27a515118dbfd2c2be41,14.0,3.466666666666667,0.3333333333333333,0.4,189.73000000000002,162.49800000000002,27.232000000000003,0.0,LOW-N
951e8cef368f09bb3f3d03c00ca4702c,32.0,3.8,0.2,0.05714285714285714,75.94057142857142,58.53285714285713,17.40771428571428,0.08571428571428572,HIGH
9523fb39dd240aa958e040f8183d64f3,1.0,1.0,1.0,0.0,168.29000000000002,146.99,21.3,0.0,LOW-N
9535a841eecebed61a9fb1ac1cbb5597,2.0,3.0,0.5,0.5,409.165,392.45,16.715,0.0,LOW-N
9539213aa8e023c01937bef95dc006da,2.0,4.5,0.0,0.5,36.875,24.9,11.975000000000001,0.5,LOW-N
954e95f20808d7e5d11f0de292d078e0,1.0,5.0,0.0,0.0,82.66,39.9,42.76,0.0,LOW-N
9558aa23f77a9e0a0eca83540999f43b,1.0,1.0,1.0,1.0,102.06,86.7,15.36,0.0,LOW-N
955fee9216a65b617aa5c0531780ce60,479.0,3.606060606060606,0.2845117845117845,0.25252525252525254,105.1219191919192,88.12700336700337,16.994915824915825,0.1111111111111111,HIGH
9596c870880d900012f2e8e6e30d06d7,6.0,3.375,0.125,0.125,252.60125,191.96875,60.6325,0.125,LOW-N
9599519be538b98748162a2b48248960,1.0,1.0,1.0,1.0,210.02,190.0,20.02,0.0,LOW-N
95b293867b5862941c9cd74f756a3c68,4.0,3.0,0.5,0.25,76.13250000000001,65.4,10.7325,0.5,LOW-N
95e03ca3d4146e4011985981aeb959b9,79.0,3.460674157303371,0.2808988764044944,0.19101123595505617,76.55426966292136,59.98516853932585,16.5691011235955,0.0449438202247191,HIGH
95ec4458365c4d11f452ccf538377619,7.0,4.714285714285714,0.0,0.0,73.38999999999999,56.50285714285714,16.88714285714286,0.0,LOW-N
95f83f51203c626648c875dd41874c7f,23.0,2.324324324324324,0.7027027027027027,0.4594594594594595,64.56108108108111,43.452432432432445,21.108648648648646,0.08108108108108109,LOW-N
960945e1a9535cbc0cd6ddd35fbe7ae8,9.0,4.8,0.0,0.0,119.731,104.691,15.040000000000001,0.0,LOW-N
9616352088dcf83a7c06637f4ebf1c80,28.0,3.5483870967741935,0.2903225806451613,0.2903225806451613,76.86290322580642,57.877419354838736,18.98548387096774,0.0,LOW-N
961dff0a659b4561334372337dd897d9,2.0,3.0,0.5,0.5,2687.0550000000003,2649.0,38.055,0.5,LOW-N
9646c3513289980f17226a2fc4720dbd,27.0,4.392857142857143,0.07142857142857142,0.07142857142857142,50.87392857142856,35.05714285714286,15.816785714285716,0.0,LOW-N
96493fab2fbb13a14d0c0e8772eef5c3,29.0,3.7333333333333334,0.26666666666666666,0.16666666666666666,310.27200000000005,292.03333333333336,18.23866666666667,0.06666666666666667,LOW-N
966cb4760537b1404caedd472cc610a5,34.0,3.2,0.34285714285714286,0.2571428571428571,686.4251428571429,664.5865714285715,21.838571428571427,0.02857142857142857,HIGH
9674754b5a0cb32b638cec001178f799,35.0,3.813953488372093,0.27906976744186046,0.23255813953488372,61.516511627906986,49.13674418604651,12.379767441860466,0.0,HIGH
96804ea39d96eb908e7c3afdb671bb9e,14.0,3.1875,0.375,0.3125,103.29124999999999,84.38125,18.91,0.0625,LOW-N
968268a686aa05d1f529fb07dff08130,6.0,2.8333333333333335,0.5,0.5,497.5133333333333,475.6983333333333,21.815,0.0,LOW-N
968ee78631915a63fef426d6733d7422,1.0,2.0,1.0,0.0,271.2,220.0,51.2,0.0,LOW-N
96e5dc09087bad639b4ee193104ec2e5,2.0,4.5,0.0,0.0,77.22,50.95,26.27,0.0,LOW-N
972d0f9cf61b499a4812cf0bfa3ad3c4,45.0,2.6122448979591835,0.5510204081632653,0.4489795918367347,119.81591836734692,95.67448979591835,24.141428571428573,0.08163265306122448,HIGH
973f21788dfab357250f69a8dcb7ddee,5.0,2.0,0.5,0.4166666666666667,53.157500000000006,35.0,18.157500000000002,0.3333333333333333,LOW-N
974cf2cb8f4b7add98709c30df02fe10,15.0,3.8,0.26666666666666666,0.26666666666666666,108.11933333333334,89.65666666666668,18.462666666666667,0.0,LOW-N
97512d3fc193b2d1dfcdba0f9d1f0f8a,6.0,4.166666666666667,0.0,0.16666666666666666,179.70166666666668,145.32333333333335,34.37833333333334,0.16666666666666666,LOW-N
977f9f63dd360c2a32ece2f93ad6d306,11.0,3.5,0.3333333333333333,0.3333333333333333,128.4416666666667,94.90333333333335,33.538333333333334,0.08333333333333333,LOW-N
97e4a63591ca439a2b8b7efd20e6e19e,2.0,3.5,0.0,0.0,92.745,69.99,22.755,0.0,LOW-N
9803a40e82e45418ab7fb84091af5231,5.0,2.0,0.7272727272727273,0.18181818181818182,334.92727272727274,310.90909090909093,24.018181818181823,0.0,LOW-N
980640c45d7a4635885491d077167e4d,4.0,4.75,0.0,0.0,99.4825,79.965,19.5175,0.0,LOW-N
98115075dd26cb8835946fc6086f5d30,1.0,5.0,0.0,0.0,108.03999999999999,98.99,9.05,0.0,LOW-N
984c273121e743dd14767befe6cb17f5,1.0,1.0,1.0,0.0,280.91,259.6,21.31,1.0,LOW-N
9853a239ab7b7ebbdc3a21248d5b8e1f,2.0,3.0,0.5,0.5,69.66,54.0,15.66,0.5,LOW-N
985c92cc412091f8529c12d7f23d3fef,2.0,5.0,0.0,0.0,97.16,81.09,16.07,0.0,LOW-N
989becdce12ebc39863c2bceab6f3ca1,9.0,4.333333333333333,0.1111111111111111,0.1111111111111111,766.4555555555556,685.7655555555555,80.69,0.0,LOW-N
98dac6635aee4995d501a3972e047414,42.0,2.7,0.5625,0.2125,36.17274999999999,21.914625,14.258125000000001,0.0375,HIGH
98e164d549402270247f3c96a1a158ef,1.0,1.0,1.0,0.0,94.00999999999999,84.6,9.41,0.0,LOW-N
99002261c568a84cce14d43fcffb43ea,18.0,3.2222222222222223,0.3333333333333333,0.3888888888888889,140.3561111111111,112.5,27.856111111111108,0.1111111111111111,LOW-N
9906e7aa42a3c067b7c9a564d01c4320,5.0,3.375,0.5,0.125,199.8175,160.97500000000002,38.8425,0.125,LOW-N
994f04b3718c2bab35c2adfa8afecd2a,17.0,3.9411764705882355,0.17647058823529413,0.23529411764705882,78.55352941176471,66.08823529411767,12.46529411764706,0.058823529411764705,LOW-N
9996ae921c50e8dff411ac69c0b4bb8b,1.0,3.0,0.0,0.0,25.0,9.9,15.1,0.0,LOW-N
99a25c39b28a74d1151c35c18d178292,1.0,5.0,0.0,0.0,36.449999999999996,28.99,7.46,0.0,LOW-N
99a54764c341d5dc80b4a8fac4eba3fb,21.0,3.1333333333333333,0.26666666666666666,0.23333333333333334,88.19000000000001,69.28866666666666,18.901333333333337,0.43333333333333335,LOW-N
99eaacc9e6046db1c82b163c5f84869f,31.0,3.4516129032258065,0.3548387096774194,0.2903225806451613,217.5574193548387,200.34451612903226,17.212903225806453,0.0967741935483871,HIGH
9a03a4e9eb0b947652fae4f6121a3f5e,4.0,3.75,0.25,0.25,168.595,149.25,19.345,0.0,LOW-N
9a1aea68d3efa00862ec88c0768037d0,1.0,4.0,0.0,0.0,178.15,159.9,18.25,0.0,LOW-N
9a208dee8f95cfdf00760c4d627828ec,1.0,1.0,1.0,0.0,295.98999999999995,269.9,26.09,0.0,LOW-N
9a84ba99f5367fdbd4598363496f1ea2,11.0,3.5454545454545454,0.2727272727272727,0.45454545454545453,151.36727272727273,123.69909090909091,27.66818181818182,0.0,LOW-N
9aa388272ee334b6ae07bc73706e254a,5.0,3.6666666666666665,0.3333333333333333,0.3333333333333333,124.99,97.0,27.99,0.0,LOW-N
9ac4f14370b1e24ddc58be041b7f99df,2.0,4.0,0.0,0.0,69.63,50.19,19.439999999999998,0.0,LOW-N
9add47bf45ce8e8c7db6b9cf670b1e09,12.0,3.6923076923076925,0.15384615384615385,0.3076923076923077,130.38,105.8923076923077,24.487692307692306,0.07692307692307693,LOW-N
9b00ed88b7fdb95d6ff76e27c1b52d16,19.0,4.25,0.15,0.1,49.026999999999994,37.559000000000005,11.468,0.05,LOW-N
9b013e03b2ab786505a1d3b5c0756754,63.0,3.218390804597701,0.3793103448275862,0.20689655172413793,51.285517241379324,39.59252873563217,11.692988505747126,0.09195402298850575,HIGH
9b1050e85becf3ae99c1cf4934c9bc5d,1.0,1.0,1.0,1.0,57.67,42.57,15.1,0.0,LOW-N
9b1585752613ec342d03bbab9997ec48,3.0,3.6666666666666665,0.3333333333333333,0.0,1449.68,1416.3266666666666,33.35333333333333,0.0,LOW-N
9b1ab052f5fca308ba743ac789ebb2e1,1.0,5.0,0.0,1.0,169.44,154.19,15.25,0.0,LOW-N
9b522ba7eae9e1d04082f267144583cc,1.0,3.0,0.0,0.0,44.1,29.0,15.1,0.0,LOW-N
9b76ad3d04236f76bc71c59470305e13,1.0,5.0,0.0,0.0,78.93,64.9,14.03,0.0,LOW-N
9bade61a92bed55a25d2b67b9f4ed739,1.0,1.0,1.0,0.0,56.43,37.39,19.04,0.0,LOW-N
9baf5cb77970f539089d09a38bcec5c3,19.0,4.2631578947368425,0.10526315789473684,0.15789473684210525,266.3226315789474,248.88473684210524,17.437894736842107,0.0,LOW-N
9bc484c87d79cd4874e05ca182658045,5.0,3.4,0.4,0.4,196.98600000000002,174.7,22.285999999999998,0.4,LOW-N
9bcdfa7b615b3abb9461d9e3ad9886ae,7.0,4.375,0.125,0.0,193.52125,170.90249999999997,22.61875,0.125,LOW-N
9c068d10aca38e85c50202e17b4a7e88,11.0,4.090909090909091,0.18181818181818182,0.09090909090909091,191.77181818181816,166.75454545454548,25.017272727272726,0.09090909090909091,LOW-N
9c0e69c7bf2619675bbadf47b43f655a,63.0,3.5697674418604652,0.29069767441860467,0.27906976744186046,165.7424418604651,151.24999999999997,14.492441860465117,0.09302325581395349,HIGH
9c1c0c36cd23c20897e473901a8fb149,2.0,5.0,0.0,0.0,153.195,112.49,40.705,0.0,LOW-N
9c351405b754cc5ce3e2ecf277bb034a,1.0,1.0,1.0,0.0,59.11,45.0,14.11,0.0,LOW-N
9c3a1c416c765687bc79a04113269929,1.0,1.0,1.0,1.0,133.8,74.9,58.9,0.0,LOW-N
9c3c24eca51c52b91c1de727d2a2ae06,2.0,4.0,0.0,0.0,67.9,54.45,13.45,0.0,LOW-N
9c54608f0996c32ae4743089d915f845,1.0,3.0,0.0,0.0,142.71,79.9,62.81,0.0,LOW-N
9c690ceacd5c66731bf443ea810195cb,2.0,4.0,0.0,0.0,119.245,101.4,17.845,0.0,LOW-N
9c7fd21e0aa159b20da593371f08ff7c,2.0,1.5,1.0,0.0,135.055,117.45,17.605,0.5,LOW-N
9cad4b68bb993ee401a3c5aaa2bc26dd,2.0,1.5,1.0,1.0,126.44,99.9,26.54,0.5,LOW-N
9cea4682e16655f7da87f406902e989e,3.0,2.0,0.75,0.0,21.7575,7.13875,14.618749999999999,0.0,LOW-N
9cf787a239c1aa29dbd76f153dc13f9a,1.0,4.0,0.0,0.0,91.99,79.0,12.99,0.0,LOW-N
9d213f303afae4983637247556438ede,2.0,5.0,0.0,0.6666666666666666,40.27,15.9,24.37,0.0,LOW-N
9d39404483343dd55c7ae254494d8388,6.0,3.5,0.3333333333333333,0.3333333333333333,42.513333333333335,28.933333333333334,13.579999999999998,0.0,LOW-N
9d489893ff6af05029671b785f54b998,3.0,3.3333333333333335,0.3333333333333333,0.0,75.19666666666667,52.96666666666667,22.23,0.3333333333333333,LOW-N
9d4db00d65d7760644ac0c14edb5fd86,36.0,4.405405405405405,0.08108108108108109,0.05405405405405406,116.93783783783783,101.61864864864864,15.319189189189188,0.05405405405405406,HIGH
9d5604a1f112324ad6b2aa552122e0fb,2.0,1.6666666666666667,1.0,0.6666666666666666,36.12666666666667,20.0,16.12666666666667,0.0,LOW-N
9d5a9018aee56acb367ba9c3f05d1d6a,19.0,3.5454545454545454,0.36363636363636365,0.22727272727272727,159.865,139.85045454545454,20.014545454545456,0.0,LOW-N
9d681c7e12db302cb261e721040dde65,4.0,4.75,0.0,0.0,58.24,41.65,16.59,0.0,LOW-N
9d7a1d34a5052409006425275ba1c2b4,4.0,2.5714285714285716,0.5714285714285714,0.0,67.06285714285714,54.454285714285724,12.608571428571427,0.14285714285714285,LOW-N
9da15f4a4ea758d9eeb49000dbe57e22,1.0,2.0,1.0,1.0,234.61,196.9,37.71,1.0,LOW-N
9da1ca0bef29ee170e541927a5aeabdc,3.0,1.6666666666666667,0.6666666666666666,0.6666666666666666,297.93666666666667,274.9,23.036666666666665,0.6666666666666666,LOW-N
9dc79dd988ac42f4d56c340d7048420a,2.0,5.0,0.0,0.0,177.685,164.9,12.785,0.0,LOW-N
9dd59e43f0c9f0553244e8f9c2fb247e,1.0,5.0,0.0,0.0,70.14,55.0,15.14,0.0,LOW-N
9dda5bbacd45e18d6485fee649205d09,5.0,3.7142857142857144,0.2857142857142857,0.14285714285714285,123.07142857142858,91.61428571428571,31.45714285714286,0.0,LOW-N
9de4643a8dbde634fe55621059d92273,29.0,4.258064516129032,0.12903225806451613,0.22580645161290322,253.62967741935483,230.26677419354834,23.362903225806456,0.0967741935483871,LOW-N
9df5750209b83567ec144eb299d7d634,7.0,4.142857142857143,0.14285714285714285,0.14285714285714285,481.71714285714285,458.85714285714283,22.860000000000003,0.0,LOW-N
9e6229250fedbe05838fef417b74e7fb,27.0,3.2413793103448274,0.3103448275862069,0.2413793103448276,191.2565517241379,168.52068965517236,22.735862068965517,0.06896551724137931,LOW-N
9e6967d3cf386d284251784b18ccb485,5.0,2.8333333333333335,0.5,0.0,73.79166666666667,58.91166666666667,14.88,0.16666666666666666,LOW-N
9e7c5f4d7770eab65738cca38f9efccf,1.0,4.0,0.0,0.0,124.73,99.9,24.83,0.0,LOW-N
9e9b539eb2806acee3f5c28085c1db9f,1.0,1.0,1.0,0.0,589.05,559.0,30.05,1.0,LOW-N
9ed65337433adfbedefd23dd76eaa494,3.0,5.0,0.0,0.0,63.69,50.4,13.29,0.0,LOW-N
9f50216bfd01913736a55a11b55ea842,7.0,4.142857142857143,0.14285714285714285,0.14285714285714285,85.06000000000002,68.14285714285714,16.917142857142856,0.0,LOW-N
9f505651f4a6abe901a56cdc21508025,137.0,3.722972972972973,0.25675675675675674,0.22972972972972974,76.74378378378377,62.046891891891896,14.696891891891894,0.07432432432432433,HIGH
9f56a7a649097b166d8ed286ad86a15c,1.0,1.0,1.0,1.0,20.93,12.99,7.94,0.0,LOW-N
9fc70243fb26800cba56e8f014797004,2.0,4.5,0.0,0.5,68.625,56.95,11.675,0.0,LOW-N
a00824eb9093d40e589b940ec45c4eb0,2.0,5.0,0.0,0.5,3126.5,2999.99,126.51,0.0,LOW-N
a0415d9b25ede3c4b1e477e9916ffc03,5.0,3.2,0.4,0.4,297.02,279.9,17.12,0.0,LOW-N
a066df7361163e7ddc5d7452dd17448b,4.0,5.0,0.0,0.5,83.7125,64.9,18.8125,0.25,LOW-N
a06c8ff043abea0528ee44171e2140a2,2.0,5.0,0.0,0.0,46.46,34.7,11.76,0.0,LOW-N
a080fc8a850289b27500f6b49cca2553,3.0,5.0,0.0,0.0,131.01999999999998,116.0,15.020000000000001,0.0,LOW-N
a08692680c77d30a0b4280da5df01c5a,2.0,5.0,0.0,0.0,172.002,157.8,14.202000000000002,0.0,LOW-N
a09a13f18ed27932d08438aa6f12756e,1.0,3.0,0.0,0.0,46.01,29.9,16.11,0.0,LOW-N
a0a14e50070f3225b3eabba5b85da517,2.0,4.0,0.0,0.5,62.16,44.05,18.11,0.0,LOW-N
a0d7fbb07bb5ebc3b05980e750db56f3,3.0,2.0,0.75,0.25,271.295,212.2475,59.0475,0.0,LOW-N
a1040efe9ff4a6f93c28b0499eada8f5,1.0,5.0,0.0,0.0,1693.31,1658.83,34.48,0.0,LOW-N
a1043bafd471dff536d0c462352beb48,286.0,3.8603896103896105,0.2077922077922078,0.15584415584415584,176.7888961038961,134.73224025974025,42.05665584415585,0.08116883116883117,HIGH
a11a0e0ca67423425691db355cff69b0,2.0,5.0,0.0,0.0,238.48999999999998,224.45,14.040000000000001,0.5,LOW-N
a13580f0e8f782b7a543885a0ef99f08,3.0,4.666666666666667,0.0,0.0,160.54,125.99000000000001,34.550000000000004,0.3333333333333333,LOW-N
a1474fd46fd3430168f7ec202da39408,5.0,3.8,0.2,0.0,382.68600000000004,315.15,67.536,0.2,LOW-N
a1544b9ea0b2390e020537d4daa89049,5.0,4.4,0.0,0.0,103.38799999999999,86.3,17.088,0.0,LOW-N
a154d7316f158bb42e6fa18bbe3afd3a,1.0,1.0,1.0,1.0,101.99000000000001,69.9,32.09,1.0,LOW-N
a17f621c590ea0fab3d5d883e1630ec6,26.0,3.742857142857143,0.2857142857142857,0.17142857142857143,49.57057142857142,35.321999999999996,14.248571428571427,0.05714285714285714,LOW-N
a1bea7061f61f6fdd9a85a6325ba1033,3.0,3.3333333333333335,0.0,0.0,89.91333333333334,77.7,12.213333333333333,0.3333333333333333,LOW-N
a1ed30492b3b798bc121845bc4aa7366,1.0,3.0,0.0,0.0,32.75,20.9,11.85,0.0,LOW-N
a20d8058c866dbaeca014d2cd20ac62e,1.0,5.0,0.0,0.0,620.15,597.0,23.15,1.0,LOW-N
a218df5c097b0ca409cfaac1488cc7f6,1.0,1.0,1.0,1.0,149.76,89.9,59.86,0.0,LOW-N
a21c11ec5c3f03e7cc9f9203bff9e1c6,1.0,1.0,1.0,0.0,125.87,110.0,15.87,0.0,LOW-N
a23266650e7c84bb93fbbba502137478,5.0,2.2222222222222223,0.5555555555555556,0.3333333333333333,122.54777777777778,104.78888888888889,17.758888888888887,0.0,LOW-N
a247197e2e9c19a6a53a6888cb8b660f,2.0,1.0,1.0,0.5,470.53499999999997,399.0,71.535,0.0,LOW-N
a254c682cc01e119f83530446f1df9a9,3.0,3.3333333333333335,0.3333333333333333,0.3333333333333333,126.71333333333332,84.93333333333334,41.78,0.3333333333333333,LOW-N
a2b5b6105ea5942300631d2e76f4ffe0,2.0,5.0,0.0,0.0,392.91499999999996,333.95,58.965,0.0,LOW-N
a2deecd5398f5df4987110c80a1972a3,8.0,3.125,0.375,0.125,63.48375,44.93,18.55375,0.0,LOW-N
a2e85714b56b1cb6bb24a9a6e6cad36f,1.0,1.0,1.0,0.0,126.20000000000002,112.4,13.8,0.0,LOW-N
a2e874074c877c5a05abae80ad6e488f,14.0,3.75,0.25,0.375,237.780625,213.786875,23.99375,0.0,LOW-N
a2fa0bdc798ee84cdb08281337cf4fb6,5.0,3.8,0.2,0.4,43.70399999999999,26.172000000000004,17.532,0.0,LOW-N
a35ef466c6fd6d052f5d241240d3c5e2,2.0,5.0,0.0,0.0,301.43,270.0,31.43,0.0,LOW-N
a369d693961cb93b61ca2cc518872a85,6.0,3.75,0.16666666666666666,0.3333333333333333,142.69666666666666,116.25,26.44666666666667,0.0,LOW-N
a36ac007a4d18f865c8d32c3b2402c2d,8.0,2.25,0.625,0.625,144.86125,124.99000000000001,19.87125,0.0,LOW-N
a36b125ac6d5fdbc7f50de85c9157bdc,8.0,3.4,0.3,0.6,58.48100000000001,45.49,12.991,0.3,LOW-N
a37c340b91cb0169e8b029db6440fba2,1.0,5.0,0.0,0.0,85.73,69.0,16.73,0.0,LOW-N
a3a38f4affed601eb87a97788c949667,68.0,4.0285714285714285,0.18571428571428572,0.18571428571428572,119.99314285714286,99.83642857142854,20.156714285714287,0.05714285714285714,HIGH
a3b0df0065e264a91b7bbf5f844af5cd,1.0,5.0,0.0,0.0,74.46000000000001,59.21,15.25,0.0,LOW-N
a3dd39f583bc80bd8c5901c95878921e,12.0,4.846153846153846,0.0,0.0,160.95153846153846,137.15,23.801538461538463,0.0,LOW-N
a3e9a2c700480d9bb01fba070ba80a0e,68.0,3.8125,0.2125,0.25,105.10187499999998,86.29875,18.803125,0.075,HIGH
a3f0b55de503387383c7b1de3ad7f678,6.0,3.7142857142857144,0.0,0.2857142857142857,204.09571428571425,155.32857142857142,48.76714285714286,0.0,LOW-N
a3fa18b3f688ec0fca3eb8bfcbd2d5b3,1.0,5.0,0.0,0.0,42.129999999999995,23.9,18.23,0.0,LOW-N
a414555ce331b8c8aea4a9cb8395194d,2.0,1.5,1.0,0.5,286.59499999999997,240.495,46.099999999999994,0.0,LOW-N
a416b6a846a11724393025641d4edd5e,57.0,3.3278688524590163,0.39344262295081966,0.29508196721311475,159.11409836065573,141.62409836065572,17.49,0.14754098360655737,HIGH
a420f60ff1aa9acc80d0e42959f2b313,33.0,3.4411764705882355,0.29411764705882354,0.38235294117647056,119.79176470588236,104.05882352941177,15.732941176470588,0.17647058823529413,HIGH
a425f92c199eb576938df686728acd20,10.0,4.2727272727272725,0.18181818181818182,0.18181818181818182,80.9218181818182,64.5909090909091,16.33090909090909,0.0,LOW-N
a435b009cd956ea60748b5cfbddf2e24,1.0,5.0,0.0,0.0,66.78,49.99,16.79,0.0,LOW-N
a44fb5a447105f8469bdf16bf9159f25,9.0,3.888888888888889,0.2222222222222222,0.0,319.4888888888889,285.28888888888895,34.2,0.2222222222222222,LOW-N
a45314082d50d578a4721c9787ce09ab,1.0,5.0,0.0,0.0,148.62,139.9,8.72,0.0,LOW-N
a45765f8afb1e594b22bf9e974b46765,1.0,4.0,0.0,0.0,88.91999999999999,79.99,8.93,0.0,LOW-N
a478c7961d6a992065b24e63b366f90b,2.0,5.0,0.0,0.0,211.77666666666667,190.9333333333333,20.843333333333334,0.0,LOW-N
a49928bcdf77c55c6d6e05e09a9b4ca5,53.0,2.4262295081967213,0.6229508196721312,0.4426229508196721,100.73245901639343,83.47704918032782,17.255409836065578,0.2786885245901639,HIGH
a4b6b9b992b46e9ef863637af96e04bc,4.0,3.5,0.16666666666666666,0.16666666666666666,818.0749999999999,789.1666666666666,28.908333333333335,0.16666666666666666,LOW-N
a4b8d97cd5d3674eeff96abc99d8ed67,1.0,1.0,1.0,1.0,233.38000000000002,214.08,19.3,0.0,LOW-N
a4bd6e9adf39b63f43dc545d3ca1f53d,1.0,5.0,0.0,0.0,1039.9,998.9,41.0,0.0,LOW-N
a4e634166243bbb3a13fa584463fa468,2.0,2.0,1.0,0.5,100.59,77.775,22.814999999999998,0.0,LOW-N
a513150f33f99a06569e9cd5c4bb889b,1.0,5.0,0.0,0.0,567.95,548.35,19.6,0.0,LOW-N
a5259c149128e82c9d6d46e0c1c812bb,4.0,4.0,0.25,0.0,153.42000000000002,103.0,50.42,0.0,LOW-N
a53f60f05f822b5c621a50ff6a5cb362,2.0,2.0,0.75,0.75,88.26750000000001,66.9,21.3675,0.0,LOW-N
a56a8043ebf66e42119618fb8cf232c6,1.0,5.0,0.0,0.0,106.73,83.0,23.73,0.0,LOW-N
a5a1bfcf728ab0e19182959cf0771ee4,6.0,3.5,0.125,0.375,74.6325,59.9,14.7325,0.125,LOW-N
a5bff0f43eb51f0cad7c37fac7244c8a,2.0,5.0,0.0,0.0,110.34333333333332,89.0,21.343333333333334,0.0,LOW-N
a5cba26a62b8b4d0145b68b841e62e7f,32.0,4.53125,0.0625,0.0625,313.0775,287.09125,25.98625,0.0,HIGH
a5dd1946fb63ada8bcaa0c9cd8f11e22,3.0,3.0,0.3333333333333333,0.3333333333333333,48.54,31.26,17.279999999999998,0.0,LOW-N
a5ff20ff766e7f50bd5066f33da14413,2.0,3.0,0.5,0.0,27.542499999999997,16.6475,10.895,0.0,LOW-N
a63bfbaa882c8f4542891b4e2246cc7f,2.0,3.0,0.5,1.0,1139.455,1094.5,44.955,0.0,LOW-N
a64e44665225d19dfc0277eeeaaccc57,3.0,5.0,0.0,0.0,49.873333333333335,32.5,17.373333333333335,0.0,LOW-N
a673821011d0cec28146ea42f5ab767f,54.0,3.276923076923077,0.38461538461538464,0.24615384615384617,107.61753846153847,91.52215384615384,16.095384615384614,0.12307692307692308,HIGH
a67780aba9dd436e7ac0aa1f889e73ec,4.0,3.25,0.25,0.25,190.12,162.125,27.995,0.5,LOW-N
a69aa24cec11168e7e39a3fbc727e925,1.0,5.0,0.0,0.0,33.43,25.99,7.44,0.0,LOW-N
a6bd7d1ccdac48c6b33b28596b7eb122,13.0,3.1538461538461537,0.46153846153846156,0.23076923076923078,949.0130769230769,907.0853846153847,41.92769230769231,0.15384615384615385,LOW-N
a6fe7de3d16f6149ffe280349a8535a0,19.0,3.210526315789474,0.42105263157894735,0.2631578947368421,72.01947368421051,56.215789473684204,15.803684210526319,0.3684210526315789,LOW-N
a70e9066dbfd10b6b97a3f54a1356762,1.0,5.0,0.0,0.0,492.36,429.0,63.36,0.0,LOW-N
a72c2f59332659e361d647515c698798,1.0,5.0,0.0,0.0,154.72,139.0,15.72,0.0,LOW-N
a72f15980dc3e9bfd1a49ac9b2f3af65,1.0,4.0,0.0,0.0,108.63000000000001,89.9,18.73,0.0,LOW-N
a7a9b880c49781da66651ccf4ba9ac38,2.0,4.0,0.0,0.3333333333333333,91.69000000000001,77.56666666666668,14.123333333333335,0.0,LOW-N
a7b7354cc588f7566a848bcbb1ce3d96,1.0,3.0,0.0,1.0,54.01,39.9,14.11,0.0,LOW-N
a7c53f6b3b61adbdaa99dda97e8cbd56,1.0,4.0,0.0,0.0,110.3,99.0,11.3,0.0,LOW-N
a7c88262832dfc683781d6a421edefae,1.0,4.0,0.0,0.0,232.27,215.0,17.27,0.0,LOW-N
a7d0f8dd44f57ef6de7f7f02e3d82630,1.0,4.0,0.0,0.0,62.31,43.9,18.41,0.0,LOW-N
a7dc4098e4da6e41b426269d12ae7e91,2.0,3.6666666666666665,0.3333333333333333,0.0,184.8166666666667,172.66666666666666,12.15,0.0,LOW-N
a7ecf689b40a44361e259b28939023e4,1.0,5.0,0.0,0.0,410.91,389.0,21.91,0.0,LOW-N
a7f13822ceb966b076af67121f87b063,40.0,2.8181818181818183,0.4318181818181818,0.4318181818181818,177.48272727272732,142.18954545454545,35.29318181818182,0.06818181818181818,HIGH
a806a4bb063ea7ca6d374eafa50a6058,4.0,4.25,0.0,0.25,66.80250000000001,46.15,20.652499999999996,0.0,LOW-N
a81466620e46a6970b22ef40379fdfc9,1.0,5.0,0.0,0.0,175.18,160.9,14.28,0.0,LOW-N
a8739afb32aaa45e01815ca76f76f54b,12.0,3.357142857142857,0.35714285714285715,0.2857142857142857,38.37071428571428,19.989285714285717,18.381428571428575,0.07142857142857142,LOW-N
a888faf2d1baececa6baf9c3d603ee1f,22.0,3.0454545454545454,0.4090909090909091,0.22727272727272727,316.6290909090909,295.6772727272726,20.95181818181818,0.3181818181818182,LOW-N
a89e143d5211473ae18db9577ee34b64,1.0,1.0,1.0,1.0,79.74,70.0,9.74,0.0,LOW-N
a938325a4b357fd23a6a4d5bb126408e,13.0,3.4285714285714284,0.35714285714285715,0.2857142857142857,143.43071428571426,117.28571428571429,26.145,0.07142857142857142,LOW-N
a9415cf907dfa12f9ed18693244f5329,1.0,5.0,0.0,0.0,192.70999999999998,105.0,87.71,0.0,LOW-N
a99504ac23ed125aaf5302af6cc30af9,1.0,5.0,0.0,0.0,1025.24,978.0,47.24,0.0,LOW-N
a9b533a26e898b12e8b8d4c07279bf4d,2.0,5.0,0.0,0.0,45.765,29.9,15.864999999999998,0.0,LOW-N
aa17b35ce4de7b565be3249ba838944f,1.0,4.0,0.0,1.0,56.5,39.9,16.6,0.0,LOW-N
aa8af66c623d7d544dfe4bb85b5ebe3b,1.0,5.0,0.0,0.0,114.57,99.0,15.57,0.0,LOW-N
aac29b1b99776be73c3049939652091d,35.0,3.396551724137931,0.3275862068965517,0.20689655172413793,63.87431034482758,44.470000000000006,19.404310344827582,0.1896551724137931,HIGH
aac51c486b672a9850d59f3e84b1cf88,2.0,5.0,0.0,0.0,33.25333333333333,25.816666666666663,7.4366666666666665,0.0,LOW-N
aae3bfea055532c57fb453ed3ec80b30,28.0,3.1379310344827585,0.3793103448275862,0.3103448275862069,73.53241379310344,59.279310344827586,14.253103448275864,0.0,LOW-N
aae5e7b457a3c72ee230a47d98fceda5,2.0,5.0,0.0,0.0,129.10999999999999,109.0,20.11,0.0,LOW-N
aaed1309374718fdd995ee4c58c9dfcd,49.0,3.730769230769231,0.25,0.17307692307692307,115.69807692307693,94.99519230769229,20.702884615384615,0.038461538461538464,HIGH
aafe36600ce604f205b86b5084d3d767,41.0,3.975609756097561,0.21951219512195122,0.21951219512195122,89.00292682926829,70.19756097560975,18.80536585365854,0.0975609756097561,HIGH
ab27bbbad5239bc31a34709275a70db4,2.0,5.0,0.0,0.0,40.85,35.9,4.950000000000001,0.0,LOW-N
ab3e0c171fe84a7ba7de130f19cfb485,2.0,2.0,0.75,0.75,110.47749999999999,89.99,20.4875,0.0,LOW-N
ab75b89cc49c9ab3160d0c91565a442a,2.0,1.5,1.0,0.0,26.915,18.99,7.925,0.0,LOW-N
ab91571efab27993ff2f6b36e38055c3,1.0,5.0,0.0,0.0,38.349999999999994,25.56,12.79,0.0,LOW-N
ab9db4cf53b08b828b64dccaafc2d9f0,2.0,3.0,0.5,0.5,79.15,62.94,16.21,0.0,LOW-N
aba1721a889e04decc910aa13b768ef4,26.0,4.0,0.21428571428571427,0.25,184.13928571428573,169.5142857142857,14.625000000000002,0.17857142857142858,LOW-N
abbf6046bbdf1028606a5bc7f00c99e7,1.0,1.0,1.0,1.0,398.88,349.9,48.98,0.0,LOW-N
abc015ebac1d283a323ca9db35ede4b9,5.0,4.0,0.2,0.0,114.042,94.75999999999999,19.282,0.0,LOW-N
abcd2cb37d46c2c8fb1bf071c859fc5b,17.0,3.8,0.1,0.15,127.7275,102.9915,24.736,0.1,LOW-N
abe021b01ba992245271b9aa422032df,1.0,2.0,1.0,1.0,2794.5,2740.0,54.5,0.0,LOW-N
abe42c5d03695b4257b5c6cbf4e6784e,21.0,3.5714285714285716,0.2857142857142857,0.2857142857142857,347.32142857142856,327.6666666666667,19.654761904761905,0.19047619047619047,LOW-N
ac137bac82ffa8548e62bd9d01d2a14f,1.0,1.0,1.0,1.0,58.94,49.6,9.34,0.0,LOW-N
ac1ed5fc15901fbc92920361eb4ab350,1.0,1.0,1.0,1.0,124.03999999999999,110.25,13.79,0.0,LOW-N
ac3508719a1d8f5b7614b798f70af136,47.0,4.680851063829787,0.02127659574468085,0.0425531914893617,145.71063829787238,114.84893617021275,30.86170212765957,0.0425531914893617,HIGH
ac51cac5e20d69ff485a54746488ef48,2.0,2.0,0.5,0.5,157.695,141.45,16.245,0.0,LOW-N
ac6417315ae5da8f9a38ee11de6f7780,4.0,3.5,0.25,0.5,123.18499999999999,98.75,24.435000000000002,0.25,LOW-N
ac9b01377919cdbd2a1bbb8d5837c70b,1.0,3.0,0.0,1.0,79.44,55.9,23.54,0.0,LOW-N
acadd4d36859671cb635527c6c977533,3.0,5.0,0.0,0.0,155.91,139.33333333333334,16.576666666666668,0.3333333333333333,LOW-N
acb6c2ca5c82411c1fdb88d5fd5eb95e,3.0,2.75,0.5,0.0,44.955,29.895000000000003,15.059999999999999,0.0,LOW-N
acce39e832338debb07b02385cde5967,15.0,4.066666666666666,0.2,0.0,126.34266666666667,104.15333333333336,22.18933333333333,0.0,LOW-N
ace601496e211a664100321f038f50af,1.0,2.0,1.0,0.0,179.92,165.0,14.92,0.0,LOW-N
aced59e9b31ef866a94f9e7f29d8d418,16.0,3.9473684210526314,0.10526315789473684,0.10526315789473684,105.86894736842105,88.7421052631579,17.12684210526316,0.10526315789473684,LOW-N
acf974e4d5950ad143a247471b831eb9,2.0,4.333333333333333,0.0,0.0,52.56666666666666,35.1,17.466666666666665,0.0,LOW-N
ad273c9eb54ecb4532de4bf75bae9e4e,6.0,3.5714285714285716,0.2857142857142857,0.5714285714285714,68.17142857142856,50.0,18.17142857142857,0.0,LOW-N
ad420dd0c4f92f8af951ac24b86d0cf5,19.0,4.2272727272727275,0.18181818181818182,0.18181818181818182,111.32590909090908,88.65454545454546,22.671363636363633,0.045454545454545456,LOW-N
ad738d3fcf42655ed15c4960b7b6c601,1.0,1.0,1.0,1.0,80.89,65.0,15.89,0.0,LOW-N
ad75519a07f039025e83795a4418470f,3.0,3.2222222222222223,0.4444444444444444,0.0,46.43555555555557,33.56666666666666,12.868888888888888,0.0,LOW-N
ad781527c93d00d89a11eecd9dcad7c1,22.0,1.9090909090909092,0.7272727272727273,0.45454545454545453,207.41727272727275,153.62636363636358,53.790909090909096,0.36363636363636365,LOW-N
ad87df7699e83b8a91822a4a0b765c3a,3.0,3.6666666666666665,0.0,0.0,48.46666666666667,36.666666666666664,11.799999999999999,0.0,LOW-N
ad8ada0ffa993cb1197d102d9ab21a3e,1.0,1.0,1.0,0.0,328.08,299.9,28.18,0.0,LOW-N
ad97a199236354e53fcd91a5a913e9a2,5.0,4.6,0.0,0.2,865.8879999999999,826.3100000000001,39.577999999999996,0.2,LOW-N
adbc26658d6c7b4b6219f9d934598091,34.0,3.6666666666666665,0.3055555555555556,0.2222222222222222,145.04222222222222,124.54444444444445,20.497777777777774,0.19444444444444445,HIGH
adbe70ab2c97442046d393988c8d1d27,1.0,5.0,0.0,0.0,75.08,59.9,15.18,0.0,LOW-N
adcf50477d6a1f5d91bb9d54c4903cb5,11.0,2.526315789473684,0.5789473684210527,0.2631578947368421,82.01263157894736,56.726315789473695,25.286315789473683,0.10526315789473684,LOW-N
ade45994b717ccee333492330fbf037b,5.0,4.4,0.0,0.0,759.16,735.2,23.96,0.0,LOW-N
aded58c8142dedc5494a81f948431fab,2.0,2.3333333333333335,0.6666666666666666,0.0,73.00333333333333,53.23333333333334,19.77,0.0,LOW-N
ae45df84722b1d15c5f32b23a095746c,2.0,5.0,0.0,0.0,83.86333333333333,75.96333333333332,7.8999999999999995,0.0,LOW-N
ae7ab174effdead6c241e547e4ca13f0,4.0,3.4,0.4,0.4,503.60599999999994,392.73999999999995,110.86600000000001,0.0,LOW-N
ae8bfdbf1c2a2a2dee92d799db0a31c6,2.0,4.5,0.0,0.0,87.99000000000001,69.99,18.0,0.0,LOW-N
aeb36d67f1414f234d42a29e27cf1f17,2.0,4.0,0.0,0.0,1050.945,949.9,101.04499999999999,0.5,LOW-N
af3ef48d0e13835e529c29ac573c63e5,8.0,2.625,0.5,0.625,86.4475,62.58875,23.85875,0.0,LOW-N
af4a0e4cfe1d9c26b6712b1be25a72e5,11.0,2.5,0.6428571428571429,0.5,433.8564285714287,408.9271428571428,24.92928571428572,0.07142857142857142,LOW-N
af7cdac9d9897cddead9c6b08976c642,3.0,3.3333333333333335,0.3333333333333333,0.3333333333333333,110.27333333333335,85.58999999999999,24.683333333333334,0.3333333333333333,LOW-N
afa6714acee029b2dfdf357e5579cc03,5.0,3.6666666666666665,0.3333333333333333,0.0,137.02833333333334,118.30833333333334,18.719999999999995,0.0,LOW-N
afac9f6b0c4e5f0a7ee87e922cd0f873,1.0,1.0,1.0,1.0,32.839999999999996,20.99,11.85,0.0,LOW-N
afe0067131b73e40875c9b6c10bd2e21,18.0,3.888888888888889,0.2222222222222222,0.3333333333333333,130.14833333333334,106.84444444444446,23.303888888888892,0.05555555555555555,LOW-N
b01c2b7b8599b325103ebcddc67413e1,1.0,4.0,0.0,0.0,61.3,42.9,18.4,0.0,LOW-N
b080809eaacb49e5ca07290981472431,5.0,5.0,0.0,0.0,49.218,35.92,13.297999999999998,0.0,LOW-N
b0b346d3a89f5eb4c2968af3f083cd43,7.0,2.25,0.625,0.125,67.88125,49.25,18.63125,0.375,LOW-N
b0f2a6122a90a93eb03e68653dd960e3,3.0,4.666666666666667,0.0,0.6666666666666666,416.06333333333333,392.23333333333335,23.83,0.0,LOW-N
b1204cfda1d4948679db3cfc0d3cb95c,4.0,4.0,0.25,0.25,97.87,80.5,17.369999999999997,0.0,LOW-N
b127efdabeffb5d559349c7b172eb75d,3.0,5.0,0.0,0.0,40.370000000000005,30.0,10.37,0.0,LOW-N
b12cfd255810394b60caef18ae163547,1.0,4.0,0.0,0.0,348.13,280.0,68.13,0.0,LOW-N
b14db04aa7881970e83ffa9426897925,31.0,3.1794871794871793,0.38461538461538464,0.38461538461538464,68.69615384615385,50.91025641025642,17.785897435897443,0.07692307692307693,HIGH
b16d3dadc47d4eb18be3d88bad0775ce,3.0,5.0,0.0,0.0,54.596666666666664,38.23333333333333,16.363333333333333,0.0,LOW-N
b17b679f4f5ce2e03ce6968c62648246,29.0,3.3870967741935485,0.3225806451612903,0.1935483870967742,96.56806451612901,78.34258064516128,18.22548387096774,0.1935483870967742,LOW-N
b18871c324516afa228a13e8f1ef0ae9,8.0,3.909090909090909,0.3181818181818182,0.8181818181818182,55.95954545454544,45.709090909090904,10.250454545454543,0.09090909090909091,LOW-N
b18dc380845b24038cfc48006478f099,18.0,3.0434782608695654,0.391304347826087,0.391304347826087,187.4265217391304,169.045652173913,18.380869565217385,0.17391304347826086,LOW-N
b19f3ca2ea475913750f25a5c37c8d8f,11.0,2.909090909090909,0.45454545454545453,0.36363636363636365,211.1272727272727,175.63363636363636,35.49363636363636,0.2727272727272727,LOW-N
b1a81260566c1bac3114a6d124413f27,18.0,3.9,0.25,0.1,182.1355,152.9,29.235499999999995,0.05,LOW-N
b1aaae6b66ad3c40f54b389d7ea4bee0,6.0,4.857142857142857,0.0,0.0,88.78999999999999,61.857142857142854,26.93285714285714,0.0,LOW-N
b1ac6ea7895bc3dd6f0f6f4abbdd2821,15.0,4.125,0.125,0.25,90.67750000000001,71.5,19.177500000000002,0.0,LOW-N
b1b3948701c5c72445495bd161b83a4c,14.0,1.7142857142857142,0.7857142857142857,0.6428571428571429,1449.9607142857146,1422.815,27.145714285714288,0.5,LOW-N
b1fc4f64df5a0e8b6913ab38803c57a9,63.0,3.582089552238806,0.2835820895522388,0.26865671641791045,83.27522388059703,65.46925373134329,17.80597014925373,0.14925373134328357,HIGH
b1fecf4da1fa2689bccffa0121953643,6.0,5.0,0.0,0.0,215.09666666666666,195.08166666666668,20.015,0.0,LOW-N
b2479f944e1b90cf8a5de1bbfde284d6,51.0,2.611940298507463,0.5522388059701493,0.3283582089552239,53.51835820895521,36.5110447761194,17.007313432835826,0.1791044776119403,HIGH
b248792ac0b60ec3f93d80af1b4fae47,3.0,3.75,0.0,0.5,61.885000000000005,44.025,17.86,0.5,LOW-N
b26741d31a563d769b4af0465ab20c56,1.0,4.0,0.0,0.0,378.5,349.0,29.5,0.0,LOW-N
b274baf5bbd142410eb2958cf685d684,2.0,2.5,0.5,1.0,98.36500000000001,82.0,16.365000000000002,0.0,LOW-N
b29d3380981c51df13fc6fbe87e1763d,2.0,4.666666666666667,0.0,0.0,60.81,46.9,13.910000000000002,0.0,LOW-N
b2a6d334e2833acea353624840e25a0e,7.0,3.857142857142857,0.2857142857142857,0.14285714285714285,63.06714285714286,50.67142857142858,12.395714285714288,0.0,LOW-N
b2ac621f0d0322434d04a12b078b9369,5.0,3.4,0.4,0.4,569.058,541.2,27.857999999999997,0.4,LOW-N
b2ba3715d723d245138f291a6fe42594,135.0,3.574468085106383,0.2695035460992908,0.3120567375886525,162.81574468085105,145.4751063829787,17.340638297872342,0.10638297872340426,HIGH
b2c97074649f92197d9387d9033dda5f,3.0,5.0,0.0,0.0,101.46666666666668,65.18333333333334,36.28333333333333,0.0,LOW-N
b2eecf5ea250510da76590ca79d60e5d,1.0,5.0,0.0,0.0,673.34,630.0,43.34,0.0,LOW-N
b32be1695eb7ec5f10f72d9610a12527,18.0,3.2777777777777777,0.3333333333333333,0.4444444444444444,726.2722222222222,653.2222222222222,73.05000000000001,0.0,LOW-N
b335c59ab742f751a85db9c411a86739,9.0,3.0,0.36363636363636365,0.45454545454545453,110.17363636363638,94.0909090909091,16.082727272727276,0.18181818181818182,LOW-N
b33aaadd1a8891d2dfef0c4c3bdf0371,7.0,2.625,0.5,0.375,100.60875,80.375,20.23375,0.25,LOW-N
b33e7c55446eabf8fe1a42d037ac7d6d,63.0,3.59375,0.296875,0.203125,297.7515625,279.32484375,18.42671875,0.203125,HIGH
b347677812ea483b0f528eaf8cbc09b7,11.0,4.2727272727272725,0.09090909090909091,0.18181818181818182,370.60181818181815,335.45363636363635,35.14818181818182,0.0,LOW-N
b372ee768ed69e46ca8cdbd267aa7a38,31.0,4.205882352941177,0.14705882352941177,0.058823529411764705,226.43970588235297,209.41176470588235,17.027941176470588,0.0,HIGH
b37c4c02bda3161a7546a4e6d222d5b2,3.0,1.3076923076923077,0.9230769230769231,0.0,1625.3353846153843,1598.076923076923,27.258461538461535,0.07692307692307693,LOW-N
b39d7fe263ef469605dbb32608aee0af,22.0,3.3703703703703702,0.25925925925925924,0.2222222222222222,115.30888888888889,94.50370370370372,20.805185185185184,0.0,LOW-N
b3b17aab11f273023a5f22ca52e1eb70,2.0,5.0,0.0,0.0,714.7566666666667,667.3333333333334,47.423333333333325,0.0,LOW-N
b3f19518fcec265b2e97af287725f981,2.0,4.5,0.0,0.5,75.42999999999999,58.489999999999995,16.939999999999998,0.0,LOW-N
b410bdd36d5db7a65dcd42b7ead933b8,16.0,4.875,0.0,0.0625,195.015,173.43125,21.58375,0.0625,LOW-N
b43d8b707f887a30f4675391098354a0,3.0,2.5,0.5,0.5,381.69000000000005,335.5,46.19,0.25,LOW-N
b44dbfbf62e52125f3c15d230569ea91,1.0,5.0,0.0,0.0,65.12,48.59,16.53,0.0,LOW-N
b452cb0ae35044c4a53179c39f49fb06,1.0,4.0,0.0,0.0,66.22999999999999,39.8,26.43,0.0,LOW-N
b45d7ebfb7378630f1bcd74b6ff86ff7,3.0,4.666666666666667,0.0,0.6666666666666666,235.60999999999999,215.89999999999998,19.710000000000004,0.0,LOW-N
b494891378bd8f4560abe576c52deacd,2.0,3.0,0.5,0.5,148.535,136.4,12.135,0.0,LOW-N
b499c00f28f4b7069ff6550af8c1348a,54.0,3.4516129032258065,0.3225806451612903,0.25806451612903225,63.797903225806465,50.231935483870956,13.565967741935482,0.11290322580645161,HIGH
b4a476fbd28de64b1e347abf9089366a,19.0,3.25,0.375,0.4166666666666667,214.54083333333332,181.30375,33.23708333333333,0.08333333333333333,LOW-N
b4b447d715f9ab302a188fb43d3e96b3,2.0,4.5,0.0,0.0,153.65,130.985,22.665,0.0,LOW-N
b4f8921fcc4ff77b66bea6dda43dcd51,6.0,3.8333333333333335,0.3333333333333333,0.5,792.0166666666668,733.1466666666666,58.870000000000005,0.0,LOW-N
b4ffb71f0cb1b1c3d63fad021ecf93e1,50.0,3.3692307692307693,0.3384615384615385,0.26153846153846155,60.860615384615386,46.86584615384615,13.994769230769231,0.015384615384615385,HIGH
b55638ad525e906c698fa2ce742c1742,4.0,4.2,0.0,0.6,72.88199999999999,56.160000000000004,16.722,0.2,LOW-N
b561927807645834b59ef0d16ba55a24,26.0,3.870967741935484,0.1935483870967742,0.25806451612903225,66.2332258064516,51.7258064516129,14.507419354838714,0.22580645161290322,LOW-N
b566ab0ef88016e00422755e305103c6,2.0,3.5,0.5,0.5,470.78499999999997,419.0,51.785,0.0,LOW-N
b56828a9f9027f3c918c04ca720d9e3c,1.0,1.0,1.0,1.0,142.2,120.0,22.2,1.0,LOW-N
b56906f7fd1696e043f1bcce164c487b,18.0,3.7,0.3,0.15,74.32249999999999,53.6025,20.72,0.0,LOW-N
b57e8460909fa137df7951b4a3b5ea84,1.0,2.0,1.0,1.0,141.07,99.0,42.07,0.0,LOW-N
b586cd24c010a13916af621b0325fbba,3.0,3.3333333333333335,0.3333333333333333,0.0,204.98333333333335,172.99333333333334,31.99,0.0,LOW-N
b5abf4f36adc043117b4fca82c22984c,5.0,2.4,0.6,0.2,178.95,146.3,32.65,0.2,LOW-N
b5bb2b985208834bd5bd86c7a402bbad,1.0,5.0,0.0,0.0,329.14,310.53,18.61,0.0,LOW-N
b5d034ac251546e25afe9067f05c1539,1.0,5.0,0.0,0.0,85.27000000000001,69.9,15.37,0.0,LOW-N
b5e3e38609125694d2ea2417522a60b7,3.0,3.6666666666666665,0.3333333333333333,0.0,93.08999999999999,73.72666666666667,19.363333333333333,0.6666666666666666,LOW-N
b64d51f0435e884e8de603b1655155ae,5.0,3.6666666666666665,0.3333333333333333,0.3333333333333333,24.573333333333334,12.181666666666667,12.391666666666667,0.16666666666666666,LOW-N
b67d6c666e8dce1d078c882825e12704,3.0,4.666666666666667,0.0,0.0,37.81999999999999,24.683333333333334,13.136666666666665,0.0,LOW-N
b6c6854d4d92a5f6f46be8869da3fa1a,1.0,1.0,1.0,1.0,87.82000000000001,69.9,17.92,0.0,LOW-N
b6d44737c043328708f6749c2dbe50bd,25.0,4.275862068965517,0.1724137931034483,0.10344827586206896,82.72275862068965,65.76896551724138,16.95379310344828,0.10344827586206896,LOW-N
b6dc74ed30f124f95227bed4e43a3bed,1.0,4.0,0.0,0.0,46.28,33.8,12.48,0.0,LOW-N
b6e1504972665f739dec4facb9943775,6.0,3.5,0.3333333333333333,0.16666666666666666,132.49833333333333,112.55,19.948333333333334,0.16666666666666666,LOW-N
b6f52e346160519c24a23af05410ad32,1.0,4.0,0.0,0.0,143.25,129.9,13.35,0.0,LOW-N
b74d1c09cb380e1d03a6f859c6f4224b,9.0,3.4615384615384617,0.3076923076923077,0.15384615384615385,111.33923076923075,85.14307692307693,26.19615384615385,0.3076923076923077,LOW-N
b76a1f8356322f12529c37b67d5c96c2,1.0,4.0,0.0,0.0,69.84,59.9,9.94,0.0,LOW-N
b76dba6c951ab00dc4edf0a1aa88037e,77.0,3.9397590361445785,0.18072289156626506,0.1686746987951807,29.400481927710842,15.29698795180723,14.103493975903614,0.03614457831325301,HIGH
b76f4d90e85657a240495c876313adc5,1.0,5.0,0.0,0.0,318.3,299.0,19.3,0.0,LOW-N
b77a27b1864483e721dc831d5ba4afa0,1.0,5.0,0.0,0.0,35.42,20.9,14.52,0.0,LOW-N
b7ba853e9551f4558440881fd3e5c815,2.0,1.0,1.0,1.0,207.39499999999998,188.4,18.994999999999997,0.0,LOW-N
b7cc6c5e001441ae8cdd5c69a480cbe4,2.0,3.5,0.5,0.5,278.53499999999997,199.0,79.535,0.0,LOW-N
b7d5b4b87af9d42b601865d3f3810bff,1.0,1.0,1.0,1.0,719.33,699.0,20.33,0.0,LOW-N
b7e1750c1157341d2abd0251e07c186b,1.0,5.0,0.0,0.0,64.435,49.9,14.535,0.0,LOW-N
b7ed9fb14c8eadb37adb9c45d67ab0fb,3.0,1.3333333333333333,1.0,0.6666666666666666,55.73166666666666,41.26666666666667,14.464999999999998,0.0,LOW-N
b8114f2f589a6804810f04f99b36b498,5.0,4.625,0.0,0.0,138.545,114.41999999999999,24.125,0.0,LOW-N
b81e3a6c866a764974fe849821abeebd,4.0,4.333333333333333,0.0,0.0,109.25,86.48166666666667,22.768333333333334,0.0,LOW-N
b839e41795b7f3ad94cc2014a52f6796,16.0,3.3529411764705883,0.35294117647058826,0.17647058823529413,965.4035294117648,940.6470588235294,24.756470588235295,0.058823529411764705,LOW-N
b83cedfb587e7911540e3f576d6917ce,7.0,3.857142857142857,0.2857142857142857,0.0,127.09285714285716,109.10285714285713,17.990000000000002,0.2857142857142857,LOW-N
b8555308bfdb4ca1ed54325a58da9a97,6.0,3.6666666666666665,0.16666666666666666,0.16666666666666666,128.4333333333333,113.23333333333333,15.200000000000001,0.0,LOW-N
b8578d2d823bd8e251f6fdd02b40902d,4.0,3.75,0.25,0.25,138.0,115.19999999999999,22.8,0.0,LOW-N
b8630e1121437d41cb08e3c749c2c2e2,5.0,4.2,0.2,0.2,601.946,570.6,31.346000000000004,0.2,LOW-N
b87a7ea0c30fad2dd6781b74a0064859,6.0,3.6666666666666665,0.3333333333333333,0.0,81.07000000000001,66.48333333333333,14.586666666666668,0.16666666666666666,LOW-N
b8a0adc91af209270c2c725168eb00fd,4.0,3.5,0.25,0.25,59.055,41.65,17.405,0.0,LOW-N
b8bc237ba3788b23da09c0f1f3a3288c,16.0,3.875,0.1875,0.3125,338.096875,292.43062499999996,45.666250000000005,0.0,LOW-N
b8d890108a7a80e4f5d59eea9f362438,1.0,3.0,0.0,1.0,39.64,29.9,9.74,0.0,LOW-N
b906dd0e57f282c7089171b6ed07982e,2.0,4.0,0.0,0.0,105.375,87.5,17.875,0.0,LOW-N
b90e891671cffd9557f33a97dc523645,15.0,3.7,0.3,0.3,125.39999999999998,109.4,16.0,0.0,LOW-N
b92e3c8f9738272ff7c59e111e108d7c,27.0,3.5625,0.34375,0.25,166.9078125,125.7778125,41.129999999999995,0.0625,LOW-N
b94cc9f10ddc85e4ba73a6f7974e7101,18.0,3.611111111111111,0.2777777777777778,0.3333333333333333,673.4838888888888,644.3444444444444,29.139444444444443,0.1111111111111111,LOW-N
b98b715fe9e276204e2a3464f48cd796,5.0,3.0,0.4,0.4,85.758,74.13600000000001,11.622,0.2,LOW-N
b9a03475e6447e631b6799ec8274800f,7.0,4.25,0.125,0.125,150.815,121.4875,29.3275,0.0,LOW-N
b9ca8e8baa5d4aa038394a700f63e69f,5.0,4.0,0.0,0.0,101.758,85.572,16.186,0.0,LOW-N
b9de031b671cd48b28fae9d828cbf2b4,1.0,5.0,0.0,0.0,198.69,155.32,43.37,0.0,LOW-N
ba143b05f0110f0dc71ad71b4466ce92,24.0,4.041666666666667,0.20833333333333334,0.25,85.39999999999999,69.40375,15.996250000000002,0.16666666666666666,LOW-N
ba5daa4041e1f15cdf34b76e3e18a450,5.0,3.4,0.4,0.2,77.46000000000001,67.9,9.56,0.0,LOW-N
ba6b4a237f92479743cf0ca06b67a9ac,3.0,3.6666666666666665,0.3333333333333333,0.3333333333333333,120.03333333333335,106.33333333333333,13.699999999999998,0.3333333333333333,LOW-N
ba6b68b55fe8704377a7d43c8e5c0185,1.0,5.0,0.0,0.0,249.79000000000002,229.9,19.89,0.0,LOW-N
ba6ce6de456f6c11d08c17701ba5c26f,4.0,3.4,0.4,0.4,135.454,115.17999999999999,20.274,0.2,LOW-N
ba8e85df286308fe68a2ce83a8f8b2d6,1.0,5.0,0.0,0.0,97.66000000000001,80.9,16.76,0.0,LOW-N
ba90964cff9b9e0e6f32b23b82465f7b,12.0,4.5,0.08333333333333333,0.16666666666666666,1299.055833333333,1260.6583333333333,38.3975,0.08333333333333333,LOW-N
baa49d93c8c8841e27400a300f5d74b2,5.0,4.4,0.0,0.0,55.884,41.3,14.584,0.2,LOW-N
bab0a8cd684e41ba6e2637dca0979d3b,1.0,5.0,0.0,0.0,289.03999999999996,269.9,19.14,0.0,LOW-N
bacb1f0ed56ad24198f5810d2b3fe9a5,9.0,3.0,0.4444444444444444,0.3333333333333333,210.39555555555555,193.22222222222223,17.173333333333332,0.1111111111111111,LOW-N
baf15155e37ef5492731459bdc05be8a,1.0,5.0,0.0,0.0,55.72,47.0,8.72,0.0,LOW-N
bafc5aa11e413978be29040f51342e70,2.0,3.0,0.5,0.5,269.09000000000003,254.945,14.145,0.0,LOW-N
bb135baca94c82fcb731335ad5b04a03,9.0,2.2083333333333335,0.625,0.375,32.31791666666667,19.724999999999998,12.592916666666667,0.0,LOW-N
bb2afe2061d53c6968aa0cffa233a8ec,3.0,4.666666666666667,0.0,0.0,67.51333333333334,55.23333333333334,12.280000000000001,0.0,LOW-N
bb5bd94c8f59cc050072d2930c869cac,6.0,4.0,0.0,0.3333333333333333,145.72333333333333,125.77999999999999,19.94333333333333,0.3333333333333333,LOW-N
bb5d956dece964a06c12bceb66b923ae,2.0,5.0,0.0,0.0,664.25,639.18,25.07,0.0,LOW-N
bb7a14e229b1c95156719c3d9552eeee,7.0,3.857142857142857,0.2857142857142857,0.0,357.7628571428571,324.7,33.06285714285714,0.14285714285714285,LOW-N
bba3293d6f5d5af2f415e004e8b93ae3,10.0,4.1,0.2,0.1,749.131,729.852,19.279,0.1,LOW-N
bba74270a87732727b5a3b4fd9ac1c39,12.0,3.125,0.5,0.0625,72.40249999999999,55.614999999999995,16.7875,0.0,LOW-N
bbad7e518d7af88a0897397ffdca1979,34.0,2.1666666666666665,0.6666666666666666,0.4523809523809524,61.399761904761895,47.94476190476191,13.454999999999998,0.30952380952380953,HIGH
bbaff50f3b708fda865918715276cd87,2.0,5.0,0.0,0.0,59.290000000000006,44.25,15.040000000000001,0.0,LOW-N
bbe87dce25ba8b38bb61cc7210a3f10b,1.0,5.0,0.0,0.0,264.33,219.0,45.33,0.0,LOW-N
bbf4a892cac7b82422baa711dffb8997,1.0,5.0,0.0,0.0,105.34,70.0,35.34,0.0,LOW-N
bbf9ad41dca6603e614efcdad7aab8c4,7.0,4.0,0.14285714285714285,0.14285714285714285,586.0314285714285,521.8571428571429,64.17428571428572,0.0,LOW-N
bc07d855eac23aab5ac8a120f21d16b2,4.0,2.75,0.5,0.5,125.105,106.4975,18.6075,0.5,LOW-N
bc2ac6b95e1accce9858528ee566c17e,3.0,3.25,0.5,0.25,105.9675,97.0,8.9675,0.0,LOW-N
bc302730ea8cf49b5c74f579febb5bbf,4.0,3.0,0.5,0.5,414.03499999999997,380.7425,33.292500000000004,0.25,LOW-N
bc30de0d71bd6260b936a026b5cf7200,2.0,4.5,0.0,0.0,110.475,98.75,11.725,0.0,LOW-N
bc47d5d1490df2b36add65d733eafaba,13.0,2.9285714285714284,0.42857142857142855,0.2857142857142857,52.91928571428571,37.107142857142854,15.812142857142858,0.0,LOW-N
bc503e244f187939d10c92a5c8e378ce,4.0,2.5,0.625,0.5,65.47625,51.39,14.08625,0.125,LOW-N
bc8c8d665ec4664d286be0d521722b19,1.0,2.0,1.0,1.0,30.82,22.5,8.32,1.0,LOW-N
bca9230d3bbb4efa51872bf605a2f1ad,1.0,1.0,1.0,1.0,25.16,17.77,7.39,1.0,LOW-N
bcc9dd23e2a8bd8267cf92b19304a1b9,3.0,2.3333333333333335,0.6666666666666666,0.3333333333333333,82.07333333333334,67.59666666666668,14.476666666666667,0.6666666666666666,LOW-N
bccf933e006e9b94a6184af782963e77,13.0,4.461538461538462,0.07692307692307693,0.15384615384615385,102.81384615384614,82.32923076923076,20.484615384615385,0.0,LOW-N
bce6a5ecf98e99fd2a8868b15c51f04b,7.0,3.5,0.375,0.375,351.3075,331.4875,19.82,0.25,LOW-N
bd0389da23d89b726abf911cccc54596,37.0,3.9,0.2,0.175,104.98025,87.277,17.70325,0.1,HIGH
bd0a1b0aadca9a83d9304f7e8ff5fbd5,1.0,3.0,0.0,1.0,36.78,28.9,7.88,0.0,LOW-N
bd149ed516d4c5d418d5781f8e18919f,1.0,5.0,0.0,0.0,95.78,69.0,26.78,0.0,LOW-N
bd15ee794d5e640d9dd71b665b2ab15b,7.0,3.5714285714285716,0.2857142857142857,0.0,51.80142857142857,31.47142857142857,20.330000000000002,0.2857142857142857,LOW-N
bd1d49a326abfa9b1036772e40445430,3.0,2.5,0.5,0.75,48.37,36.05,12.32,0.0,LOW-N
bd23da7354813347129d751591d1a6e2,40.0,3.725,0.275,0.275,144.35049999999998,126.82750000000001,17.523,0.075,HIGH
bd43e172d599bed47a85da877172ca8c,1.0,5.0,0.0,0.0,42.19,23.92,18.27,0.0,LOW-N
bd4889b5e9133b35b66e42a8665cea5c,18.0,4.416666666666667,0.08333333333333333,0.16666666666666666,136.51458333333332,112.7,23.814583333333335,0.0,LOW-N
bd4ff04377f974574f7f0bf9d6ce7dde,3.0,3.0,0.3333333333333333,0.0,54.43333333333334,41.656666666666666,12.776666666666669,0.3333333333333333,LOW-N
bd697db56ff8e7c9cd1abeb7f72029b2,11.0,4.0,0.2727272727272727,0.2727272727272727,153.45363636363638,138.1718181818182,15.281818181818181,0.0,LOW-N
bdae679a9b282249bc23b9b69dae9a99,4.0,2.4285714285714284,0.5714285714285714,0.5714285714285714,98.87571428571427,76.5657142857143,22.31,0.0,LOW-N
bdf0d02d36a1d839d0c39c4a887cdd49,2.0,5.0,0.0,0.0,27.475,14.0,13.475,0.0,LOW-N
be3b4b0f050a6aa1b2d901c4b77e979f,1.0,2.0,1.0,0.0,58.129999999999995,39.9,18.23,0.0,LOW-N
be8e909810184b9b19e886129149d8e5,11.0,3.5454545454545454,0.2727272727272727,0.2727272727272727,58.63,42.71727272727273,15.912727272727272,0.2727272727272727,LOW-N
be9a160a9011f627c3e121d076c1ec7b,4.0,3.0,0.5,0.25,446.935,409.25,37.685,0.0,LOW-N
beadbee30901a7f61d031b6b686095ad,24.0,3.2083333333333335,0.375,0.2916666666666667,84.885,69.99958333333333,14.885416666666666,0.375,LOW-N
bee36b4f9a2b9fdcaff6ec05df202ed0,1.0,1.0,1.0,0.0,25.619999999999997,16.9,8.72,0.0,LOW-N
bf00385a5f7fc1ef39a13c2e9ee50a5f,15.0,4.0,0.2,0.2,40.93933333333334,29.966666666666658,10.972666666666667,0.0,LOW-N
bf0045791395e66460eb04749c68672a,1.0,5.0,0.0,0.0,70.92999999999999,59.9,11.03,0.0,LOW-N
bf0d50a6410d487dc97d2baac0a8c0be,1.0,2.0,1.0,0.0,37.16,27.9,9.26,0.0,LOW-N
bf100ecb7997df312b285358fb32f92c,6.0,4.5,0.0,0.16666666666666666,111.37333333333333,94.73333333333333,16.64,0.0,LOW-N
bf3c6d2a28b2b5501e6c15448982dcc9,10.0,4.066666666666666,0.2,0.2,85.16066666666666,69.70666666666668,15.454,0.0,LOW-N
bf84056e679dbe9c69929847a40e338f,14.0,3.375,0.3125,0.5,63.668125,51.583749999999995,12.084375000000001,0.0625,LOW-N
bf961104a38e01b9062ee026bb657dee,1.0,4.0,0.0,0.0,169.01,146.39,22.62,0.0,LOW-N
bfd27a966d91cfaafdb25d076585f0da,46.0,3.978723404255319,0.2127659574468085,0.23404255319148937,173.83851063829786,149.61702127659575,24.221489361702133,0.0851063829787234,HIGH
bfd938b22bc99bce1ae60dc602889f52,4.0,2.125,0.75,0.75,103.46874999999999,87.4,16.06875,0.0,LOW-N
bff9deb0ec77d437f3305a79cf25529e,4.0,3.75,0.25,0.25,47.855000000000004,32.24,15.614999999999998,0.0,LOW-N
c003204e1ab016dfa150abc119207b24,85.0,4.191011235955056,0.12359550561797752,0.1797752808988764,151.1244943820225,127.36280898876406,23.761685393258425,0.0898876404494382,HIGH
c004e5ea15737026cecaee0447e00b75,2.0,1.0,1.0,1.0,2437.16,2350.0,87.16,0.5,LOW-N
c0098efcf800861dcae589affca31408,6.0,4.833333333333333,0.0,0.16666666666666666,105.855,90.10666666666667,15.748333333333335,0.16666666666666666,LOW-N
c013e57c075a06e5b5c48ee03c525719,14.0,3.7142857142857144,0.21428571428571427,0.35714285714285715,60.49142857142857,41.06142857142857,19.43,0.07142857142857142,LOW-N
c03121937e54a93fcc1825c3098bbb6e,2.0,5.0,0.0,0.0,172.70499999999998,149.0,23.705,0.0,LOW-N
c0563dd588b775f2e37747ef6ad6c92c,12.0,4.083333333333333,0.25,0.16666666666666666,140.2075,127.40000000000003,12.8075,0.16666666666666666,LOW-N
c092292535a57dacd95a8765f5518f87,1.0,5.0,0.0,0.0,143.98,125.0,18.98,0.0,LOW-N
c0aff2da32c17759d30b22fb0af6649d,1.0,3.0,0.0,0.0,32.230000000000004,17.0,15.23,0.0,LOW-N
c0e6839516f5398edc34adf5f1d53d1a,1.0,1.0,1.0,1.0,235.9,199.0,36.9,0.0,LOW-N
c0f783394e37cd9c9d7f5f81141450fa,2.0,4.5,0.0,0.0,50.0,34.9,15.1,0.0,LOW-N
c113b8df1fc375bc3d73d29c1b1144d1,1.0,4.0,0.0,1.0,76.69,59.0,17.69,0.0,LOW-N
c12b92bf1c350f3e6bf88d3596219c86,9.0,3.111111111111111,0.4444444444444444,0.4444444444444444,327.0588888888889,304.65555555555557,22.403333333333332,0.0,LOW-N
c12d7463a579237ffb9248bd7cff378b,1.0,4.0,0.0,0.0,34.62,25.9,8.72,0.0,LOW-N
c13ef0cfbe42f190780f621ce81f2234,1.0,3.0,0.0,1.0,451.28,390.0,61.28,1.0,LOW-N
c13fb473e7cb8b83ccd543c094df0608,2.0,3.5,0.0,0.5,41.76,27.4,14.36,0.0,LOW-N
c1552b1dab6e6f760950368ae61fb600,2.0,2.5,0.5,1.0,34.345,26.9,7.445,0.0,LOW-N
c157bdeedcbc9a8e3c8bf0d87ff24428,2.0,4.5,0.0,0.0,113.06,92.445,20.615000000000002,0.0,LOW-N
c1849d4d32d7a6cecd5aa471809d3135,3.0,4.333333333333333,0.0,0.0,143.57,129.66,13.910000000000002,0.0,LOW-N
c1d1ebb4745cc43cb6f05e9c8a705c9a,1.0,1.0,1.0,1.0,31.71,12.5,19.21,1.0,LOW-N
c1dde11f12d05c478f5de2d7319ad3b2,1.0,1.0,1.0,1.0,19.89,12.5,7.39,0.0,LOW-N
c1ed9e3daf6154542826a6996af0fb8c,4.0,3.4,0.4,0.2,88.424,70.15,18.274,0.0,LOW-N
c1f12f926d0ba950578b4fa41115cbb6,1.0,3.0,0.0,1.0,104.28,89.9,14.38,1.0,LOW-N
c240c4061717ac1806ae6ee72be3533b,1.0,4.0,0.0,1.0,73.89,59.9,13.99,0.0,LOW-N
c24173065483e421f9e5e7f599de101d,5.0,3.6,0.2,0.4,51.53399999999999,37.59,13.943999999999999,0.0,LOW-N
c26a2be5b53b7db6b276280da212a779,6.0,2.2,0.7,0.8,445.68100000000004,389.0,56.681000000000004,0.0,LOW-N
c26ba52cf8d2f34915f2f6b7ffa0a3f3,1.0,5.0,0.0,0.0,54.03,44.49,9.54,0.0,LOW-N
c273175f7c6c80fb02f051e2fc6d0d72,6.0,2.5,0.5,0.3333333333333333,113.755,94.94333333333334,18.811666666666667,0.0,LOW-N
c286ec035ee04ba81c97508f0b5df544,2.0,2.5,0.5,0.5,282.95,246.5,36.45,0.0,LOW-N
c2bda99904207edd1834f03e0022b007,1.0,1.0,1.0,0.0,54.0,39.9,14.1,0.0,LOW-N
c2d70ce2c5d0a2eb75e78668236e6dc8,5.0,4.4,0.0,0.2,92.42999999999999,79.58,12.85,0.0,LOW-N
c31eff8334d6b3047ed34bebd4d62c36,48.0,3.2708333333333335,0.3333333333333333,0.25,121.90604166666667,103.125625,18.780416666666667,0.16666666666666666,HIGH
c3251e13f1bbda6c74e37c160f991e19,1.0,5.0,0.0,0.0,162.71,147.9,14.81,0.0,LOW-N
c32fc744b9160ac853450488e3cfea93,1.0,1.0,1.0,0.0,31.16,29.9,1.26,0.0,LOW-N
c33847515fa6305ce6feb1e818569f13,66.0,3.635135135135135,0.2702702702702703,0.24324324324324326,162.15094594594592,124.75608108108109,37.39486486486486,0.05405405405405406,HIGH
c33a5c3c983090c8b78a28e65052a20d,4.0,4.0,0.25,0.25,88.23250000000002,69.9,18.3325,0.0,LOW-N
c353f8fc0ce8344999f17d578eb69a5e,1.0,5.0,0.0,0.0,108.66,87.99,20.67,0.0,LOW-N
c35672b10ad50968f567ea3f4b91e877,11.0,4.2727272727272725,0.09090909090909091,0.18181818181818182,84.73363636363636,65.40363636363635,19.33,0.09090909090909091,LOW-N
c35affa65afd250151285c5917fc1c8a,6.0,3.6666666666666665,0.3333333333333333,0.3333333333333333,677.9266666666666,608.3233333333333,69.60333333333334,0.16666666666666666,LOW-N
c360e4787614ed31ac7a2f95d3b22dc6,1.0,2.0,1.0,1.0,218.95000000000002,188.9,30.05,0.0,LOW-N
c37b2059d4f90d4feead554e5246565e,6.0,1.8333333333333333,0.8333333333333334,0.5,58.64000000000001,48.98333333333333,9.656666666666666,0.3333333333333333,LOW-N
c3867b4666c7d76867627c2f7fb22e21,94.0,3.058252427184466,0.4563106796116505,0.34951456310679613,167.60058252427186,147.57572815533982,20.024854368932033,0.17475728155339806,HIGH
c398bc00a606d33758afd91f4e64fd15,1.0,4.0,0.0,1.0,82.95,75.0,7.95,0.0,LOW-N
c3aad7dc65449ae90a5e9c3c6c1e78e0,2.0,4.0,0.0,0.5,112.345,90.0,22.345,0.0,LOW-N
c3acdfac4e3e97ff87529454fbc03642,8.0,3.875,0.125,0.375,1484.70125,1461.5,23.201249999999998,0.125,LOW-N
c3cfdc648177fdbbbb35635a37472c53,68.0,3.7866666666666666,0.24,0.24,150.69133333333332,130.2337333333333,20.4576,0.04,HIGH
c3e1abd72a42fe690fcd89cf5720fe29,3.0,3.6666666666666665,0.3333333333333333,0.0,187.25,171.63666666666666,15.613333333333335,0.0,LOW-N
c3e2398fcc7e581cda2e546557bf6968,1.0,5.0,0.0,0.0,30.130000000000003,14.9,15.23,0.0,LOW-N
c3ee2331a724e6fc02c4b698b57a73f3,2.0,3.0,0.0,1.0,495.96000000000004,449.0,46.96,0.0,LOW-N
c3f5668699a1b04c0fa61ecea1e2bff6,1.0,5.0,0.0,0.0,199.82,140.75,59.07,0.0,LOW-N
c3fe93ba3085f92855c97e57f38c8c05,2.0,5.0,0.0,0.0,59.58,41.95,17.63,0.0,LOW-N
c42fd8e4d47dfb18ce5222f2dd7752f9,2.0,2.0,0.5,0.5,123.845,104.995,18.85,0.5,LOW-N
c447f8dd3ed213f291d65ef074a268eb,3.0,3.0,0.5,0.5,125.27000000000001,110.0,15.27,0.0,LOW-N
c458e2045a8aa8964f8879af03fdcce6,3.0,2.875,0.375,0.25,80.71875,57.49000000000001,23.228749999999998,0.0,LOW-N
c4af86330efa7a2620772227d2d670c9,2.0,4.0,0.0,0.0,1496.615,1399.0,97.615,0.0,LOW-N
c4b911d06343b21dd906651f8101cb49,2.0,1.0,1.0,0.5,70.665,45.49,25.174999999999997,0.0,LOW-N
c4d51195486dc781531876a7d00453d8,7.0,3.4285714285714284,0.14285714285714285,0.0,696.897142857143,663.21,33.68714285714286,0.42857142857142855,LOW-N
c4f7fee5b0db50e87766f5a4d1b1b758,3.0,1.0,1.0,0.6666666666666666,1655.6799999999996,1579.6499999999999,76.02999999999999,0.0,LOW-N
c4fabeea6e569d42d02993bb1f4f1cbc,1.0,1.0,1.0,1.0,87.42,70.0,17.42,0.0,LOW-N
c4fb51fb1c5b7c07bc5e67be6e7e8f6e,7.0,2.75,0.375,0.25,82.75874999999999,54.3625,28.39625,0.25,LOW-N
c500367424994318b9e779ff1ae9a330,1.0,1.0,1.0,0.0,301.34999999999997,279.9,21.45,0.0,LOW-N
c510bc1718f0f2961eaa42a23330681a,7.0,3.857142857142857,0.2857142857142857,0.0,471.1857142857143,439.4357142857143,31.75,0.0,LOW-N
c522be04e020c1e7b79f3acff36513d5,4.0,3.5,0.25,0.0,105.555,94.99000000000001,10.565000000000001,0.0,LOW-N
c52c644cc0dc85121207a27013efc6af,1.0,5.0,0.0,1.0,340.48,198.9,141.58,0.0,LOW-N
c53bcd3be457a342a97e39e5a9f0be22,1.0,1.0,1.0,0.0,163.37,119.9,43.47,0.0,LOW-N
c542f5a8c64d973f30e9df8d06f70b4a,1.0,1.0,1.0,1.0,98.31,81.0,17.31,0.0,LOW-N
c54679b132454625907c773d273d4126,2.0,5.0,0.0,0.0,139.815,129.0,10.815,0.0,LOW-N
c5e60e39c0f42b8e827daa13cff74afa,1.0,3.0,0.0,0.0,23.98,10.5,13.479999999999999,0.0,LOW-N
c5ebe6598748b0aeaa61cfb820478b92,1.0,5.0,0.0,0.0,116.05,106.0,10.05,0.0,LOW-N
c5f7e746b7e6d07def6c0dae9903279b,2.0,4.0,0.0,0.0,204.475,184.0,20.475,0.0,LOW-N
c5f7feb04a6a1fb3596322bfc3cf1917,4.0,3.0,0.5,0.25,243.145,204.5,38.645,0.25,LOW-N
c60b801f2d52c7f7f91de00870882a75,23.0,2.5217391304347827,0.5652173913043478,0.30434782608695654,392.39478260869555,372.73478260869564,19.659999999999997,0.17391304347826086,LOW-N
c6218512d16fcac0af02fe92691cf274,4.0,3.25,0.25,0.5,72.69999999999999,54.25,18.45,0.25,LOW-N
c6381d2d013342748761e906d45aff76,5.0,2.111111111111111,0.7777777777777778,0.7777777777777778,92.98111111111112,76.55555555555556,16.425555555555555,0.0,LOW-N
c64a2aec32cc408a8a4c6d7c46017f91,6.0,3.6666666666666665,0.16666666666666666,0.16666666666666666,390.6616666666667,343.5416666666667,47.120000000000005,0.0,LOW-N
c66dccfb3f109511246da627dd5a2498,21.0,4.619047619047619,0.047619047619047616,0.09523809523809523,300.4985714285714,275.31904761904764,25.179523809523808,0.047619047619047616,LOW-N
c679fb69a36e1d8349e8c50a217b4d58,2.0,2.5,0.5,0.5,63.934999999999995,44.98,18.955,0.0,LOW-N
c68fb906c8f4b4b946d8386bfa6e5467,20.0,4.3,0.15,0.15,112.55849999999998,95.49450000000002,17.064,0.05,LOW-N
c6a7539d424a8402232c2228d7a03c5e,5.0,1.3333333333333333,0.8888888888888888,0.0,63.612222222222236,40.5,23.112222222222222,0.1111111111111111,LOW-N
c6bda72e4dbf5c5866b13cb1810c6d03,17.0,3.9411764705882355,0.17647058823529413,0.17647058823529413,228.8894117647059,209.1588235294118,19.730588235294118,0.058823529411764705,LOW-N
c70a353f02429c00775a46a75fb787da,4.0,5.0,0.0,0.0,59.7675,42.125,17.6425,0.0,LOW-N
c70c1b0d8ca86052f45a432a38b73958,77.0,3.4684684684684686,0.3063063063063063,0.36936936936936937,121.62765765765769,109.40630630630626,12.22135135135135,0.12612612612612611,HIGH
c714262700f93defc16bf17a51a4cb23,2.0,3.0,0.5,0.0,100.97,81.99,18.98,0.0,LOW-N
c716e0b86ed568878475b60fbb6323ad,1.0,5.0,0.0,0.0,50.230000000000004,35.0,15.23,0.0,LOW-N
c72de06d72748d1a0dfb2125be43ba63,9.0,4.0,0.1111111111111111,0.1111111111111111,1148.1711111111113,1095.4444444444443,52.726666666666674,0.0,LOW-N
c731d18cea9bf687ffee82a241c25b11,9.0,2.8181818181818183,0.5454545454545454,0.36363636363636365,135.16090909090912,112.63636363636364,22.524545454545457,0.0,LOW-N
c74f14c1e26cf1bd5bd34b6a1e274426,1.0,5.0,0.0,0.0,55.79,39.0,16.79,0.0,LOW-N
c79151301b9d90985d1fa52879213105,2.0,2.5,0.5,0.0,60.92,47.0,13.92,0.0,LOW-N
c794dab4928dd97beb41d05514441e86,7.0,3.857142857142857,0.14285714285714285,0.0,112.75999999999999,99.38571428571429,13.374285714285715,0.0,LOW-N
c7a0a13cbcf29d5ce51c8f80afdc0b89,4.0,4.25,0.25,0.25,40.4875,23.237499999999997,17.25,0.0,LOW-N
c7b7db6c8f3c64a7cc1afa634db21d50,1.0,1.0,1.0,1.0,1511.86,1489.0,22.86,1.0,LOW-N
c7bb64409aa480bb7d0335faaaf3d242,3.0,1.6666666666666667,0.6666666666666666,0.3333333333333333,44.343333333333334,27.899999999999995,16.443333333333335,0.0,LOW-N
c7c7b2682c648339a0e9846bb1023a39,2.0,4.666666666666667,0.0,0.0,66.56,56.0,10.56,0.0,LOW-N
c7dcd301ecfe5ab7f778ac172cf74be7,4.0,2.5,0.5,0.75,129.9575,114.42249999999999,15.535000000000002,0.0,LOW-N
c7fdb77fdbff3c41981bc52f787e959e,4.0,3.3333333333333335,0.5,0.3333333333333333,83.72333333333333,67.52333333333333,16.2,0.0,LOW-N
c8143b3069f6746a77421b5ce30a450c,1.0,5.0,0.0,0.0,185.88,142.47,43.41,0.0,LOW-N
c826c40d7b19f62a09e2d7c5e7295ee2,128.0,3.5255474452554743,0.31386861313868614,0.21897810218978103,136.74416058394158,121.5919708029197,15.152189781021898,0.11678832116788321,HIGH
c840d3fdbba0790404fdae73d253b253,6.0,4.0,0.1,0.1,421.159,392.613,28.546000000000003,0.0,LOW-N
c8417879a15366a17c30af34c798c332,12.0,4.777777777777778,0.0,0.0,74.42166666666667,61.06111111111112,13.360555555555557,0.05555555555555555,LOW-N
c84592044b180dec206770c38603814b,2.0,4.5,0.0,0.0,37.510000000000005,20.0,17.509999999999998,0.0,LOW-N
c8467937e403e76a8ee9f0ab13f6f5ef,11.0,3.727272727272727,0.2727272727272727,0.18181818181818182,74.07636363636364,55.35454545454545,18.721818181818183,0.09090909090909091,LOW-N
c847e075301870dd144a116762eaff9a,20.0,3.95,0.2,0.25,290.63,267.8999999999999,22.73,0.15,LOW-N
c864036feaab8c1659f65ea4faebe1da,26.0,4.5,0.07692307692307693,0.07692307692307693,203.30923076923077,176.05384615384614,27.255384615384614,0.07692307692307693,LOW-N
c8660dcf9ba70575f45d80fe28c27713,4.0,4.714285714285714,0.0,0.0,62.712857142857146,47.857142857142854,14.855714285714287,0.14285714285714285,LOW-N
c878515173c84a492ebe50d6b493230b,4.0,4.0,0.25,0.0,166.855,145.22,21.635,0.25,LOW-N
c87abc38c8ed3240861729e1aeadf221,1.0,1.0,1.0,1.0,148.68,133.0,15.68,0.0,LOW-N
c88f62b4c386a59281014d677864d016,1.0,1.0,1.0,1.0,1350.5,1099.0,251.5,0.0,LOW-N
c89cf7c468a48af70aada384e722f9e2,3.0,3.3333333333333335,0.3333333333333333,0.3333333333333333,119.54,102.66666666666667,16.873333333333335,0.0,LOW-N
c8b0e2b0a7095e5d8219575d5e7e1181,47.0,3.875,0.22916666666666666,0.16666666666666666,166.18145833333335,148.55354166666666,17.627916666666668,0.08333333333333333,HIGH
c8b3445d737de6befde0c88ede534a5e,12.0,3.2941176470588234,0.4117647058823529,0.4117647058823529,90.97705882352942,75.56058823529412,15.416470588235294,0.058823529411764705,LOW-N
c8c1bea22194a4eefa2dc9a9fa89f536,2.0,5.0,0.0,0.0,81.3925,60.0,21.392500000000002,0.0,LOW-N
c8cc60ffd415254af5d9b9f34f32c369,4.0,4.6,0.0,0.0,77.01400000000001,60.720000000000006,16.294,0.0,LOW-N
c8e135e7b21ecbc36c1153a29d2f5a06,3.0,5.0,0.0,0.0,125.84333333333332,112.96666666666665,12.876666666666665,0.0,LOW-N
c97aa4ee7420f937da13b7f9e2228b99,1.0,1.0,1.0,0.0,36.56,29.9,6.66,0.0,LOW-N
c990d6cf976a5718aaedc539f383ab88,5.0,2.6,0.4,0.6,35.053999999999995,18.7,16.354000000000003,0.4,LOW-N
c9a06ece156bb057372c68718ec8909b,9.0,2.888888888888889,0.4444444444444444,0.3333333333333333,381.9811111111111,343.22222222222223,38.75888888888889,0.0,LOW-N
c9aafcd0621b2207c10e32c649cada4d,23.0,3.5555555555555554,0.3333333333333333,0.2962962962962963,82.4625925925926,61.904074074074074,20.55851851851852,0.07407407407407407,LOW-N
c9c7905cffc4ef9ff9f113554423e671,59.0,3.857142857142857,0.20634920634920634,0.23809523809523808,95.41142857142857,78.19142857142856,17.220000000000006,0.12698412698412698,HIGH
c9d2ba8dde44a275ae06475ed1d2fafc,1.0,5.0,0.0,0.0,43.31,28.79,14.52,0.0,LOW-N
ca3bd7cd9f149df75950150d010fe4a2,31.0,3.1267605633802815,0.38028169014084506,0.38028169014084506,91.37000000000002,68.20112676056338,23.16887323943661,0.028169014084507043,HIGH
ca4b77513ac2040591b0d8fae6958380,6.0,4.142857142857143,0.14285714285714285,0.14285714285714285,139.7857142857143,124.60714285714286,15.178571428571429,0.14285714285714285,LOW-N
ca77545ca4d2dfd1431bf61334e2fa3c,1.0,5.0,0.0,0.0,68.02,52.9,15.12,0.0,LOW-N
ca7c6bd577e559472af1c699de9e764e,2.0,2.3333333333333335,0.6666666666666666,0.0,28.290000000000003,18.5,9.79,0.0,LOW-N
caa9bc43a9fe8cf9c564ddd8a03cc4a6,2.0,5.0,0.0,0.0,86.05999999999999,74.99,11.07,0.0,LOW-N
cab85505710c7cb9b720bceb52b01cee,86.0,4.310344827586207,0.10344827586206896,0.14942528735632185,68.56632183908046,54.957471264367776,13.608850574712642,0.034482758620689655,HIGH
cac4c8e7b1ca6252d8f20b2fc1a2e4af,34.0,2.925,0.4,0.4,69.58225,50.590250000000005,18.992,0.35,HIGH
cac63f48c38cd7d002a7e846dcd99a23,7.0,5.0,0.0,0.0,101.26714285714284,89.18571428571428,12.081428571428571,0.0,LOW-N
cac876b37d3abcd6bd76caca30277996,11.0,4.181818181818182,0.09090909090909091,0.18181818181818182,131.20454545454547,106.35454545454546,24.85,0.0,LOW-N
cad9969167c09b48ae6f1d123f7fa68d,1.0,1.0,1.0,1.0,32.67,19.2,13.47,0.0,LOW-N
cb32766839f443db85c82a43c4a6c19e,1.0,1.0,1.0,1.0,131.51,115.0,16.51,0.0,LOW-N
cb3dd9ce66268c7a3ca7241ac70ab58c,17.0,3.588235294117647,0.29411764705882354,0.35294117647058826,67.67999999999999,51.95058823529411,15.729411764705882,0.11764705882352941,LOW-N
cb41bfbcbda0aea354a834ab222f9a59,7.0,2.857142857142857,0.42857142857142855,0.5714285714285714,376.25714285714287,315.14285714285717,61.11428571428572,0.2857142857142857,LOW-N
cb4a705d00e100b9732d0ca34817d441,1.0,1.0,1.0,1.0,540.28,499.0,41.28,0.0,LOW-N
cb5df0dcb9e280b1780e9d589889f2c7,8.0,1.2,0.9,0.7,221.003,174.68099999999998,46.321999999999996,0.1,LOW-N
cb5ff1b9715e99589f3e0c7a6afab9e3,2.0,3.5,0.0,0.0,30.980000000000004,17.5,13.48,0.0,LOW-N
cb6c9f5888a7a090c75beaf615925792,4.0,3.75,0.25,0.25,83.0375,60.935,22.1025,0.25,LOW-N
cb810bd318f51b3dc3c753944d61a1fa,1.0,4.0,0.0,1.0,1789.02,1750.0,39.02,0.0,LOW-N
cb8bcce248bb1fb274ba762d8b971456,29.0,3.9310344827586206,0.1724137931034483,0.3103448275862069,158.2103448275862,140.42068965517245,17.789655172413795,0.0,LOW-N
cb9fb4ca75d7ba8437480e8dde64fe98,7.0,3.7142857142857144,0.2857142857142857,0.2857142857142857,66.18142857142855,48.81285714285713,17.368571428571432,0.0,LOW-N
cbbd5ae8f53de5f5097cd8217b529e24,1.0,1.0,1.0,1.0,214.09,175.9,38.19,0.0,LOW-N
cbd996ad3c1b7dc71fd0e5f5df9087e2,56.0,3.6575342465753424,0.2602739726027397,0.1780821917808219,56.1786301369863,41.40027397260274,14.778356164383563,0.1232876712328767,HIGH
cbf09e831b0c11f6f23ffb51004db972,5.0,4.2,0.0,0.2,273.10600000000005,237.93999999999997,35.166000000000004,0.0,LOW-N
cc1f04647be106ba74e62b21f358af25,1.0,1.0,1.0,0.0,20.189999999999998,11.9,8.29,0.0,LOW-N
cc3d14116804f7209f3884f6367f1152,16.0,4.631578947368421,0.05263157894736842,0.0,186.94105263157894,167.77894736842106,19.162105263157898,0.05263157894736842,LOW-N
cc419e0650a3c5ba77189a1882b7556a,716.0,3.7277486910994764,0.2526178010471204,0.21465968586387435,74.02273560209424,58.92609947643978,15.096636125654452,0.07722513089005235,HIGH
cc5a78bbad32776dc4e3af205218368c,9.0,4.444444444444445,0.1111111111111111,0.1111111111111111,144.85777777777776,116.28444444444446,28.573333333333338,0.0,LOW-N
cc63f0dd2acba93ffed4fe9f8e0321fa,20.0,3.739130434782609,0.21739130434782608,0.34782608695652173,130.74391304347824,107.7295652173913,23.014347826086958,0.0,LOW-N
cca3071e3e9bb7d12640c9fbe2301306,345.0,3.4663461538461537,0.31009615384615385,0.24759615384615385,98.29043269230769,80.8240625,17.466370192307693,0.07692307692307693,HIGH
ccada0ef508e698917a6eab263375905,2.0,3.5,0.5,0.5,42.45,26.45,16.0,0.0,LOW-N
ccb83a794700270fde70898fe9ff368b,5.0,3.8,0.2,0.4,1072.35,926.4,145.95,0.4,LOW-N
ccc4bbb5f32a6ab2b7066a4130f114e3,55.0,3.9642857142857144,0.21428571428571427,0.14285714285714285,409.2158928571429,381.7714285714286,27.444464285714282,0.125,HIGH
cce6ab8d1682639fe45ab70234f1665f,16.0,4.166666666666667,0.16666666666666666,0.2777777777777778,55.114444444444445,37.733333333333334,17.38111111111111,0.05555555555555555,LOW-N
ccf8813e5a7d6c84d865cd38bfc2b130,8.0,4.5,0.125,0.0,117.80375000000001,102.2375,15.56625,0.0,LOW-N
cd06602b43d8800bd0afad514919d35c,16.0,2.9444444444444446,0.4444444444444444,0.3888888888888889,66.05777777777777,49.82777777777778,16.23,0.1111111111111111,LOW-N
cd3d09fbe6e3e9ff0c0ac0c300e93ae7,5.0,3.4,0.4,0.4,87.402,66.288,21.114,0.2,LOW-N
cd52a8efd71af3336b14b5039b951cc1,3.0,2.3333333333333335,0.3333333333333333,1.0,76.84666666666666,56.93333333333334,19.91333333333333,0.0,LOW-N
cd68562d3f44870c08922d380acae552,63.0,3.4558823529411766,0.3235294117647059,0.20588235294117646,164.81720588235294,147.21176470588236,17.60544117647059,0.2647058823529412,HIGH
cd6efc47efaabf134f8bdb654e10b4f1,18.0,4.368421052631579,0.10526315789473684,0.05263157894736842,141.7042105263158,122.84,18.864210526315787,0.15789473684210525,LOW-N
cd843d4cf8ef32827de0396605163ba3,2.0,4.0,0.0,0.5,590.0550000000001,394.0,196.055,0.0,LOW-N
cda598c48d7c614bc1cad7d8ff6f0010,7.0,4.0,0.0,0.42857142857142855,79.47285714285714,62.05714285714286,17.415714285714287,0.0,LOW-N
ce20a2ec1514c25e16f2b5b39bc818f0,1.0,5.0,0.0,0.0,58.34,41.0,17.34,0.0,LOW-N
ce248b21cb2adc36282ede306b7660e5,19.0,3.526315789473684,0.3157894736842105,0.3684210526315789,241.74105263157895,213.47894736842105,28.262105263157896,0.3157894736842105,LOW-N
ce27a3cc3c8cc1ea79d11e561e9bebb6,58.0,3.4153846153846152,0.3384615384615385,0.35384615384615387,78.47092307692307,63.065538461538466,15.405384615384616,0.0,HIGH
ce4755084bc097113867e6454f8f5e52,1.0,5.0,0.0,0.0,31.689999999999998,18.9,12.79,0.0,LOW-N
ce616e1913288884e7742faac9d981db,7.0,4.666666666666667,0.0,0.5,27.899999999999995,18.59166666666667,9.308333333333332,0.08333333333333333,LOW-N
ce69a8021d18961dd2a40269b7c2c293,4.0,3.0,0.5,0.0,185.6275,159.195,26.432499999999997,0.25,LOW-N
ce7d1888639e6fb06b2749cbfdac1ff7,25.0,3.1785714285714284,0.4642857142857143,0.17857142857142858,179.44642857142853,143.3532142857143,36.09321428571428,0.14285714285714285,LOW-N
cea729054f157f5870bdd321a958d994,8.0,4.0,0.2222222222222222,0.2222222222222222,107.40444444444444,95.12222222222222,12.282222222222222,0.0,LOW-N
ceaec5548eefc6e23e6607c5435102e7,86.0,3.8181818181818183,0.2159090909090909,0.17045454545454544,287.7905681818182,256.3814772727273,31.40909090909091,0.045454545454545456,HIGH
cecd97bc34ed8330bd4cd15713eda670,1.0,1.0,1.0,0.0,76.5,57.99,18.51,0.0,LOW-N
cee48807215b30a12ca2ca10ffb5f250,19.0,3.05,0.4,0.25,211.737,186.90700000000004,24.83,0.15,LOW-N
cf1313c6e2c01c2f4b014f97db4bcd2b,2.0,5.0,0.0,0.0,74.5,58.95,15.55,0.5,LOW-N
cf2384dd2f1dddea3f838efed0945e65,8.0,3.625,0.25,0.375,162.735,135.28750000000002,27.447499999999998,0.0,LOW-N
cf281cf8b7affbdfe751b29cc85580e1,1.0,1.0,1.0,1.0,90.23,64.9,25.33,0.0,LOW-N
cf654707ed6a99f112c7ec3d6f314b8b,1.0,5.0,0.0,0.0,197.19,189.0,8.19,0.0,LOW-N
cf6f6bc4df3999b9c6440f124fb2f687,1.0,5.0,0.0,0.0,12.22,3.5,8.72,0.0,LOW-N
cf8ab1616079e2793aa29d524df01bb1,7.0,1.7142857142857142,0.8571428571428571,0.5714285714285714,1682.3885714285714,1599.0,83.38857142857141,0.14285714285714285,LOW-N
cfa5ab0e4d3fc212fd0b3410e7081c62,8.0,3.5,0.375,0.375,304.05375000000004,224.36625,79.6875,0.0,LOW-N
cfb1a033743668a192316f3c6d1d2671,68.0,3.5238095238095237,0.30952380952380953,0.2261904761904762,94.52059523809525,76.47440476190475,18.04619047619047,0.11904761904761904,HIGH
cfd7ddab722b902f7ac5b5f3ba6d723d,7.0,4.25,0.25,0.0,267.78875,218.97,48.818749999999994,0.0,LOW-N
cfe94489ddd337d1e29e12f2a7205d10,5.0,3.3333333333333335,0.2222222222222222,0.0,110.66444444444444,99.0,11.664444444444444,0.5555555555555556,LOW-N
d03698c2efd04a549382afa6623e27fb,6.0,4.0,0.14285714285714285,0.5714285714285714,666.5742857142859,617.4185714285715,49.15571428571429,0.0,LOW-N
d05ae8f7a5bd1d2a690a44cd079e4e27,29.0,2.7096774193548385,0.5483870967741935,0.2903225806451613,173.71096774193546,158.93548387096774,14.775483870967737,0.12903225806451613,LOW-N
d06d019f72a04e5497a0b64190af170c,4.0,4.0,0.25,0.25,189.995,177.5,12.495000000000001,0.0,LOW-N
d0d70d21e2234dd7cd3cf63fe414148a,3.0,3.25,0.25,0.25,105.04499999999999,72.425,32.62,0.0,LOW-N
d101c6da914ae3d53f7bee42283f2fe2,9.0,3.7142857142857144,0.2857142857142857,0.2857142857142857,83.39928571428571,67.61428571428571,15.785000000000002,0.07142857142857142,LOW-N
d12c926d74ceff0a90a21184466ce161,29.0,3.2790697674418605,0.32558139534883723,0.3953488372093023,56.00604651162792,41.54465116279071,14.461395348837208,0.023255813953488372,LOW-N
d13e50eaa47b4cbe9eb81465865d8cfc,12.0,4.666666666666667,0.08333333333333333,0.08333333333333333,152.78250000000003,137.99583333333334,14.786666666666667,0.08333333333333333,LOW-N
d1582f4043306e6b91afa6a8a884f898,3.0,3.3333333333333335,0.3333333333333333,0.3333333333333333,123.0,110.0,13.0,0.3333333333333333,LOW-N
d17f467e4bf608a510c20d82f4ba3b6b,2.0,4.0,0.0,0.5,296.23,235.16500000000002,61.065,0.0,LOW-N
d197aa8fbc64087f61984deef05f6227,1.0,5.0,0.0,0.0,61.44,34.9,26.54,0.0,LOW-N
d1a5cc844736958c11b8efab9a2b4c87,1.0,1.0,1.0,1.0,254.01,237.6,16.41,1.0,LOW-N
d1b65fc7debc3361ea86b5f14c68d2e2,21.0,4.545454545454546,0.09090909090909091,0.09090909090909091,344.67636363636365,308.0031818181817,36.67318181818183,0.0,LOW-N
d1b9d4be4b6f9ebd85f8acd6745ba612,4.0,3.5,0.25,0.5,118.1225,102.7925,15.33,0.0,LOW-N
d1c281d3ae149232351cd8c8cc885f0d,98.0,3.4245283018867925,0.3490566037735849,0.1792452830188679,135.4895283018868,113.20698113207546,22.282547169811323,0.07547169811320754,HIGH
d1c7fa84e48cfa21a0e595167c1c500e,5.0,3.6,0.4,0.0,99.52799999999999,76.25,23.278,0.0,LOW-N
d1e2fe627180431ffda076abb303c56f,1.0,1.0,1.0,0.0,298.05,289.0,9.05,0.0,LOW-N
d1ef48b38baca7e831711c4a0aeb398f,9.0,4.6,0.0,0.1,51.113,30.069,21.044,0.1,LOW-N
d20b021d3efdf267a402c402a48ea64b,37.0,3.1333333333333333,0.37777777777777777,0.3333333333333333,57.26288888888889,42.26866666666667,14.994222222222225,0.2222222222222222,HIGH
d23019c84ffae2d5ef2270367b8605fc,20.0,4.2,0.1,0.1,1010.9145000000001,933.3100000000001,77.6045,0.05,LOW-N
d2374cbcbb3ca4ab1086534108cc3ab7,241.0,3.2823920265780733,0.36212624584717606,0.33554817275747506,50.80043189368771,35.70152823920266,15.098903654485047,0.06976744186046512,HIGH
d2572f31e9023e9850ef986a636ff9bf,1.0,5.0,0.0,0.0,305.69,279.0,26.69,0.0,LOW-N
d25aa0aaacb370e912f8cf6efeba38b3,10.0,4.461538461538462,0.07692307692307693,0.15384615384615385,163.63846153846154,129.7915384615385,33.846923076923076,0.07692307692307693,LOW-N
d29ba1220fb8634fa3a107e54497b8a4,6.0,2.6666666666666665,0.5,0.5,116.96666666666665,97.495,19.471666666666668,0.0,LOW-N
d2df77822373f19934e87694d8640767,2.0,3.0,0.5,0.5,98.2,77.95,20.25,0.0,LOW-N
d2e753bb80b7d4faa77483ed00edc8ca,11.0,3.5,0.16666666666666666,0.3333333333333333,112.20916666666666,83.575,28.634166666666662,0.0,LOW-N
d2f3e277560ed4c6361284429b00f037,1.0,4.0,0.0,0.0,20.3,5.2,15.1,0.0,LOW-N
d32e3909cfb714fb2a6cb092c85b9c5f,6.0,3.7142857142857144,0.2857142857142857,0.2857142857142857,310.9057142857143,289.4714285714286,21.434285714285714,0.2857142857142857,LOW-N
d354c38a7182125a748cb10474fe963b,8.0,4.333333333333333,0.0,0.2222222222222222,86.78000000000002,70.88111111111112,15.898888888888889,0.0,LOW-N
d3674f271c91f824f82d24d92011f669,4.0,2.75,0.5,0.5,137.15,114.9,22.25,0.25,LOW-N
d379f449f2a3b271bc01c0782020f705,14.0,3.7333333333333334,0.26666666666666666,0.2,132.51466666666667,98.56666666666666,33.948,0.06666666666666667,LOW-N
d3891911c2feae53c52fea2bd14054e5,1.0,5.0,0.0,0.0,76.39,69.0,7.39,0.0,LOW-N
d3dcf0604eabf0224fbd5948b5e02f69,4.0,2.5,0.5,0.25,286.5775,267.175,19.4025,0.75,LOW-N
d3f39f05462b79a4562d35893a28f159,12.0,2.5625,0.625,0.1875,79.65812500000001,65.3375,14.320625,0.25,LOW-N
d4828feed4cda2cd9d6b37899a95a71e,1.0,2.0,1.0,1.0,62.11,39.9,22.21,0.0,LOW-N
d4910f1cdcfdabd48d6b316e395d4a23,3.0,5.0,0.0,0.0,113.745,95.28,18.465,0.0,LOW-N
d4a5e99e0dd915df64ba55a7fbd583fd,1.0,1.0,1.0,0.0,21.55,7.45,14.1,0.0,LOW-N
d4d99b60c4c94cd35acd502cec65dc8d,1.0,3.0,0.0,1.0,87.29,72.9,14.39,0.0,LOW-N
d4e12e7884759a14fa0f5f896c791cae,12.0,4.6923076923076925,0.07692307692307693,0.07692307692307693,60.110769230769236,45.76153846153845,14.349230769230768,0.0,LOW-N
d4e4b5192cba4e0e66eb12a9d347239d,4.0,3.5,0.25,0.25,57.2175,41.15,16.067500000000003,0.0,LOW-N
d4f117125b59ce73c3302f88ee40c458,3.0,5.0,0.0,0.0,62.56333333333333,49.99,12.573333333333332,0.0,LOW-N
d4f91e8be86b38da2ee35bc489645a9d,1.0,5.0,0.0,0.0,61.160000000000004,49.99,11.17,0.0,LOW-N
d4ffeb15b67e81ff9af2b4252d99fb7e,3.0,4.0,0.0,0.6666666666666666,140.47666666666666,102.63333333333333,37.843333333333334,0.0,LOW-N
d50d79cb34e38265a8649c383dcffd48,30.0,3.8333333333333335,0.16666666666666666,0.16666666666666666,195.89033333333333,165.8233333333333,30.067000000000007,0.1,HIGH
d51e0a403fe2e689ece6c73359d96e12,6.0,4.4,0.1,0.3,317.313,299.0,18.313,0.0,LOW-N
d558ebe531605a1285ab2b1bc3256dfb,1.0,4.0,0.0,0.0,313.72,285.0,28.72,0.0,LOW-N
d566c37fa119d5e66c4e9052e83ee4ea,21.0,4.521739130434782,0.08695652173913043,0.13043478260869565,88.56521739130434,75.76956521739133,12.795652173913044,0.043478260869565216,LOW-N
d57e18d5f73c7ccb7f7339b61166898d,28.0,4.241379310344827,0.13793103448275862,0.1724137931034483,66.26482758620689,49.34827586206898,16.916551724137932,0.034482758620689655,LOW-N
d594982fd877af63ace38ea1fca27c76,3.0,4.0,0.3333333333333333,0.0,49.02,36.093333333333334,12.926666666666668,0.0,LOW-N
d5b9a084373da994a6e37f732169a853,4.0,3.75,0.25,0.0,246.95749999999998,224.75,22.2075,0.0,LOW-N
d5ba419e26d246a0719437cf37d9b46d,17.0,3.388888888888889,0.2777777777777778,0.3888888888888889,118.45944444444447,102.61666666666669,15.842777777777778,0.1111111111111111,LOW-N
d5c530f4884a75ae0dba9c148718d278,3.0,1.6666666666666667,0.8333333333333334,0.6666666666666666,56.78000000000001,37.57333333333334,19.20666666666667,0.0,LOW-N
d624126b9206f595fb3fbb6ba03b28a8,12.0,4.25,0.0,0.0625,264.37687500000004,244.6125,19.764375,0.0625,LOW-N
d63c73efd41eb002280e7ec831424edb,2.0,4.0,0.0,0.0,2883.295,2799.0,84.29499999999999,0.0,LOW-N
d63f306de130e0391d38a792541723b8,1.0,5.0,0.0,0.0,56.6,49.0,7.6,0.0,LOW-N
d650b663c3b5f6fb392b6326366efa9a,29.0,4.0344827586206895,0.20689655172413793,0.13793103448275862,322.27413793103443,306.44827586206895,15.825862068965517,0.10344827586206896,LOW-N
d65f31d2413268e671989503f6cf9993,2.0,1.0,1.0,1.0,186.65,162.9333333333333,23.71666666666667,0.0,LOW-N
d66c11a9572221d92fbb8c4897db5f9b,5.0,4.2,0.0,0.0,76.772,55.908,20.863999999999997,0.0,LOW-N
d66c305afaec317ebee552073a674429,15.0,4.277777777777778,0.1111111111111111,0.4444444444444444,141.40666666666667,111.5438888888889,29.862777777777783,0.0,LOW-N
d673a59aac7a70d8b01e6902bf090a11,26.0,3.4444444444444446,0.3333333333333333,0.37037037037037035,70.83259259259259,50.75296296296297,20.07962962962963,0.037037037037037035,LOW-N
d6ab728cf30867cf3f1a2e216ae2f9b7,6.0,4.166666666666667,0.16666666666666666,0.16666666666666666,150.275,131.5,18.775000000000002,0.0,LOW-N
d6b1ce66b035a475f00c017792ff9769,33.0,3.7209302325581395,0.3023255813953488,0.27906976744186046,123.44488372093024,104.79976744186047,18.64511627906977,0.11627906976744186,HIGH
d6b664fa0667064c6d76394e7848d790,2.0,4.5,0.0,0.0,1037.99,992.5,45.489999999999995,0.5,LOW-N
d6cd01c59123df02fc226eadbadb5f89,1.0,5.0,0.0,1.0,86.15,69.9,16.25,0.0,LOW-N
d71d863e5ef30d94e440c11be17dcd8f,17.0,3.227272727272727,0.4090909090909091,0.6818181818181818,415.41090909090906,392.1818181818182,23.22909090909091,0.13636363636363635,LOW-N
d73cbd89533ce8b041a9190241453ac8,3.0,3.6666666666666665,0.3333333333333333,0.0,98.68,82.9,15.780000000000001,0.0,LOW-N
d7485b33791774c36108f8c69602d48d,2.0,2.5,0.5,0.0,72.905,49.989999999999995,22.915,0.0,LOW-N
d79e8478eed9999493990b44955fb22e,3.0,3.6666666666666665,0.3333333333333333,0.3333333333333333,187.58333333333334,169.29999999999998,18.28333333333333,0.0,LOW-N
d7ab82074b5f1dfba46db123df101bff,1.0,5.0,0.0,0.0,27.990000000000002,12.89,15.1,0.0,LOW-N
d7b2377bae6ace1b11fc69a11900ac36,1.0,1.0,1.0,0.0,95.21000000000001,79.9,15.31,1.0,LOW-N
d8b8f2cf9ff6ba0389072541cb42498c,1.0,5.0,0.0,0.0,169.01,149.0,20.01,0.0,LOW-N
d8c7ba53e7e38711eaef8c2849d6d2e1,5.0,4.4,0.0,0.0,124.71599999999998,91.998,32.717999999999996,0.0,LOW-N
d8cf3b6a2151949f930d0252b180ec42,4.0,2.0,0.75,0.75,57.695833333333326,33.449999999999996,24.245833333333326,0.0,LOW-N
d8d9567d0bfb0bc7eb845a205ba42657,3.0,3.0,0.3333333333333333,0.3333333333333333,33.32,18.23333333333333,15.086666666666668,0.6666666666666666,LOW-N
d8dd176509baa37f359644d082bf7f7b,2.0,1.5,1.0,0.0,114.95,99.0,15.95,1.0,LOW-N
d90fe2229fee1a5da999ccd0c06c1667,1.0,5.0,0.0,0.0,244.34,220.0,24.34,0.0,LOW-N
d91fb3b7d041e83b64a00a3edfb37e4f,231.0,3.674897119341564,0.27983539094650206,0.27983539094650206,97.22699588477367,79.5538683127572,17.67312757201646,0.06995884773662552,HIGH
d921b68bf747894be13a97ae52b0f386,31.0,4.451612903225806,0.0967741935483871,0.12903225806451613,237.35612903225805,214.27419354838705,23.08193548387097,0.03225806451612903,HIGH
d93844a9c55ba7ce353388bcf849ea56,4.0,3.8333333333333335,0.16666666666666666,0.5,197.80000000000004,163.23333333333332,34.56666666666667,0.3333333333333333,LOW-N
d93919c944be9cff128f6c9cb899eacb,18.0,3.6666666666666665,0.2777777777777778,0.16666666666666666,109.72666666666666,78.7888888888889,30.937777777777782,0.2222222222222222,LOW-N
d9442042130b7fe579d1295f9f4a248f,8.0,4.5,0.125,0.125,45.20375,33.1475,12.05625,0.125,LOW-N
d94a40fd42351c259927028d163af842,44.0,3.62,0.26,0.28,164.6492,129.306,35.343199999999996,0.06,HIGH
d94ba08b99bedd6a5f6c875ecc4a6fac,4.0,4.6,0.0,0.2,77.25,59.9,17.35,0.0,LOW-N
d97df38225e5abadaff1e72cb72b823c,16.0,3.4375,0.375,0.0,66.40812500000001,49.75,16.658125,0.25,LOW-N
d98eec89afa3380e14463da2aabaea72,47.0,3.576923076923077,0.2692307692307692,0.19230769230769232,57.579038461538474,39.70365384615385,17.87538461538461,0.019230769230769232,HIGH
d9a84e1403de8da0c3aa531d6d108ba6,21.0,4.318181818181818,0.13636363636363635,0.09090909090909091,37.970454545454544,25.963636363636354,12.006818181818177,0.09090909090909091,LOW-N
d9bd94811c3338dceb4181f3dbc0c73e,10.0,4.733333333333333,0.06666666666666667,0.0,135.67066666666668,123.36399999999999,12.306666666666668,0.2,LOW-N
d9c349beabc06aa6ff1c6d68b5e9e22e,1.0,5.0,0.0,0.0,205.64999999999998,168.1,37.55,0.0,LOW-N
d9cb0052a666de5308b32f32ad5f1b1c,2.0,3.0,0.5,0.5,95.535,83.15,12.385,0.0,LOW-N
d9cd369bffa979d1634f8e1318bf2f1b,2.0,5.0,0.0,0.0,257.62,234.0,23.619999999999997,0.0,LOW-N
d9d43faf741ceaa8da52fdbb81d9e0e3,3.0,2.25,0.75,0.25,62.83250000000001,28.25,34.582499999999996,0.0,LOW-N
d9e7e7778b32987280a6f2cb9a39c57d,6.0,2.0,0.625,0.75,63.49999999999999,44.775,18.725,0.375,LOW-N
d9e8c084b68fe958861d8f2c21202e6b,2.0,2.0,0.6666666666666666,0.0,934.43,911.6666666666666,22.763333333333335,0.0,LOW-N
da03c298e3999e9d828591fc2179d109,2.0,5.0,0.0,0.0,164.51333333333335,156.16666666666666,8.346666666666666,0.0,LOW-N
da20530872245d6cd9d2f5725613c430,1.0,5.0,0.0,0.0,136.09,110.48,25.61,0.0,LOW-N
da2782c804606d2a5d8e1760dbb3e7ec,1.0,1.0,1.0,1.0,103.37,89.0,14.37,1.0,LOW-N
da3fede3469bf49b7293ce3fc45b294d,1.0,5.0,0.0,0.0,57.69,44.9,12.79,0.0,LOW-N
da4d149c0ddbac90557103ac0a0ec356,1.0,3.0,0.0,1.0,775.98,730.0,45.98,0.0,LOW-N
da6a60cc8cc724fe51be021ff8be779c,4.0,4.5,0.0,0.5,76.215,58.150000000000006,18.064999999999998,0.0,LOW-N
da7039f29f90ce5b4846ffc0fcc93beb,4.0,4.0,0.25,0.0,83.2825,68.075,15.2075,0.25,LOW-N
da8622b14eb17ae2831f4ac5b9dab84a,496.0,3.6125984251968504,0.28818897637795277,0.2031496062992126,127.31987401574804,110.05017322834644,17.26970078740157,0.10551181102362205,HIGH
dace965ca58120f92f8d742a9fa1864b,2.0,3.5,0.5,0.0,217.89999999999998,199.0,18.9,0.0,LOW-N
dadc51ef321949ec9a3ab25cd902e23d,1.0,1.0,1.0,0.0,99.34,85.0,14.34,0.0,LOW-N
daeb5653dd96c1b11860f72209795012,16.0,3.0625,0.4375,0.1875,71.67875,55.775,15.903749999999999,0.125,LOW-N
daf565f087a52def0fd5c5825b3661bc,5.0,2.8,0.6,0.4,126.66199999999999,88.82000000000001,37.842,0.0,LOW-N
db1f0f7c7e5e87f40b62226f020bb297,2.0,5.0,0.0,0.0,40.11,15.01,25.1,0.0,LOW-N
db2956745b3a8e9f3785c99f34b5d25e,14.0,3.5,0.2857142857142857,0.21428571428571427,190.95285714285714,172.57142857142858,18.381428571428575,0.0,LOW-N
db4350fd57ae30082dec7acbaacc17f9,64.0,3.63768115942029,0.2463768115942029,0.3188405797101449,37.28028985507247,22.353478260869565,14.9268115942029,0.07246376811594203,HIGH
db46ca7bce82b11f7e247539271fc390,5.0,4.2,0.2,0.2,73.67399999999999,60.69200000000001,12.982,0.0,LOW-N
db7ed69a53aa9fb1c01930ba54a88bbe,1.0,5.0,0.0,0.0,120.78,109.0,11.78,0.0,LOW-N
dbb9b48c841a0e39e21f98e1a6b2ec3e,39.0,3.8666666666666667,0.2222222222222222,0.13333333333333333,75.62955555555557,62.78755555555555,12.842,0.044444444444444446,HIGH
dbbcfe2c8d026742134ac3e28ccde274,2.0,3.0,0.5,0.5,28.82,17.35,11.47,0.0,LOW-N
dbc22125167c298ef99da25668e1011f,151.0,3.8719512195121952,0.1951219512195122,0.1402439024390244,97.83512195121952,78.54170731707315,19.29341463414634,0.04878048780487805,HIGH
dbd66278cbfe1aa1000f90a217ca4695,27.0,4.612903225806452,0.03225806451612903,0.06451612903225806,68.7090322580645,52.76129032258065,15.947741935483876,0.0,LOW-N
dbdd0ec73a4817971d962698f2fea022,8.0,4.0,0.25,0.25,496.28125,399.0,97.28125,0.125,LOW-N
dbec9a0a7efeff029d4d9dce7dc4cc95,1.0,5.0,0.0,0.0,459.92,410.0,49.92,0.0,LOW-N
dc120d932ddf9d4dfb6fd68beefda622,1.0,1.0,1.0,1.0,144.44,130.0,14.44,0.0,LOW-N
dc317f341ab0e22f39acbd9dbf9b4a1f,25.0,3.7142857142857144,0.2857142857142857,0.17857142857142858,354.84714285714296,297.4892857142857,57.35785714285714,0.10714285714285714,LOW-N
dc4a0fc896dc34b0d5bfec8438291c80,109.0,3.26890756302521,0.35294117647058826,0.2689075630252101,130.69563025210084,110.09218487394958,20.603445378151264,0.09243697478991597,HIGH
dc50afafdfa325eadc890c7fa42a8f4e,2.0,5.0,0.0,0.0,83.2,68.9,14.3,0.0,LOW-N
dc7192adf8ba09569261f4a8d576afe0,4.0,3.0,0.6,0.6,145.276,123.4,21.875999999999998,0.0,LOW-N
dc8798cbf453b7e0f98745e396cc5616,30.0,3.2,0.4,0.4,51.58685714285714,39.017142857142865,12.569714285714289,0.05714285714285714,HIGH
dcf3755cefcdc158ad0b7bdde51e871b,1.0,5.0,0.0,0.0,113.11000000000001,89.9,23.21,0.0,LOW-N
dd264199fc8b687ad029de7de6d760e6,1.0,5.0,0.0,0.0,108.60000000000001,87.9,20.7,0.0,LOW-N
dd2bdf855a9172734fbc3744021ae9b9,48.0,3.673469387755102,0.24489795918367346,0.32653061224489793,139.37081632653062,120.71632653061222,18.654489795918366,0.10204081632653061,HIGH
dd39ad39b5d3df33037e141c72497ba6,1.0,5.0,0.0,0.0,125.85000000000001,110.9,14.95,0.0,LOW-N
dd4d95ba2d15c071e6c695e2ef6ce169,1.0,4.0,0.0,0.0,498.14,437.0,61.14,0.0,LOW-N
dd533b429f380718b70ad9922c294bae,23.0,3.3846153846153846,0.2692307692307692,0.19230769230769232,103.16923076923078,75.56076923076922,27.60846153846154,0.11538461538461539,LOW-N
dd55f1bb788714a40e7954c3be6df745,7.0,2.7142857142857144,0.42857142857142855,0.42857142857142855,248.15857142857138,230.59285714285718,17.565714285714286,0.2857142857142857,LOW-N
dd58ee93286b0821565574c570e9e1dc,1.0,5.0,0.0,0.0,735.0,699.0,36.0,0.0,LOW-N
dd7ddc04e1b6c2c614352b383efe2d36,51.0,3.15625,0.34375,0.265625,80.22203125,59.872812499999995,20.34921875,0.140625,HIGH
ddd51ae8cda92f3995a51fc0f0f3eec7,1.0,5.0,0.0,0.0,31.419999999999998,16.9,14.52,0.0,LOW-N
de09d00cfc265b8804c7df34075a68fa,3.0,3.3333333333333335,0.3333333333333333,0.3333333333333333,275.99,261.3333333333333,14.656666666666666,0.0,LOW-N
de0c78824586e9a5f5f04fd84e25df39,6.0,3.875,0.25,0.0,156.91875,144.8125,12.10625,0.0,LOW-N
de23c3b98a88888289c6f5cc1209054a,54.0,3.810344827586207,0.22413793103448276,0.20689655172413793,151.14413793103446,135.49741379310345,15.646724137931036,0.1206896551724138,HIGH
de66a66f2dd06bb9ec37aa96987466a3,4.0,4.0,0.25,0.25,58.56,44.165000000000006,14.395,0.0,LOW-N
de722cd6dad950a92b7d4f82673f8833,129.0,3.933333333333333,0.21333333333333335,0.23333333333333334,174.68653333333333,149.44133333333335,25.245199999999997,0.04,HIGH
de9727ca376d1be6ec121b110aa7954c,6.0,3.625,0.375,0.375,117.8675,98.8875,18.979999999999997,0.0,LOW-N
deaadd805612bf94faaa9fa702516e11,1.0,1.0,1.0,0.0,65.11,50.0,15.11,0.0,LOW-N
debe6615cd90cc0c2eac2b8988e1f628,2.0,4.5,0.0,0.0,85.73,64.9,20.83,0.0,LOW-N
dee656f0f566ed1aa85bd137c943f08f,36.0,4.277777777777778,0.08333333333333333,0.1111111111111111,88.6675,70.78055555555557,17.886944444444442,0.08333333333333333,HIGH
df0f42bc4c2142eacf0eaf2cffd0cfbb,2.0,3.0,0.5,0.5,121.045,104.0,17.045,0.0,LOW-N
df47da4ae86fa4db890d05aaf24e21d8,2.0,3.0,0.5,0.5,77.0,58.9,18.1,0.0,LOW-N
df560393f3a51e74553ab94004ba5c87,13.0,3.4615384615384617,0.23076923076923078,0.3076923076923077,173.40615384615387,149.20769230769235,24.19846153846154,0.15384615384615385,LOW-N
df56d7b40d437f88407c5f78b63bc328,9.0,3.4545454545454546,0.36363636363636365,0.0,134.02636363636364,116.45363636363636,17.572727272727278,0.0,LOW-N
df683dfda87bf71ac3fc63063fba369d,1.0,1.0,1.0,1.0,55.95,39.9,16.05,1.0,LOW-N
df91910b6a03bb2e3358fa6a35e32f6f,6.0,4.333333333333333,0.16666666666666666,0.16666666666666666,186.6783333333333,161.9333333333333,24.745,0.0,LOW-N
dfa0c4c6229ab200a4a1336b4d7128ff,30.0,3.3055555555555554,0.3888888888888889,0.1111111111111111,64.32111111111111,43.658333333333346,20.662777777777777,0.05555555555555555,HIGH
dfc475d54e1b6dbeeb7d7d9bdaa63827,8.0,3.5555555555555554,0.3333333333333333,0.4444444444444444,112.39222222222222,89.81777777777776,22.574444444444442,0.1111111111111111,LOW-N
dfc5fb7259bb2b599ca565e6e9448f0f,16.0,3.5294117647058822,0.17647058823529413,0.29411764705882354,209.57529411764705,185.87411764705882,23.701176470588237,0.11764705882352941,LOW-N
dff87e4de60c9736ce8df835951b09bc,1.0,1.0,1.0,1.0,516.1,499.0,17.1,0.0,LOW-N
e00d85ce20ea50c1224c66ca5050527d,1.0,4.0,0.0,0.0,157.3,149.0,8.3,0.0,LOW-N
e067ad2c1c0b48758eb1b5228bcf7a68,25.0,4.103448275862069,0.1724137931034483,0.13793103448275862,93.23103448275863,76.4241379310345,16.806896551724137,0.10344827586206896,LOW-N
e06f09ec0a4aca210779cf1cfc63cf19,12.0,3.3333333333333335,0.3333333333333333,0.3333333333333333,230.54583333333335,214.25,16.295833333333334,0.08333333333333333,LOW-N
e0878efa0e0b7e5313ac0b43bc04c081,14.0,2.6,0.6,0.3333333333333333,198.50799999999998,179.90000000000003,18.607999999999997,0.2,LOW-N
e09887ca8c7bf8a4621ce481820414ef,2.0,1.0,1.0,0.5,51.71,39.99,11.719999999999999,0.5,LOW-N
e0a366315b1b726b6c7832d664c0f530,14.0,4.111111111111111,0.16666666666666666,0.1111111111111111,149.32944444444445,136.07222222222222,13.25722222222222,0.1111111111111111,LOW-N
e0eabded302882513ced4ea3eb0c7059,3.0,4.666666666666667,0.0,0.3333333333333333,206.97000000000003,192.96666666666667,14.003333333333332,0.0,LOW-N
e1643dff33666ca629e3644c02738179,1.0,5.0,0.0,0.0,40.39,33.0,7.39,0.0,LOW-N
e174dc2de86d60fee178170a154c05e7,1.0,1.0,1.0,1.0,33.9,19.8,14.1,0.0,LOW-N
e1a210d482714ce337763a19aef94ba4,1.0,1.0,1.0,0.0,76.50999999999999,49.9,26.61,0.0,LOW-N
e1b12447a7563944843191754aeb5562,1.0,1.0,1.0,1.0,42.97,29.5,13.47,0.0,LOW-N
e1bed63d68ac36fe1f3061befe196af5,1.0,5.0,0.0,0.0,217.0,199.0,18.0,0.0,LOW-N
e1c76f339ebd5460999f25a2aa8c92c5,1.0,5.0,0.0,0.0,928.6999999999999,899.9,28.8,0.0,LOW-N
e1dc0754bada9ee4cfe9713f22f61292,2.0,1.0,1.0,1.0,121.33,95.0,26.33,0.0,LOW-N
e21a1e8be4715b0fcfd5385643bc49c4,5.0,2.5,0.6666666666666666,0.5,47.51833333333334,29.900000000000002,17.61833333333333,0.0,LOW-N
e24d3429d294b2eb200b064ebb035879,10.0,4.076923076923077,0.15384615384615385,0.0,107.84692307692306,89.66923076923078,18.177692307692308,0.0,LOW-N
e24fc9fcd865784fb25705606fe3dfe7,21.0,4.095238095238095,0.19047619047619047,0.14285714285714285,286.95047619047614,269.42857142857144,17.52190476190476,0.047619047619047616,LOW-N
e250d617a0ad591ba9bd663e584a895d,3.0,1.75,0.9166666666666666,0.4166666666666667,61.689166666666665,48.041666666666664,13.647499999999999,0.0,LOW-N
e256a62e0ac58c0edfba09966142d561,5.0,4.0,0.16666666666666666,0.16666666666666666,108.32666666666665,88.0,20.326666666666664,0.0,LOW-N
e26901d5ab434ce92fd9b5c256820a4e,86.0,3.6122448979591835,0.2653061224489796,0.23469387755102042,65.85295918367348,52.379591836734676,13.473367346938776,0.030612244897959183,HIGH
e2a1ac9bf33e5549a2a4f834e70df2f8,4.0,4.75,0.0,0.0,3038.0724999999998,2999.89,38.1825,0.0,LOW-N
e2aee0892199b1d92530e371abd825bf,17.0,3.4,0.35,0.4,174.671,129.8145,44.8565,0.1,LOW-N
e2c92f9c1c7746d899d18f2e158bbff7,5.0,3.2,0.4,0.0,150.1,122.66,27.439999999999998,0.0,LOW-N
e333046ce6517bd8bb510291d44f0130,27.0,4.071428571428571,0.14285714285714285,0.17857142857142858,125.73464285714284,107.03571428571429,18.69892857142857,0.0,LOW-N
e38db885400cd35c71dfd162f2c1dbcf,11.0,4.454545454545454,0.09090909090909091,0.0,85.07363636363638,64.89999999999999,20.173636363636366,0.18181818181818182,LOW-N
e3a386fc36e22064434e1fa256f6a9fa,9.0,4.3,0.1,0.2,52.299,40.269999999999996,12.029000000000002,0.2,LOW-N
e3b4998c7a498169dc7bce44e6bb6277,3.0,2.6666666666666665,0.6666666666666666,0.3333333333333333,2371.5633333333335,2299.2999999999997,72.26333333333334,0.0,LOW-N
e3dd723429d1b23614b7fa85e2c7a853,2.0,2.0,0.6666666666666666,0.0,65.58666666666666,48.32333333333333,17.263333333333332,0.0,LOW-N
e3e15e2c0b9700561efac21c6be48066,2.0,3.0,0.3333333333333333,0.3333333333333333,36.10666666666666,24.416666666666668,11.69,0.0,LOW-N
e3e290b38963293022cdcd6db8328103,2.0,2.5,0.5,0.0,55.11,37.9,17.21,0.0,LOW-N
e439f7176d763f92de325271111b2fd5,4.0,5.0,0.0,0.25,206.71750000000003,178.25,28.4675,0.0,LOW-N
e48b04bf1aa1ef711caebeb7aede6180,6.0,4.333333333333333,0.16666666666666666,0.16666666666666666,155.06666666666666,129.33333333333331,25.73333333333333,0.0,LOW-N
e48cc16ab70bfa09e1401740dce0b3d7,8.0,2.8,0.5,0.2,81.381,65.09,16.291,0.2,LOW-N
e49c26c3edfa46d227d5121a6b6e4d37,12.0,4.0,0.16666666666666666,0.25,94.8875,70.80916666666666,24.078333333333333,0.0,LOW-N
e4ebd3f87bf70440014f07ddda7fbe03,4.0,4.75,0.0,0.0,116.4425,96.625,19.8175,0.25,LOW-N
e4f121bf6ef8b9a1d4d3e65dd0473fab,1.0,1.0,1.0,0.0,48.230000000000004,30.0,18.23,1.0,LOW-N
e4fc40017a6d22c46a14ac2e17f87c3e,2.0,3.0,0.5,0.5,217.03499999999997,129.0,88.035,0.0,LOW-N
e504a4e2efaa45cbff7e268a2c58c956,6.0,3.0,0.5,0.5,123.69500000000001,99.89999999999999,23.794999999999998,0.16666666666666666,LOW-N
e51f22821f0c12a16ad5c020cdcd55e9,1.0,5.0,0.0,0.0,235.7,215.0,20.7,0.0,LOW-N
e53d5b9b29d1218281f4a907ada18626,1.0,4.0,0.0,0.0,62.93,40.71,22.22,0.0,LOW-N
e546117ed9cafbc40239c0c78635c584,1.0,5.0,0.0,0.0,236.86,228.0,8.86,0.0,LOW-N
e5475dcab1e07b63d7f6e902d8f5eda8,6.0,4.166666666666667,0.16666666666666666,0.3333333333333333,45.721666666666664,33.833333333333336,11.888333333333334,0.0,LOW-N
e560e4022d8f7aebf155db95946c5c0f,2.0,5.0,0.0,0.0,435.105,390.0,45.105000000000004,0.0,LOW-N
e5899683388855d3dabe8913bbe365de,2.0,4.0,0.0,0.0,168.39999999999998,146.92,21.48,0.0,LOW-N
e58a5b390e28abc0b216cfb0e07d27d7,2.0,5.0,0.0,0.0,215.565,194.45,21.115000000000002,0.0,LOW-N
e595809a6c31ec4314fd06ef198c244d,1.0,5.0,0.0,1.0,57.230000000000004,39.0,18.23,0.0,LOW-N
e59aa562b9f8076dd550fcddf0e73491,22.0,3.9285714285714284,0.17857142857142858,0.14285714285714285,402.0457142857144,374.51785714285717,27.527857142857147,0.07142857142857142,LOW-N
e59e489e2ea74bd409b798b5daf49de3,3.0,2.2,0.4,0.2,116.35200000000002,99.0,17.352000000000004,0.0,LOW-N
e5a3438891c0bfdb9394643f95273d8e,84.0,3.238095238095238,0.4,0.20952380952380953,42.47304761904763,29.260000000000005,13.213047619047618,0.23809523809523808,HIGH
e5a38146df062edaf55c38afa99e42dc,55.0,3.473684210526316,0.2982456140350877,0.3157894736842105,142.45000000000002,127.36561403508772,15.08438596491228,0.08771929824561403,HIGH
e5bd51692380fd8cabb19b756b95e714,1.0,1.0,1.0,1.0,51.75,39.9,11.85,1.0,LOW-N
e5c84227854980f1db19a58958c551d9,2.0,4.5,0.0,0.0,29.480000000000004,12.75,16.73,0.0,LOW-N
e5cbe890e679490127e9a390b46bbd20,2.0,4.5,0.0,0.0,468.855,454.495,14.36,0.0,LOW-N
e5d4b2b0c3bca22085f7a19a28de0c42,1.0,4.0,0.0,0.0,91.28999999999999,75.0,16.29,0.0,LOW-N
e5e33c0d8e7e002f398f5dc4cbbb338f,13.0,3.923076923076923,0.15384615384615385,0.15384615384615385,257.97461538461533,228.6384615384615,29.336153846153845,0.15384615384615385,LOW-N
e5f9e61ceb5f523cc966e0f34095032f,1.0,1.0,1.0,1.0,475.01,449.0,26.01,1.0,LOW-N
e601b04acf48b4576e73ddca9481f0dc,9.0,4.0,0.2222222222222222,0.2222222222222222,40.21666666666667,27.94,12.276666666666666,0.0,LOW-N
e603cf3fec55f8697c9059638d6c8eb5,4.0,3.75,0.25,0.25,40.885,27.0,13.885000000000002,0.0,LOW-N
e627629ba868740e287800f1a9be81c2,4.0,4.5,0.0,0.25,71.0425,59.35,11.6925,0.0,LOW-N
e628d4a53c109f09ca88098338b3a3f5,1.0,1.0,1.0,1.0,343.9,285.0,58.9,0.0,LOW-N
e62b2d6ac10570a035a30bafcf01d263,23.0,3.0,0.4444444444444444,0.25925925925925924,102.0537037037037,86.60740740740741,15.446296296296298,0.18518518518518517,LOW-N
e63e8bfa530fb16910dd6956e592bb81,14.0,4.0,0.2,0.0,48.10599999999999,30.69999999999999,17.406,0.06666666666666667,LOW-N
e644cbadf7eeb30d0d29f335ce7d52ec,3.0,4.2,0.0,0.4,113.19800000000001,93.99,19.208000000000002,0.0,LOW-N
e64d65bc8dbec2accda90c58de5d1246,8.0,2.375,0.625,0.625,157.05124999999998,137.4,19.651249999999997,0.5,LOW-N
e6a69c4a27dfdd98ffe5aa757ad744bc,13.0,3.125,0.4375,0.3125,132.583125,113.52437499999999,19.05875,0.0,LOW-N
e6ffc9ac6a7adc9d16a1cfc2286dd546,1.0,1.0,1.0,1.0,43.28,34.99,8.29,0.0,LOW-N
e70053bf73d1b5863932e53a9fa47496,4.0,4.75,0.0,0.0,623.9449999999999,606.25,17.695,0.0,LOW-N
e72b4feb7abe210c52aa667abc25a3a2,1.0,5.0,0.0,0.0,27.82,19.1,8.72,0.0,LOW-N
e732329483fd5f27367dd997b47f598a,1.0,5.0,0.0,0.0,144.47,109.9,34.57,0.0,LOW-N
e73bf2cea7fe4b0b4d287a7568ed1099,1.0,5.0,0.0,0.0,125.9,109.9,16.0,0.0,LOW-N
e7d5b006eb624f13074497221eb37807,13.0,2.5128205128205128,0.46153846153846156,0.41025641025641024,60.48923076923078,50.43307692307693,10.056153846153846,0.05128205128205128,LOW-N
e7df4cd29ab5abab70fb0783ddb53987,9.0,3.7777777777777777,0.2222222222222222,0.2222222222222222,342.76,328.3888888888889,14.371111111111112,0.2222222222222222,LOW-N
e7f3bf1ecd8526eb7f3b18059e6716e5,3.0,3.0,0.5,0.0,58.705000000000005,46.322500000000005,12.3825,0.0,LOW-N
e819bcfade7b5d88a27325eb6cfd62c5,2.0,1.8,0.8,0.8,35.00999999999999,20.3,14.709999999999999,0.0,LOW-N
e81e1f9c3e762e620f3fb60a51499e16,7.0,3.75,0.25,0.0,336.29125,304.75,31.541249999999998,0.25,LOW-N
e83c76265fc54bf41eac728805e4da77,3.0,2.6666666666666665,0.3333333333333333,0.3333333333333333,38.86,27.899999999999995,10.96,0.0,LOW-N
e84ad2127668df3aafc6b73531a0beb8,4.0,3.8333333333333335,0.16666666666666666,0.16666666666666666,40.12166666666667,29.0,11.121666666666668,0.0,LOW-N
e88165a185134e13fdfc85d4fa654db8,2.0,3.0,0.5,0.0,74.61,54.0,20.61,0.5,LOW-N
e882b2a25a10b9c057cc49695f222c19,18.0,4.5,0.1111111111111111,0.0,1143.3244444444442,1092.9327777777778,50.391666666666666,0.0,LOW-N
e883aa812c37a7413226856f4579fe91,9.0,3.0833333333333335,0.3333333333333333,0.08333333333333333,130.21583333333334,113.2333333333333,16.982499999999998,0.0,LOW-N
e88c9b79e592e370d6bd852eeefbf057,3.0,5.0,0.0,0.0,59.38333333333333,44.26333333333333,15.12,0.0,LOW-N
e88f7a2995ba184710d339c5c4bf2e30,2.0,5.0,0.0,0.0,143.755,125.8,17.955,0.0,LOW-N
e89c4adbe7b1d0819dbb636e16461cf1,11.0,3.5,0.25,0.4166666666666667,133.17749999999998,114.375,18.8025,0.16666666666666666,LOW-N
e8a85b5f3df47be0984c55fd4064dbb4,1.0,5.0,0.0,0.0,22.710000000000004,15.0,7.71,0.0,LOW-N
e8b3a3a38279a82f0e5d006d5e5b7d2c,37.0,3.024390243902439,0.43902439024390244,0.3170731707317073,161.52390243902437,141.07073170731707,20.453170731707317,0.04878048780487805,HIGH
e8b4225284fbb02d16f200513f1f395d,11.0,3.8181818181818183,0.09090909090909091,0.36363636363636365,246.30090909090904,214.07818181818183,32.22272727272727,0.0,LOW-N
e8dba4d70f7f2b20e775d09cae01142d,4.0,4.0,0.25,0.0,135.99,116.24000000000001,19.75,0.25,LOW-N
e8f6dc8e6a1dcde89d20e3995c8d90b3,19.0,2.896551724137931,0.4827586206896552,0.06896551724137931,95.70724137931035,45.79655172413794,49.91068965517241,0.034482758620689655,LOW-N
e9511df20ccd82658a30c37b7fb343af,8.0,4.333333333333333,0.1111111111111111,0.1111111111111111,90.9088888888889,69.05555555555556,21.853333333333335,0.0,LOW-N
e96498ed8daaa3e9c23f7a62da76591c,15.0,3.533333333333333,0.3333333333333333,0.2,277.45533333333333,254.28466666666657,23.17066666666667,0.13333333333333333,LOW-N
e9729944ba65dc3ce425e0c5a22ae7b2,3.0,4.0,0.0,0.0,275.28333333333336,259.26666666666665,16.016666666666666,0.3333333333333333,LOW-N
e9779976487b77c6d4ac45f75ec7afe9,266.0,3.7929936305732483,0.22929936305732485,0.21337579617834396,74.79732484076433,61.40789808917198,13.389426751592358,0.07961783439490445,HIGH
e99e927c81e3f51739c94fcdfca9f10f,8.0,2.3333333333333335,0.6666666666666666,0.3333333333333333,112.38000000000001,88.71333333333334,23.666666666666668,0.1111111111111111,LOW-N
e9bc59e7b60fc3063eb2290deda4cced,92.0,3.638655462184874,0.29411764705882354,0.2605042016806723,144.57352941176467,126.52268907563025,18.050840336134453,0.17647058823529413,HIGH
e9c6969d40e6a3d2d0f90013165c2b98,3.0,3.6666666666666665,0.3333333333333333,0.0,682.6733333333333,657.3333333333334,25.34,0.0,LOW-N
e9d99831abad74458942f21e16f33f92,48.0,3.6037735849056602,0.2641509433962264,0.1320754716981132,45.711698113207554,32.47773584905661,13.233962264150945,0.11320754716981132,HIGH
e9e446d01bd10a97a8ffcfc4a3a20cb2,1.0,1.0,1.0,0.0,16.29,8.9,7.39,0.0,LOW-N
ea00f977a203ff88adf7057cb7806998,9.0,3.5555555555555554,0.2222222222222222,0.2222222222222222,31.60555555555556,21.76777777777778,9.837777777777779,0.1111111111111111,LOW-N
ea1776927851da2532aa70d6a32c095a,2.0,3.0,0.5,0.5,159.54,141.95,17.59,0.0,LOW-N
ea4e9ce63a2134743b4a92777437fcdd,2.0,4.666666666666667,0.0,0.0,105.98666666666666,89.23333333333333,16.753333333333334,0.0,LOW-N
ea566164622c6b439516ab18062c42cd,27.0,3.2142857142857144,0.39285714285714285,0.39285714285714285,289.1671428571429,270.7635714285714,18.40357142857143,0.32142857142857145,LOW-N
ea65d8b58316a6f2362f2a9e4b3e86ad,2.0,4.0,0.25,0.25,172.3625,155.15,17.2125,0.0,LOW-N
ea67327e24487bdfac5fbfa37ea124df,15.0,3.4375,0.3125,0.4375,183.31125,153.52875,29.7825,0.0625,LOW-N
ea6b12bf9ffe2bac34602ec631d97a47,6.0,4.0,0.16666666666666666,0.16666666666666666,144.3733333333333,127.76666666666665,16.606666666666666,0.0,LOW-N
ea8482cd71df3c1969d7b9473ff13abc,498.0,3.5861423220973783,0.2883895131086142,0.2846441947565543,46.57619850187265,31.07161048689138,15.504588014981271,0.10861423220973783,HIGH
eaaa46e98c9e61f6764dd1d7a2ab8b3e,1.0,5.0,0.0,0.0,125.64,98.0,27.64,0.0,LOW-N
ead2bab70821ea148476ae9bc08548ac,4.0,3.25,0.25,0.25,53.845,44.900000000000006,8.945,0.0,LOW-N
eaf6d55068dea77334e8477d3878d89e,1.0,5.0,0.0,0.0,35.230000000000004,17.0,18.23,0.0,LOW-N
eb3071b9f0b0ddaa2df5ea130f09f26b,4.0,4.5,0.0,0.0,587.2975,535.0,52.2975,0.25,LOW-N
eb4df17aed01d918c65f0f8d650900c0,3.0,3.3333333333333335,0.3333333333333333,0.0,367.17333333333335,345.65333333333336,21.52,0.3333333333333333,LOW-N
eb5b6204dde3a6e03b5f1bb8479f055b,8.0,3.3333333333333335,0.3333333333333333,0.3333333333333333,32.85333333333333,18.407777777777778,14.445555555555554,0.1111111111111111,LOW-N
eb72802c83dc7547529c9546d1a9b8ef,4.0,4.25,0.25,0.25,118.79999999999998,103.49000000000001,15.31,0.0,LOW-N
eb9cd5b35d95206585e2185318cb5c61,1.0,1.0,1.0,0.0,211.28,190.0,21.28,0.0,LOW-N
eba88037e1dca898cd02881f67ced679,2.0,5.0,0.0,0.0,151.235,131.65,19.585,0.0,LOW-N
ebd1417732defaf66c50b5a800eb293e,1.0,5.0,0.0,0.0,325.33,309.0,16.33,0.0,LOW-N
ebd2d60905fb58271facef5596b620d3,37.0,3.736842105263158,0.2631578947368421,0.21052631578947367,120.94157894736844,99.86789473684212,21.073684210526313,0.05263157894736842,HIGH
ebef8d8c92b4fd3226e5d407bbff21ac,1.0,1.0,1.0,1.0,87.9,69.9,18.0,1.0,LOW-N
ec21206b7894c503788a684a7bc822a6,1.0,1.0,1.0,1.0,155.63,139.9,15.73,0.0,LOW-N
ec2e006556300a79a5a91e4876ab3a56,3.0,1.4285714285714286,1.0,0.14285714285714285,21.05,12.900000000000002,8.15,0.42857142857142855,LOW-N
ec4608a1f76453166bb312b2968aeaf4,12.0,2.1153846153846154,0.6923076923076923,0.5384615384615384,61.63038461538462,35.10923076923077,26.521153846153844,0.15384615384615385,LOW-N
ec5c1d94df153d473b37f880977ae58e,1.0,1.0,1.0,0.0,66.14,43.29,22.85,0.0,LOW-N
ec80e49e69745ab6c14f984bf2149423,5.0,3.4,0.2,0.2,349.102,331.6,17.502000000000002,0.2,LOW-N
ec8879960bd2221d5c32f8e12f7da711,19.0,4.157894736842105,0.15789473684210525,0.21052631578947367,144.25842105263158,119.68947368421054,24.568947368421053,0.21052631578947367,LOW-N
ec933281fb017b5020d06df29c3f77e8,1.0,5.0,0.0,0.0,186.43,169.0,17.43,0.0,LOW-N
ecccfa2bb93b34a3bf033cc5d1dcdc69,13.0,2.176470588235294,0.5882352941176471,0.4117647058823529,85.54352941176471,71.6964705882353,13.847058823529412,0.23529411764705882,LOW-N
ececbfcff9804a2d6b40f589df8eef2b,40.0,3.697674418604651,0.2558139534883721,0.13953488372093023,80.9486046511628,61.26837209302325,19.680232558139533,0.18604651162790697,HIGH
ed4311e67debd72b8610a5347a743087,9.0,3.9,0.2,0.4,160.999,136.3,24.699000000000005,0.0,LOW-N
ed46f1eb4a638113deb2a1137b5f22e9,1.0,1.0,1.0,0.0,1203.68,1150.0,53.68,0.0,LOW-N
ed49da7cadefc454d6a67de249eab240,2.0,3.0,0.5,0.5,32.915,21.5,11.415,0.0,LOW-N
ed4acab38528488b65a9a9c603ff024a,11.0,2.6666666666666665,0.5833333333333334,0.25,242.77916666666667,230.73999999999992,12.039166666666667,0.08333333333333333,LOW-N
ed859002ad59dbf8cf3602696a6c3000,6.0,3.9166666666666665,0.25,0.3333333333333333,210.11749999999998,189.3166666666667,20.80083333333333,0.0,LOW-N
ed8cb7b190ceb6067227478e48cf8dde,10.0,2.8333333333333335,0.5833333333333334,0.3333333333333333,48.49583333333333,33.54083333333333,14.955,0.0,LOW-N
ed9eef5be0992d413d251fadba1a410d,1.0,5.0,0.0,0.0,59.419999999999995,44.9,14.519999999999998,0.0,LOW-N
edb1ef5e36e0c8cd84eb3c9b003e486d,39.0,4.0,0.17777777777777778,0.15555555555555556,370.1542222222222,348.7022222222222,21.451999999999998,0.08888888888888889,HIGH
edc518ba25576a0188a0e8f2c3af186f,2.0,5.0,0.0,0.0,359.3866666666666,303.23999999999995,56.14666666666667,0.0,LOW-N
edd066cd02126d7800f9b66e980e9931,2.0,5.0,0.0,0.0,245.73499999999999,204.85,40.885,0.5,LOW-N
eddd1991bd6d9309995a480c39b95137,1.0,1.0,1.0,1.0,325.86,265.0,60.86,0.0,LOW-N
ede0c03645598cdfc63ca8237acbe73d,21.0,3.0,0.42857142857142855,0.42857142857142855,62.5095238095238,48.632380952380956,13.877142857142857,0.42857142857142855,LOW-N
edf96ef93ed595084bbcbd9224bd2894,7.0,3.0,0.5,0.25,162.42000000000002,136.375,26.045,0.0,LOW-N
ee2fbacc2fc3794e656cc4d933d59ce7,1.0,5.0,0.0,0.0,166.14000000000001,149.99,16.15,0.0,LOW-N
eeb6de78f79159600292e314a77cbd18,42.0,4.209302325581396,0.11627906976744186,0.13953488372093023,575.1555813953489,543.8132558139536,31.34232558139535,0.046511627906976744,HIGH
eebb3372362aa9a46975164bed19a7e7,4.0,2.2,0.6,0.0,88.972,73.99,14.982,0.4,LOW-N
eed78ac17f7f795a19a709745f00cd4e,8.0,3.5,0.3181818181818182,0.5454545454545454,83.33045454545457,67.93636363636364,15.394090909090913,0.0,LOW-N
ef0ace09169ac090589d85746e3e036f,47.0,4.019607843137255,0.21568627450980393,0.23529411764705882,134.1221568627451,116.8686274509804,17.253529411764706,0.09803921568627451,HIGH
ef2fbc2b607d8492bcffe657a4645434,10.0,2.909090909090909,0.45454545454545453,0.36363636363636365,64.83818181818182,49.53636363636363,15.301818181818179,0.18181818181818182,LOW-N
ef30892870c278497523264be1be2241,1.0,5.0,0.0,0.0,58.050000000000004,46.2,11.85,0.0,LOW-N
ef506c96320abeedfb894c34db06f478,140.0,3.54421768707483,0.2925170068027211,0.2789115646258503,44.46877551020408,28.12727891156462,16.341496598639456,0.10884353741496598,HIGH
ef728fa1f17436c91ed1ccd03dcf9631,2.0,3.6666666666666665,0.0,0.6666666666666666,36.44,23.599999999999998,12.839999999999998,0.0,LOW-N
ef990a83bbea832f36ebe81376335aa8,15.0,2.2666666666666666,0.6,0.4666666666666667,147.88466666666667,126.77333333333337,21.111333333333334,0.4,LOW-N
ef9952469137ff190bacafe117f51537,2.0,5.0,0.0,0.0,207.01,190.74,16.27,0.0,LOW-N
efb628aa07c8ca93d7db0d85b91a4f5a,1.0,4.0,0.0,1.0,262.1,204.0,58.1,1.0,LOW-N
efcd8d2104f1a05d028af7bad20d974b,17.0,3.8823529411764706,0.11764705882352941,0.058823529411764705,65.90764705882351,49.70294117647059,16.204705882352947,0.0,LOW-N
efff9341f3f8f5237b44ff67ed36a7bf,1.0,5.0,0.0,0.0,238.41,219.0,19.41,0.0,LOW-N
f00e21b1e91a79653163b7fd8f293ff1,9.0,3.3333333333333335,0.3333333333333333,0.2222222222222222,128.21666666666667,110.45555555555556,17.761111111111106,0.0,LOW-N
f021c962aaba8ef6eb527a9c2c8394d1,3.0,5.0,0.0,0.0,627.1866666666666,602.9,24.286666666666665,0.0,LOW-N
f049a72cf58fd31b11f8919cade515e7,1.0,1.0,1.0,1.0,66.99,62.5,4.49,0.0,LOW-N
f0563bacf40c311f1c4d3d6b67b8a7a7,1.0,1.0,1.0,0.0,1227.78,1199.0,28.78,0.0,LOW-N
f0837c8d71434931d9e38e7b79234797,12.0,4.666666666666667,0.0,0.0,368.8966666666667,335.75,33.14666666666667,0.08333333333333333,LOW-N
f08a5b9dd6767129688d001acafc21e5,7.0,4.777777777777778,0.0,0.1111111111111111,676.9811111111111,648.2155555555556,28.765555555555554,0.4444444444444444,LOW-N
f08c008c8a8d31417763738a1788a2a8,12.0,2.4615384615384617,0.5384615384615384,0.46153846153846156,79.37384615384615,58.05384615384615,21.319999999999997,0.07692307692307693,LOW-N
f09b760d23495ac9a7e00d29b769007c,1.0,4.0,0.0,0.0,39.09,21.9,17.19,0.0,LOW-N
f0b47fbbc6dee9aafe415a6e33051b3f,25.0,3.46875,0.34375,0.125,62.2315625,44.876875,17.354687499999997,0.125,LOW-N
f0e103c63864d5405b958d984b6e94c9,4.0,5.0,0.0,0.0,78.58500000000001,64.875,13.709999999999999,0.0,LOW-N
f0ec6a2adb05c62655a26dd347b8dede,1.0,1.0,1.0,0.0,43.39,36.0,7.39,0.0,LOW-N
f114dca2828bf718548db175ebe2cfcd,1.0,1.0,1.0,1.0,152.99,139.0,13.99,0.0,LOW-N
f1198c871e0171278b63f40d112caeec,1.0,5.0,0.0,0.0,283.88,249.9,33.98,0.0,LOW-N
f125f3a310c2e5f822d116147de1e474,8.0,4.0,0.125,0.125,153.22625,136.8125,16.41375,0.125,LOW-N
f12d3c2a14729ae461b920c11fe20fdc,3.0,5.0,0.0,0.0,36.056666666666665,26.05,10.006666666666668,0.0,LOW-N
f12ff17ad8bbf01ec5c33b17e506649b,10.0,3.0,0.4,0.1,249.4,225.7,23.7,0.3,LOW-N
f18112da765e0971ca5d510dec322bdd,1.0,4.0,0.0,0.0,217.8,158.9,58.9,0.0,LOW-N
f181738b150df1f37cb0bd72e705b193,11.0,4.090909090909091,0.09090909090909091,0.09090909090909091,218.52636363636364,180.25454545454545,38.271818181818176,0.09090909090909091,LOW-N
f19516b9ff26bfeb091b30108db4ddbd,4.0,2.0,0.75,0.5,194.6725,167.175,27.4975,0.0,LOW-N
f1b854361f4e15d5851b494df66f22b2,1.0,1.0,1.0,0.0,419.94,299.95,119.99,0.0,LOW-N
f1b93673502375d491780bb49d615dbc,3.0,1.0,1.0,1.0,342.682,304.61600000000004,38.065999999999995,0.2,LOW-N
f1c1ac3f3efc07e659c035008e615e66,2.0,1.8,0.8,0.0,447.86400000000003,419.0,28.863999999999997,0.0,LOW-N
f1ed6bd0a9b11b581f16c851c6a5a527,4.0,3.25,0.25,0.0,107.72500000000001,92.35249999999999,15.3725,0.25,LOW-N
f1fd5ab1181f827ffad998c1a5de7d74,6.0,4.666666666666667,0.0,0.3333333333333333,415.405,361.3333333333333,54.071666666666665,0.0,LOW-N
f205b1a3ca9a34e0f8a228bae6e4c7b3,4.0,5.0,0.0,0.25,188.76,136.0,52.760000000000005,0.0,LOW-N
f214d28e8d8e3ef068748498ccc2f813,16.0,3.2222222222222223,0.3888888888888889,0.3333333333333333,49.21,36.49000000000001,12.719999999999999,0.16666666666666666,LOW-N
f22a247b79dd22ecd91dc8e3b2a1b07c,3.0,4.0,0.0,0.3333333333333333,54.623333333333335,39.99,14.633333333333333,0.0,LOW-N
f2336e113377dd21c744d9c4fc8293a9,2.0,4.0,0.0,0.5,699.05,652.0,47.05,0.0,LOW-N
f235413f677777a0738ff215d0184901,1.0,5.0,0.0,0.0,628.35,595.99,32.36,0.0,LOW-N
f25e239052084705e17a982bc600ab2a,3.0,3.3333333333333335,0.3333333333333333,0.6666666666666666,1602.17,1525.3333333333333,76.83666666666666,0.0,LOW-N
f262cbc1c910c83959f849465454ddd3,78.0,3.5176470588235293,0.3411764705882353,0.23529411764705882,58.273647058823535,45.70635294117646,12.567294117647057,0.12941176470588237,HIGH
f266295f49a28eee21f413e0cbb0521d,1.0,5.0,0.0,0.0,108.10000000000001,89.9,18.2,0.0,LOW-N
f27e33c6d29b5138fa9967bcd445b6d5,46.0,3.9,0.24,0.2,121.194,103.32199999999997,17.872,0.1,HIGH
f3055483058c84d75ca2a3314fb4deef,1.0,1.0,1.0,1.0,103.28999999999999,67.5,35.79,0.0,LOW-N
f326006815956455b2859abd58fe7e39,5.0,4.8,0.0,0.0,359.706,307.572,52.134,0.0,LOW-N
f3295428338a40977a03f555246a70f4,4.0,2.5,0.5,0.5,47.1375,29.6475,17.490000000000002,0.25,LOW-N
f356c348fbc8df6a882823e21f5ce8b7,1.0,1.0,1.0,0.0,109.58,97.59,11.99,0.0,LOW-N
f35b3c613c4f7b2275f4185d0a3c59ec,4.0,4.0,0.25,0.25,575.9925000000001,558.385,17.6075,0.25,LOW-N
f35becee938e982bd615edf8ef12bcfb,4.0,4.25,0.25,0.25,41.050000000000004,27.197499999999998,13.852500000000001,0.0,LOW-N
f3b80352b986ab4d1057a4b724be19d0,35.0,3.7142857142857144,0.2857142857142857,0.2,161.03057142857142,134.83428571428573,26.196285714285718,0.0,HIGH
f3c38ab652836d21de61fb8314b69182,3.0,4.0,0.3333333333333333,0.0,155.62333333333333,137.0,18.62333333333333,0.0,LOW-N
f3da5b2ff499efb8d4a6d371d175d7dd,32.0,3.46875,0.34375,0.25,59.58625000000001,45.7221875,13.8640625,0.15625,HIGH
f410c8873029fcc3809b9df6d0b28914,1.0,5.0,0.0,0.0,144.15,129.9,14.25,0.0,LOW-N
f419677537694f0462a91990df6ca44f,4.0,3.5,0.25,0.0,58.18,42.925,15.254999999999999,0.25,LOW-N
f41ce2e25237f9092cd8e6e7516c7a2f,6.0,4.0,0.16666666666666666,0.16666666666666666,81.53500000000001,69.14999999999999,12.385,0.0,LOW-N
f435898e493ba0356019a0b1cb8b55b1,5.0,3.6666666666666665,0.16666666666666666,0.16666666666666666,79.15166666666667,61.528333333333336,17.62333333333333,0.0,LOW-N
f43827dd686be3a4a80e00aa299990fb,1.0,2.0,1.0,1.0,62.870000000000005,47.77,15.1,0.0,LOW-N
f44b6f775a2b390380e0e30b5c9d3eee,4.0,5.0,0.0,0.0,228.045,201.5,26.544999999999998,0.0,LOW-N
f44bdc12aa39f5271f0b95f66cd4c289,2.0,1.75,1.0,0.25,24.095,15.149999999999999,8.945,0.0,LOW-N
f45122a9ab94eb4f3f8953578bc0c560,99.0,3.704761904761905,0.2761904761904762,0.24761904761904763,114.5567619047619,98.65533333333333,15.90142857142857,0.09523809523809523,HIGH
f457c46070d02cadd8a68551231220dd,90.0,2.93859649122807,0.43859649122807015,0.32456140350877194,97.58201754385964,81.20701754385965,16.375000000000004,0.10526315789473684,HIGH
f46490624488d3ff7ce78613913a7711,41.0,2.6666666666666665,0.5416666666666666,0.375,89.32604166666665,69.89979166666667,19.42625,0.08333333333333333,HIGH
f4a04f7be452aa3bb31760bf00055dd0,5.0,4.6,0.0,0.2,86.346,75.35999999999999,10.986,0.0,LOW-N
f4aba7c0bca51484c30ab7bdc34bcdd1,43.0,3.4565217391304346,0.34782608695652173,0.34782608695652173,39.1604347826087,25.44391304347827,13.716521739130439,0.10869565217391304,HIGH
f4c4daa86e30c7e5a553a8d518ac03a5,9.0,3.0,0.4444444444444444,0.3333333333333333,353.03111111111116,332.62222222222226,20.408888888888885,0.0,LOW-N
f4ce8ca9fa7157e3b33f536ac9a4487d,1.0,5.0,0.0,0.0,208.07,159.9,48.17,0.0,LOW-N
f4db9b37944bcb8873e6b456ee190bbf,6.0,4.428571428571429,0.0,0.14285714285714285,174.32285714285715,152.84714285714287,21.475714285714282,0.0,LOW-N
f524ad65d7e0f1daab730ef2d2e86196,1.0,1.0,1.0,0.0,304.75,289.0,15.75,1.0,LOW-N
f52c2422904463fdd7741f99045fecb6,5.0,5.0,0.0,0.0,76.78666666666668,62.33166666666667,14.454999999999998,0.0,LOW-N
f5403d3f50089112c4eed37928b7f622,2.0,1.0,1.0,0.5,111.6,95.4,16.2,0.0,LOW-N
f543ba3c973276f519d89d59bd46cead,1.0,1.0,1.0,1.0,206.98000000000002,129.0,77.98,0.0,LOW-N
f593898ec748b7a8cb81fc04edafd98a,11.0,3.230769230769231,0.38461538461538464,0.3076923076923077,152.65153846153845,120.72153846153846,31.930000000000003,0.0,LOW-N
f5a590cf36251cf1162ea35bef76fe84,49.0,3.843137254901961,0.23529411764705882,0.27450980392156865,504.90156862745107,468.15274509803925,36.748823529411766,0.1568627450980392,HIGH
f5b44895715ddfe3087dc414f30268f3,10.0,3.7,0.3,0.1,36.414,20.78,15.633999999999997,0.0,LOW-N
f5b84683a9bf9e1df748cf40f601b39c,1.0,5.0,0.0,0.0,92.97,83.9,9.07,0.0,LOW-N
f5f1f2c5f923f36ad79ea1d07185ddc9,3.0,1.0,1.0,0.75,188.23000000000002,171.29500000000002,16.935,0.0,LOW-N
f5f2ab9bdb6b30c14c61be68c5ed37da,8.0,4.25,0.125,0.25,122.97874999999999,103.6725,19.30625,0.25,LOW-N
f5f46307a4d15880ca14fab4ad9dfc9b,5.0,4.0,0.2,0.0,222.81800000000004,195.596,27.222,0.2,LOW-N
f6122bc84774df1b372bdb3bb88ddb9f,2.0,3.0,0.5,0.5,1601.15,1574.99,26.16,0.5,LOW-N
f615fe7efbef0f4f08fd3086bc7a3e60,11.0,4.083333333333333,0.25,0.25,105.47250000000001,87.74083333333333,17.731666666666666,0.08333333333333333,LOW-N
f61c63d13f7cd800549d5acdd390ae72,9.0,3.4444444444444446,0.2222222222222222,0.4444444444444444,151.98,137.4111111111111,14.568888888888889,0.1111111111111111,LOW-N
f626e15b7314c267e4429010866f70e9,2.0,2.5,0.5,0.5,49.474999999999994,28.775,20.7,0.0,LOW-N
f62d7bb4a613ec758a03342d46b580b2,12.0,4.083333333333333,0.16666666666666666,0.08333333333333333,827.965,765.0,62.965,0.08333333333333333,LOW-N
f63d8f293af3a6454377546bd9dd19ff,3.0,1.3333333333333333,0.8888888888888888,0.4444444444444444,99.33777777777779,81.33222222222223,18.005555555555553,0.4444444444444444,LOW-N
f650a9708fa1bab22bdd8d3a818cc415,2.0,1.0,1.0,1.0,126.51,111.27000000000001,15.24,0.0,LOW-N
f664f98bfda2eaf266a23ff144e7a872,1.0,1.0,1.0,1.0,119.03,119.0,0.03,0.0,LOW-N
f67efa3f0b6761102a7f8c6b7b571f5d,11.0,4.181818181818182,0.18181818181818182,0.09090909090909091,199.33818181818185,163.80818181818182,35.53,0.0,LOW-N
f680f85bee2d253556ac91be391d2c82,22.0,4.12,0.2,0.12,132.65480000000002,113.58679999999998,19.067999999999998,0.0,LOW-N
f682e0f848abafc6f41e0d4e868c66ef,1.0,3.0,0.0,1.0,115.57,99.99,15.58,1.0,LOW-N
f7315bb81aea4ddca2d39e249a801c98,1.0,4.0,0.0,0.0,211.87,189.9,21.97,0.0,LOW-N
f7496d659ca9fdaf323c0aae84176632,4.0,4.0,0.25,0.0,336.35999999999996,289.9,46.459999999999994,0.0,LOW-N
f76a3b1349b6df1ee875d1f3fa4340f0,11.0,3.272727272727273,0.2727272727272727,0.36363636363636365,199.39181818181817,176.3181818181818,23.073636363636368,0.5454545454545454,LOW-N
f7720c4fa8e3aba4546301ab80ea1f1b,31.0,4.083333333333333,0.1111111111111111,0.1111111111111111,44.43500000000001,26.85972222222222,17.575277777777774,0.05555555555555555,HIGH
f783a638e9c6af4a7d0dbfde811e7a81,4.0,3.75,0.25,0.5,208.49250000000004,178.95,29.5425,0.25,LOW-N
f789d2c4f2c2eb38fc4373e7a4b35264,22.0,3.6153846153846154,0.2692307692307692,0.19230769230769232,108.09923076923077,90.37115384615383,17.72807692307692,0.07692307692307693,LOW-N
f7ba60f8c3f99e7ee4042fdef03b70c4,64.0,3.842857142857143,0.2,0.2,319.6405714285715,301.1714285714286,18.469142857142856,0.2,HIGH
f7ccf836d21b2fb1de37564105216cc1,29.0,3.466666666666667,0.3,0.3333333333333333,52.88633333333334,37.97666666666667,14.909666666666668,0.1,LOW-N
f7df46c1e0ec44eed5c6726478da4a17,2.0,1.0,1.0,1.0,149.055,129.9,19.155,0.0,LOW-N
f805b96fa705ba7995a221f1749dc141,4.0,4.5,0.0,0.25,443.60249999999996,404.2475,39.355,0.0,LOW-N
f80edd2c5aaa505cc4b0a3b219abf4b8,49.0,3.759259259259259,0.2222222222222222,0.09259259259259259,98.10129629629631,73.25185185185185,24.849444444444448,0.1111111111111111,HIGH
f8201cab383e484733266d1906e2fdfa,5.0,4.0,0.2,0.2,114.52800000000002,90.9,23.628000000000004,0.2,LOW-N
f84a00e60c73a49e7e851c9bdca3a5bb,35.0,3.186046511627907,0.4418604651162791,0.46511627906976744,71.73255813953489,55.01837209302325,16.714186046511628,0.06976744186046512,HIGH
f84fa566034f5e8e880a07ec624c56af,16.0,3.9444444444444446,0.2222222222222222,0.2777777777777778,57.089999999999996,44.06055555555555,13.029444444444444,0.2222222222222222,LOW-N
f88adb15807168d3c43d71021090ce4a,1.0,2.0,1.0,0.0,169.05,149.9,19.15,0.0,LOW-N
f8d5c7085db9a4ad2b8c1ffbeb2798c8,1.0,5.0,0.0,0.0,47.79,31.0,16.79,0.0,LOW-N
f8db351d8c4c4c22c6835c19a46f01b0,267.0,3.961937716262976,0.18339100346020762,0.22837370242214533,98.86442906574395,79.10069204152249,19.763737024221452,0.07958477508650519,HIGH
f918546be4bec7104d117789ba758b2b,8.0,3.3333333333333335,0.3333333333333333,0.3333333333333333,77.00222222222222,63.22222222222222,13.780000000000001,0.2222222222222222,LOW-N
f9244d45189d3a3605499abddeade7d5,11.0,4.181818181818182,0.09090909090909091,0.09090909090909091,991.06,947.42,43.64,0.0,LOW-N
f92d8c817434bd2d84d4e9c61322b7fa,2.0,4.0,0.0,0.0,43.17,33.9,9.27,0.0,LOW-N
f97e2b0650c2068227e1d366140eb62f,7.0,2.4,0.6,0.5,181.757,137.0,44.757000000000005,0.0,LOW-N
f9903dd0f812c7e771fcad47b6fff231,3.0,1.2,1.0,0.6,111.59200000000001,91.99000000000001,19.602,0.0,LOW-N
f9d010e39375d9c91dce3f40b73a2f84,3.0,2.5,0.5,0.0,250.42749999999998,220.75,29.6775,0.5,LOW-N
f9ec7093df3a7b346b7bcf7864069ca3,2.0,4.0,0.0,0.0,98.64,84.45,14.19,0.0,LOW-N
f9eda05b67bef472deaddbba84aca289,1.0,1.0,1.0,0.0,236.79,185.0,51.79,0.0,LOW-N
fa14641f57b655e933124a9ea49cd7a5,1.0,5.0,0.0,0.0,53.71,44.99,8.72,0.0,LOW-N
fa18c782a4866d313cadab567097f8f1,1.0,1.0,1.0,1.0,78.64,58.99,19.65,0.0,LOW-N
fa1a9dec3a9940c072684a46728bf1fc,23.0,3.740740740740741,0.2222222222222222,0.3333333333333333,133.92000000000002,114.49259259259262,19.427407407407404,0.0,LOW-N
fa1c13f2614d7b5c4749cbc52fecda94,263.0,4.098859315589354,0.17870722433460076,0.1482889733840304,342.71178707224334,324.9784030418251,17.73338403041825,0.13688212927756654,HIGH
fa3a0b5aabb344b9a92e3524b0202123,5.0,3.8,0.2,0.0,300.35,278.2,22.150000000000002,0.2,LOW-N
fa40cc5b934574b62717c68f3d678b6d,110.0,4.193548387096774,0.1532258064516129,0.20967741935483872,59.939596774193554,46.879354838709666,13.06024193548387,0.08870967741935484,HIGH
fa5fdc4e4bb6bd1009ad0e4ac4096562,1.0,5.0,0.0,0.0,194.85000000000002,161.99,32.86,0.0,LOW-N
fa74b2f3287d296e9fbd2cc80f2d1cf1,6.0,1.5,0.8333333333333334,0.6666666666666666,246.3016666666667,228.4,17.901666666666667,0.16666666666666666,LOW-N
fa7ad8ae9bcb2c4493fdf38e96b1d74f,1.0,1.0,1.0,1.0,55.85,44.0,11.85,0.0,LOW-N
fac1a9017ade7bdc94058fc1c969f355,1.0,3.0,0.0,1.0,122.31,99.9,22.41,0.0,LOW-N
fac35d150712afb921ec59ac5f39bb11,1.0,4.0,0.0,0.0,137.32,120.0,17.32,0.0,LOW-N
fad44952713764836814be105382aee5,9.0,4.333333333333333,0.1111111111111111,0.2222222222222222,182.10888888888886,165.44444444444446,16.66444444444444,0.0,LOW-N
fadb07c842a2aef5d5a676b85f220e71,2.0,4.0,0.0,0.0,131.935,97.49,34.445,0.0,LOW-N
fb3cfbc8a86f5d7fbb4d36b8df63f60d,3.0,1.75,0.75,0.0,80.29625,68.85,11.44625,0.0,LOW-N
fb8904a8ea99f8831b64ce27db2c1765,1.0,5.0,0.0,0.0,151.18,139.0,12.18,1.0,LOW-N
fb89df7f89fd1b8f03fa2acca1ba7364,8.0,3.0,0.5,0.4,112.21600000000001,92.2,20.016000000000002,0.2,LOW-N
fbc14c0cf93505ef89f64665ffa4a7b5,6.0,4.166666666666667,0.16666666666666666,0.0,1090.5383333333332,1058.1566666666665,32.38166666666667,0.0,LOW-N
fc38b5dceee1a730fad8853453437fbd,2.0,4.5,0.0,0.0,45.754999999999995,32.15,13.605,0.0,LOW-N
fc59392d66ef99377e50356ee4f3b4e1,3.0,2.6666666666666665,0.6666666666666666,0.3333333333333333,155.58666666666667,134.99666666666667,20.59,0.0,LOW-N
fc5a0d7a310a7a41abf86a458585ff2b,1.0,4.0,0.0,0.0,136.97,117.9,19.07,0.0,LOW-N
fc6295add6f51a0936407ead70c1001d,1.0,1.0,1.0,1.0,57.629999999999995,40.0,17.63,0.0,LOW-N
fc906263ca5083d09dce42fe02247800,46.0,4.122448979591836,0.1836734693877551,0.14285714285714285,52.63734693877551,37.02448979591837,15.612857142857145,0.0,HIGH
fc908879b9ca1bd65419e54e50432d38,1.0,5.0,0.0,0.0,44.19,30.4,13.79,0.0,LOW-N
fcb5ace8bcc92f75707dc0f01a27d269,27.0,3.5277777777777777,0.25,0.16666666666666666,124.51944444444445,112.04916666666668,12.470277777777778,0.027777777777777776,LOW-N
fcba71d4d5db057f43249145e4eb1e27,2.0,4.5,0.0,0.0,188.265,169.825,18.44,0.0,LOW-N
fcdd820084f17e9982427971e4e9d47f,6.0,2.1875,0.5625,0.4375,226.31,189.375,36.935,0.0625,LOW-N
fcf16b7a8697e559f0123190bb30177d,1.0,1.0,1.0,1.0,236.16,150.4,85.76,1.0,LOW-N
fd386aa7bed2af3c7035c65506c9b4a3,25.0,3.7037037037037037,0.2962962962962963,0.14814814814814814,39.41740740740741,26.744074074074067,12.673333333333336,0.18518518518518517,LOW-N
fd435faa3c0422b60440ea3480d0e77c,1.0,5.0,0.0,0.0,882.87,749.0,133.87,0.0,LOW-N
fdaaf5bfda82b7b80535610c831b8d09,5.0,3.4,0.4,0.3,187.619,170.43,17.189,0.3,LOW-N
fdb9095204a334cd8872252ffec6f2db,17.0,3.8333333333333335,0.25,0.08333333333333333,137.76874999999998,123.54166666666667,14.227083333333333,0.08333333333333333,LOW-N
fde0cc9ea29c8ccfc0a2c22256a58c71,11.0,3.727272727272727,0.2727272727272727,0.2727272727272727,137.50909090909087,108.81818181818181,28.690909090909088,0.09090909090909091,LOW-N
fdf736c18c589ed030e058312203e1b2,1.0,5.0,0.0,0.0,44.51,30.0,14.51,0.0,LOW-N
fe19dce63ae80346207c6c55713d1023,1.0,5.0,0.0,0.0,71.72,49.9,21.82,0.0,LOW-N
fe1b067411b8c5066e962aa146ccee03,4.0,4.75,0.0,0.5,137.3175,118.955,18.3625,0.0,LOW-N
fe1bbc5feda5c8979a8a1b3b2512d5a6,2.0,3.6666666666666665,0.0,0.6666666666666666,84.36999999999999,69.99,14.38,0.0,LOW-N
fe2032dab1a61af8794248c8196565c9,126.0,4.2846153846153845,0.15384615384615385,0.16923076923076924,233.76999999999998,218.73953846153847,15.03046153846154,0.11538461538461539,HIGH
fe26f3ecb51a15e6d8335cd92da42562,4.0,4.0,0.0,0.0,495.22,457.495,37.725,0.0,LOW-N
fe49ee029e61e789a1f3a5525f57ba8d,6.0,3.5,0.3333333333333333,0.3333333333333333,184.6016666666666,170.61499999999998,13.986666666666666,0.16666666666666666,LOW-N
fe4cd9461203cee790d36792420b310f,3.0,4.0,0.0,0.0,148.51,130.38333333333333,18.126666666666665,0.0,LOW-N
fe701d88b67eaca109dffd464d1be9f9,5.0,4.0,0.2,0.2,157.46800000000002,135.9,21.568,0.0,LOW-N
fe8055980a4ff7f64ed889c2b5926929,1.0,4.0,0.0,0.0,108.63000000000001,89.9,18.73,0.0,LOW-N
fe87f472055fbcf1d7e691c00b1560dc,3.0,4.333333333333333,0.0,0.3333333333333333,164.88000000000002,142.9333333333333,21.94666666666667,0.3333333333333333,LOW-N
febab0275244b9a49a623f0bd613ca2f,50.0,3.923076923076923,0.26153846153846155,0.1076923076923077,82.678,57.29076923076923,25.38723076923077,0.03076923076923077,HIGH
fec6275253471ace26d209bbaa64cd0f,2.0,5.0,0.0,0.0,318.31,284.0,34.31,0.0,LOW-N
fec6912baad85d41729669edd6b4d3b8,1.0,1.0,1.0,1.0,261.97,210.0,51.97,0.0,LOW-N
fedf2c1386e137f296b3bbf3b635e69d,1.0,2.0,1.0,1.0,51.6,35.28,16.32,0.0,LOW-N
ff063b022a9a0aab91bad2c9088760b7,36.0,4.324324324324325,0.13513513513513514,0.08108108108108109,110.71918918918918,92.36486486486487,18.354324324324327,0.02702702702702703,HIGH
ff1e15b778c700abdd4d239b81ac466d,4.0,4.5,0.0,0.0,75.98250000000002,59.9,16.082500000000003,0.0,LOW-N
ff1fb4c404b2efe68b03350a8dc24122,17.0,3.411764705882353,0.35294117647058826,0.23529411764705882,165.6135294117647,143.8235294117647,21.79,0.23529411764705882,LOW-N
ff4e2d38692ce827b1a4f4b8196e680d,2.0,3.5,0.5,0.5,46.355000000000004,35.0,11.355,0.0,LOW-N
ff4ea69c2a729e83e63c7579e4ef8170,6.0,4.333333333333333,0.16666666666666666,0.16666666666666666,754.7783333333333,736.6666666666666,18.111666666666668,0.0,LOW-N
ff69aa92bb6b1bf9b8b7a51c2ed9cf8b,13.0,3.230769230769231,0.46153846153846156,0.38461538461538464,1203.907692307692,1096.376923076923,107.53076923076922,0.38461538461538464,LOW-N
ff82e8873fba613f2261a9acc896fd84,1.0,2.0,1.0,1.0,32.379999999999995,19.9,12.48,0.0,LOW-N
ffa6adafb71b807dc13159e26431354c,7.0,3.4285714285714284,0.2857142857142857,0.2857142857142857,174.37285714285716,148.42857142857142,25.944285714285712,0.0,LOW-N
ffad1e7127fb622cb64a900751590acd,5.0,5.0,0.0,0.16666666666666666,98.33999999999999,84.16666666666667,14.173333333333332,0.0,LOW-N
ffc470761de7d0232558ba5e786e57b7,11.0,3.923076923076923,0.15384615384615385,0.15384615384615385,75.65461538461537,61.64307692307692,14.011538461538457,0.15384615384615385,LOW-N
ffcfefa19b08742c5d315f2791395ee5,1.0,1.0,1.0,1.0,79.52000000000001,69.9,9.62,0.0,LOW-N
ffdd9f82b9a447f6f8d4b91554cc7dd3,9.0,4.0,0.2727272727272727,0.09090909090909091,173.88090909090906,128.97272727272727,44.908181818181816,0.0,LOW-N
ffeee66ac5d5a62fe688b9d26f83f534,8.0,3.875,0.25,0.25,162.49375,137.49,25.003750000000004,0.25,LOW-N
fffd5413c0700ac820c7069d66d98c89,28.0,3.1785714285714284,0.39285714285714285,0.39285714285714285,204.04357142857143,155.3607142857143,48.68285714285714,0.14285714285714285,LOW-N
ffff564a4f9085cd26170f4732393726,13.0,1.9230769230769231,0.6923076923076923,0.6153846153846154,98.28615384615385,81.00384615384615,17.282307692307693,0.0,LOW-N
